<?xml version="1.0" encoding="utf-8"?>
<ShipmentUpdate>
	<OrderShipment>
		<VendorInfo>
			<VendorNumber>MYWH</VendorNumber>
			<VendorName>LF Logistics Services (M) Sdn Bhd</VendorName>
			<Address1>Lot 6, Persiaran Budiman</Address1>
			<City>Shah Alam</City>
			<PostalCode>40300</PostalCode>
			<CountryCode>MY</CountryCode>
			<Country>Malaysia</Country>
		</VendorInfo>
		<OrderNumber>aMY00059549</OrderNumber>
		<HostOrderNumber>aMY00059549</HostOrderNumber>
		<OrderType>DropShip</OrderType>
		<Company>NULL</Company>
		<Division>NULL</Division>
		<ShipAllProducts>Yes</ShipAllProducts>
		<EntryOperator>AMY-00119232</EntryOperator>
		<GroupNumber>1</GroupNumber>
		<ShipmentInfo>
			<TrackingNumber>8213515531</TrackingNumber>
			<Freight>0</Freight>
			<Weight>-1</Weight>
			<ShipmentDate>20160211</ShipmentDate>
			<ShipmentTime>091944</ShipmentTime>
			<ShipmentMethod>STANDARD</ShipmentMethod>
			<DestinationPostalCode>55100</DestinationPostalCode>
		</ShipmentInfo>
		<InvoiceInfo>
			<InvoiceTotal>0.000000</InvoiceTotal>
			<ProductTotal>0.000000</ProductTotal>
			<Terms>2016-02-10 17:33:00</Terms>
			<TermsDays>0</TermsDays>
			<TermsPercent>0</TermsPercent>
			<FreightAmount>0</FreightAmount>
			<HandlingFee>0</HandlingFee>
			<TaxAmount>0</TaxAmount>
			<DutyAmount>0</DutyAmount>
			<OtherCost>0</OtherCost>
		</InvoiceInfo>
		<ProductInfo>
			<LineNumber>1</LineNumber>
			<SKU>4055016439098</SKU>
			<VendorSKU>B36081580</VendorSKU>
			<ExternalID>0</ExternalID>
			<UPCCode>04055016439098</UPCCode>
			<OrderedQuantity>1.000000</OrderedQuantity>
			<ShippedQuantity>1.000000</ShippedQuantity>
			<Factor>0</Factor>
			<InvoicedQuantity>0</InvoicedQuantity>
			<ExtendedCost>0.000000</ExtendedCost>
			<UnitCost>0.000000</UnitCost>
			<StandardFreight>0</StandardFreight>
		</ProductInfo>
		<UniqueReference>aMY00059549-1</UniqueReference>
		<ShipmentType>Transit|Assignment|Shipment</ShipmentType>
	</OrderShipment>
</ShipmentUpdate>