<?xml version="1.0" encoding="utf-8"?>
<ivc_export>
	<ivc_master>
		<OrderNumber>UQO-UQ00112861</OrderNumber>
		<DisplayOrderNumber>UQ00112861</DisplayOrderNumber>
		<ClientCode>UQO</ClientCode>
		<WarehouseID>QSAUSF</WarehouseID>
		<LoadID>UQO-UQ00112861</LoadID>
		<CustomerPONumber>200125415</CustomerPONumber>
		<StoreOrderNumber/>
		<ShipToCustCode/>
		<PartialShipmentFlag>N</PartialShipmentFlag>
		<CancelOrderFlag>N</CancelOrderFlag>
		<Status />
		<SplitStatus />
		<UserID />
		<Process>SHIPCONFIRM</Process>
		<ShipDate>Oct 27 2015  9:50AM</ShipDate>
		<ProNumber>HJAHJSH123JHASHAH </ProNumber>
		<SealNumber />
		<CarrierName>EPARCEL</CarrierName>
		<TrackingURL>http://www.auspost.com.au/track/track.html?id=XP93144758</TrackingURL>
		<ivc_ship_details>
			<ivc_ship_detail>
				<ShipRefNumber />
				<TrackingNumber>99700160XP9314475801</TrackingNumber>
				<ManifestNumber />
				<ConsignmentNumber />
				<Account />
				<CarrierCode />
				<CarrierSCAC />
				<TotalPrice />
				<InsurancePrice />
			</ivc_ship_detail>
		</ivc_ship_details>
		<ivc_master_comments>
			<ivc_master_comment>
				<HeaderFooter>H</HeaderFooter>
				<CommentType>Address</CommentType>
				<CommentSequence>9002</CommentSequence>
				<DateEntered>Oct 25 2015  1:34PM</DateEntered>
				<CommentText>Belinda De Palo</CommentText>
			</ivc_master_comment>
			<ivc_master_comment>
				<HeaderFooter>H</HeaderFooter>
				<CommentType>Address</CommentType>
				<CommentSequence>9005</CommentSequence>
				<DateEntered>Oct 25 2015  1:34PM</DateEntered>
				<CommentText>4 Willowleaf Cl</CommentText>
			</ivc_master_comment>
			<ivc_master_comment>
				<HeaderFooter>H</HeaderFooter>
				<CommentType>Address</CommentType>
				<CommentSequence>9009</CommentSequence>
				<DateEntered>Oct 25 2015  1:34PM</DateEntered>
				<CommentText>Glenwood</CommentText>
			</ivc_master_comment>
			<ivc_master_comment>
				<HeaderFooter>H</HeaderFooter>
				<CommentType>Address</CommentType>
				<CommentSequence>9029</CommentSequence>
				<DateEntered>Oct 25 2015  1:34PM</DateEntered>
				<CommentText>Glenwood</CommentText>
			</ivc_master_comment>
			<ivc_master_comment>
				<HeaderFooter>H</HeaderFooter>
				<CommentType>Address</CommentType>
				<CommentSequence>9015</CommentSequence>
				<DateEntered>Oct 25 2015  1:34PM</DateEntered>
				<CommentText>4 Willowleaf Cl</CommentText>
			</ivc_master_comment>
			<ivc_master_comment>
				<HeaderFooter>H</HeaderFooter>
				<CommentType>Address</CommentType>
				<CommentSequence>9014</CommentSequence>
				<DateEntered>Oct 25 2015  1:34PM</DateEntered>
				<CommentText>NSW</CommentText>
			</ivc_master_comment>
			<ivc_master_comment>
				<HeaderFooter>H</HeaderFooter>
				<CommentType>Address</CommentType>
				<CommentSequence>9004</CommentSequence>
				<DateEntered>Oct 25 2015  1:34PM</DateEntered>
				<CommentText>NSW</CommentText>
			</ivc_master_comment>
			<ivc_master_comment>
				<HeaderFooter>H</HeaderFooter>
				<CommentType>F</CommentType>
				<CommentSequence>1</CommentSequence>
				<DateEntered>Oct 25 2015  1:34PM</DateEntered>
				<CommentText>8.00</CommentText>
			</ivc_master_comment>
			<ivc_master_comment>
				<HeaderFooter>H</HeaderFooter>
				<CommentType>R</CommentType>
				<CommentSequence>2</CommentSequence>
				<DateEntered>Oct 25 2015  1:34PM</DateEntered>
				<CommentText>AUD</CommentText>
			</ivc_master_comment>
		</ivc_master_comments>
		<ivc_details>
			<ivc_detail>
				<LineNumber>1</LineNumber>
				<ItemNumber>UQO-2000069999817</ItemNumber>
				<DisplayItemNumber>2000069999817</DisplayItemNumber>
				<LotNumber/>
				<TotalQuantity>1</TotalQuantity>
				<QuantityPicked>1</QuantityPicked>
				<QuantityShipped>1</QuantityShipped>
				<HUID/>
				<Tracking/>
				<UOM>EA</UOM>
				<Attribute1/>
				<Attribute2/>
				<Attribute3/>
				<Attribute4/>
				<Attribute5/>
				<Attribute6/>
				<Attribute7/>
				<Attribute8/>
				<Attribute9/>
				<Attribute10/>
				<Attribute11/>
				<ivc_serial_details>
					<SerialNumber />
				</ivc_serial_details>
				<ivc_detail_comments>
					<ivc_detail_comment>
						<CommentType>R Discounted Price Curr</CommentType>
						<CommentSequence>2</CommentSequence>
						<DateEntered>Oct 25 2015  1:34PM</DateEntered>
						<CommentText>AUD</CommentText>
					</ivc_detail_comment>
					<ivc_detail_comment>
						<CommentType>P Discounted Price</CommentType>
						<CommentSequence>1</CommentSequence>
						<DateEntered>Oct 25 2015  1:34PM</DateEntered>
						<CommentText>14.9</CommentText>
					</ivc_detail_comment>
				</ivc_detail_comments>
			</ivc_detail>
		</ivc_details>
	</ivc_master>
</ivc_export>