<?xml version="1.0" encoding="UTF-8"?>
<DeliveryOrder>
    <TransactionType>NEW</TransactionType>
    <OrderHeader>
        <OrderID>CAU-00016973</OrderID>
        <AlternateOrderID>4925401</AlternateOrderID>
        <MerchantID>ACL</MerchantID>
        <WarehouseID>QSAUSF</WarehouseID>
        <OrderType>Sales Orders</OrderType>
        <PartialOrder>N</PartialOrder>
        <PreOrder>N</PreOrder>
        <BackOrder>N</BackOrder>
        <VIPOrder>N</VIPOrder>
        <DisplayableOrderID>4925401</DisplayableOrderID>
        <DisplayableOrderDate>12/04/2018 08:14:27</DisplayableOrderDate>
    </OrderHeader>
    <OrderDetail>
        <ShippingInformation>
            <ShipToAddress>
                <Name>Amanda Coleman</Name>
                <AddressLine1>Trimex/Clarins</AddressLine1>
                <AddressLine2>5 Crewe Place</AddressLine2>
                <AddressLine3></AddressLine3>
                <City>Rosebery</City>
                <State>NSW</State>
                <PostalCode>2018</PostalCode>
                <CountryName>Australia</CountryName>
                <CountryCode>AU</CountryCode>
                <ContactNo>+611421094591</ContactNo>
                <Email>amanda.coleman@clarins.com</Email>
                <ShipToAttention />
            </ShipToAddress>
            <Carrier>EZYPARCELS2</Carrier>
            <ShippingMethod>QSDDP1</ShippingMethod>
            <PickupTime />
            <NonDeliveryInstructions />
            <EarliestShipDate>12/04/2018 08:14:27</EarliestShipDate>
            <LatestShipDate />
            <BOLNumber />
            <MasterBOLNumber />
            <Comments>
                <Comment>
                    <CommentSequence>1</CommentSequence>
                    <CommentType>P Total Price</CommentType>
                    <CommentValue>235.00</CommentValue>
                </Comment>
                <Comment>
                    <CommentSequence>2</CommentSequence>
                    <CommentType>Shipping Fee</CommentType>
                    <CommentValue>0.00</CommentValue>
                </Comment>
                <Comment>
                    <CommentSequence>3</CommentSequence>
                    <CommentType>GST Rate</CommentType>
                    <CommentValue>10%</CommentValue>
                </Comment>
            </Comments>
        </ShippingInformation>
        <BillingInformation>
            <BillToAddress>
                <Name>Amanda Coleman</Name>
                <AddressLine1>5 Crewe Place</AddressLine1>
                <AddressLine2></AddressLine2>
                <AddressLine3></AddressLine3>
                <City>Rosebery</City>
                <State>NSW</State>
                <PostalCode>2018</PostalCode>
                <CountryName>Australia</CountryName>
                <CountryCode>AU</CountryCode>
                <ContactNo>+611421094591</ContactNo>
                <Email />
            </BillToAddress>
            <FreightCost>235.00</FreightCost>
            <PromoCode />
            <DiscountAmount>0.00</DiscountAmount>
            <TaxAmount>12.27</TaxAmount>
            <Currency>AUD</Currency>
        </BillingInformation>
        <Customs>
            <ShipmentCategory>Game</ShipmentCategory>
            <EnhancedLiabilityInsurance>N</EnhancedLiabilityInsurance>
            <InsuranceAmount />
            <CODFlag>N</CODFlag>
            <CODAmount />
            <CODOption>N</CODOption>
            <Currency>AUD</Currency>
        </Customs>
        <ValueAddedService>
            <GiftWrap>N</GiftWrap>
            <BubbleWrap>N</BubbleWrap>
            <PaperStuffing>Y</PaperStuffing>
            <SecuritySeal>N</SecuritySeal>
            <GiftMessage></GiftMessage>
        </ValueAddedService>
        <ItemDetail>
            <ItemLine>
                <LineNumber>1</LineNumber>
                <SKU>3380810149678</SKU>
                <ProductName>Double Serum</ProductName>
                <Quantity>1</Quantity>
                <InventoryStatus>OK</InventoryStatus>
                <UnitUOM>EA</UnitUOM>
                <ItemBillingInformation>
                    <RetailPrice>135.00</RetailPrice>
                    <CostPrice>135.00</CostPrice>
                    <PromoCode />
                    <DiscountAmount />
                    <TaxAmount />
                    <Currency>AUD</Currency>
                </ItemBillingInformation>
            </ItemLine>
            <ItemLine>
                <LineNumber>2</LineNumber>
                <SKU>3380810194999</SKU>
                <ProductName>Extra-Firming Day SPF 15 All Skin Types Sample 5ml</ProductName>
                <Quantity>1</Quantity>
                <InventoryStatus>OK</InventoryStatus>
                <UnitUOM>EA</UnitUOM>
                <ItemBillingInformation>
                    <RetailPrice>0.00</RetailPrice>
                    <CostPrice>0.00</CostPrice>
                    <PromoCode />
                    <DiscountAmount />
                    <TaxAmount />
                    <Currency>AUD</Currency>
                </ItemBillingInformation>
            </ItemLine>
            <ItemLine>
                <LineNumber>3</LineNumber>
                <SKU>3380810111385</SKU>
                <ProductName>Hydra-Essentiel Cream Sample 5ml</ProductName>
                <Quantity>1</Quantity>
                <InventoryStatus>OK</InventoryStatus>
                <UnitUOM>EA</UnitUOM>
                <ItemBillingInformation>
                    <RetailPrice>0.00</RetailPrice>
                    <CostPrice>0.00</CostPrice>
                    <PromoCode />
                    <DiscountAmount />
                    <TaxAmount />
                    <Currency>AUD</Currency>
                </ItemBillingInformation>
            </ItemLine>
            <ItemLine>
                <LineNumber>4</LineNumber>
                <SKU>3380810006728</SKU>
                <ProductName>Mission Perfection Serum Sample 3mL</ProductName>
                <Quantity>1</Quantity>
                <InventoryStatus>OK</InventoryStatus>
                <UnitUOM>EA</UnitUOM>
                <ItemBillingInformation>
                    <RetailPrice>0.00</RetailPrice>
                    <CostPrice>0.00</CostPrice>
                    <PromoCode />
                    <DiscountAmount />
                    <TaxAmount />
                    <Currency>AUD</Currency>
                </ItemBillingInformation>
            </ItemLine>
            <ItemLine>
                <LineNumber>5</LineNumber>
                <SKU>1111111111111</SKU>
                <ProductName>eCG</ProductName>
                <Quantity>1</Quantity>
                <InventoryStatus>OK</InventoryStatus>
                <UnitUOM>EA</UnitUOM>
                <ItemBillingInformation>
                    <RetailPrice>100.00</RetailPrice>
                    <CostPrice>100.00</CostPrice>
                    <PromoCode />
                    <DiscountAmount />
                    <TaxAmount />
                    <Currency>AUD</Currency>
                </ItemBillingInformation>
            </ItemLine>
        </ItemDetail>
    </OrderDetail>
</DeliveryOrder>