[{
        "barCode": "700053803763",
        "cashierStaffCode": "ECOMM",
        "discountedAmount": "0.0",
        "ecomPromotionId": "",
        "fullName": "Alvin Tan",
        "invitationType": "0",
        "itemNumber": "1",
        "markdownAmount": "0.0",
        "originalPrice": "89.0",
        "originalSalesOrderNumber": "VANSSG100000115102",
        "posDeviceNumber": "00",
        "promotionId": "",
        "remark": "",
        "returnReasonCode": "",
        "salesDeliveryDate": "20200724",
        "salesDeliveryDateTime": "051034",
        "salesDocumentNumber": "VANSSG100000115102",
        "salesPriceWithTax": "89.0",
        "salesman": "",
        "soldAmount": "89.0",
        "soldQuantity": "1",
        "storeCode": "006092",
        "telephone": "98397909",
        "tender": "VI",
        "varianceArticleNumber": "VN000D3HY28105500M",
        "vipConsumerCode": "",
        "vipCustomerBonus": "0",
        "vipDiscount": "0"
    }, {
        "barCode": "192363877433",
        "cashierStaffCode": "ECOMM",
        "discountedAmount": "0.0",
        "ecomPromotionId": "",
        "fullName": "Alvin Tan",
        "invitationType": "0",
        "itemNumber": "2",
        "markdownAmount": "0.0",
        "originalPrice": "10",
        "originalSalesOrderNumber": "VANSSG100000115102",
        "posDeviceNumber": "00",
        "promotionId": "",
        "remark": "",
        "returnReasonCode": "",
        "salesDeliveryDate": "20200724",
        "salesDeliveryDateTime": "051034",
        "salesDocumentNumber": "VANSSG100000115102",
        "salesPriceWithTax": "10",
        "salesman": "",
        "soldAmount": "10",
        "soldQuantity": "1",
        "storeCode": "006092",
        "telephone": "98397909",
        "tender": "VI",
        "varianceArticleNumber": "VN0A5EE9NOA10OS",
        "vipConsumerCode": "",
        "vipCustomerBonus": "0",
        "vipDiscount": "0"
    }]