<?xml version="1.0"?>
<cXML xml:lang="en-US" payloadID="TSG-00000632" timestamp="2015-10-14T11:15:59+00:00" version="1.2.024">
  <Header>
    <From>
      <Credential domain="SupplizerNetworkId">
        <Identity>02</Identity>
      </Credential>
    </From>
    <To>
      <Credential domain="SupplizerNetworkId">
        <Identity>01</Identity>
      </Credential>
    </To>
    <Sender>
      <Credential domain="SupplizerNetworkId">
        <Identity>03</Identity>
        <SharedSecret>prettyboyfloyd</SharedSecret>
      </Credential>
      <UserAgent>Supplizer 1.0</UserAgent>
    </Sender>
  </Header>
  <Request deploymentMode="Production">
    <ShipNoticeRequest>
      <ShipNoticeHeader shipmentID="TSG-00000632" noticeDate="2015-10-14T11:15:59+00:00" shipmentDate="2015-10-14T11:15:59+00:00" deliveryDate="2015-10-14T11:15:59+00:00" operation="new" shipmentType="actual">
        <ServiceLevel xml:lang="en-US">standard</ServiceLevel>
      </ShipNoticeHeader>
      <ShipControl>
        <CarrierIdentifier domain="SCAC">SING</CarrierIdentifier>
        <CarrierIdentifier domain="companyName">EZYPARCELS</CarrierIdentifier>
        <ShipmentIdentifier>TSG-00000632</ShipmentIdentifier>
        <Extrinsic name="trackUrl">http://www.EZYPARCELS.com/TSG-00000632</Extrinsic>
      </ShipControl>
      <ShipNoticePortion>
        <OrderReference orderID="TSG-00000632">
          <DocumentReference payloadID="TSG-00000632"/>
        </OrderReference>
      </ShipNoticePortion>
    </ShipNoticeRequest>
  </Request>
</cXML>
