<?xml version="1.0" encoding="utf-8"?>
<ivc_export>
	<ivc_master>
		<OrderNumber>UQS-SU00196702</OrderNumber>
		<DisplayOrderNumber>UQ00154225</DisplayOrderNumber>
		<ClientCode>UQS</ClientCode>
		<WarehouseID>QSSGDF</WarehouseID>
		<LoadID>UQS-SU00196702</LoadID>
		<CustomerPONumber>200225630</CustomerPONumber>
		<StoreOrderNumber/>
		<ShipToCustCode/>
		<PartialShipmentFlag>N</PartialShipmentFlag>
		<CancelOrderFlag>N</CancelOrderFlag>
		<Status />
		<SplitStatus />
		<UserID />
		<Process>SHIPCONFIRM</Process>
		<ShipDate>Aug 28 2017  3:21PM</ShipDate>
		<ProNumber>UN00000250501</ProNumber>
		<SealNumber />
		<ivc_ship_details>
			<ivc_ship_detail>
				<ShipRefNumber />
				<TrackingNumber>UN00000250501</TrackingNumber>
				<ManifestNumber />
				<ConsignmentNumber />
				<Account />
				<CarrierCode />
				<CarrierSCAC />
				<TotalPrice />
				<InsurancePrice />
			</ivc_ship_detail>
		</ivc_ship_details>
		<ivc_master_comments>
			<ivc_master_comment>
				<HeaderFooter>H</HeaderFooter>
				<CommentType>Address</CommentType>
				<CommentSequence>5</CommentSequence>
				<DateEntered>Aug 28 2017  7:38AM</DateEntered>
				<CommentText>Block 108</CommentText>
			</ivc_master_comment>
			<ivc_master_comment>
				<HeaderFooter>H</HeaderFooter>
				<CommentType>Address</CommentType>
				<CommentSequence>4</CommentSequence>
				<DateEntered>Aug 28 2017  7:38AM</DateEntered>
				<CommentText>Block 108</CommentText>
			</ivc_master_comment>
			<ivc_master_comment>
				<HeaderFooter>H</HeaderFooter>
				<CommentType>Address</CommentType>
				<CommentSequence>3</CommentSequence>
				<DateEntered>Aug 28 2017  7:38AM</DateEntered>
				<CommentText>Ang Michelle</CommentText>
			</ivc_master_comment>
			<ivc_master_comment>
				<HeaderFooter>H</HeaderFooter>
				<CommentType>Address</CommentType>
				<CommentSequence>1</CommentSequence>
				<DateEntered>Aug 28 2017  7:38AM</DateEntered>
				<CommentText>#02-112 Jalan Rajah</CommentText>
			</ivc_master_comment>
			<ivc_master_comment>
				<HeaderFooter>H</HeaderFooter>
				<CommentType>Address</CommentType>
				<CommentSequence>2</CommentSequence>
				<DateEntered>Aug 28 2017  7:38AM</DateEntered>
				<CommentText>#02-112 Jalan Rajah</CommentText>
			</ivc_master_comment>
			<ivc_master_comment>
				<HeaderFooter>H</HeaderFooter>
				<CommentType>Address</CommentType>
				<CommentSequence>6</CommentSequence>
				<DateEntered>Aug 28 2017  7:38AM</DateEntered>
				<CommentText>Singapore 320108</CommentText>
			</ivc_master_comment>
			<ivc_master_comment>
				<HeaderFooter>H</HeaderFooter>
				<CommentType>Address</CommentType>
				<CommentSequence>7</CommentSequence>
				<DateEntered>Aug 28 2017  7:38AM</DateEntered>
				<CommentText>Singapore 320108</CommentText>
			</ivc_master_comment>
			<ivc_master_comment>
				<HeaderFooter>H</HeaderFooter>
				<CommentType>R</CommentType>
				<CommentSequence>1</CommentSequence>
				<DateEntered>Aug 28 2017  7:38AM</DateEntered>
				<CommentText>SGD</CommentText>
			</ivc_master_comment>
			<ivc_master_comment>
				<HeaderFooter>H</HeaderFooter>
				<CommentType>F</CommentType>
				<CommentSequence>1</CommentSequence>
				<DateEntered>Aug 28 2017  7:38AM</DateEntered>
				<CommentText>0.00</CommentText>
			</ivc_master_comment>
		</ivc_master_comments>
		<ivc_details>
			<ivc_detail>
				<LineNumber>3</LineNumber>
				<ItemNumber>UQS-2000096935901</ItemNumber>
				<DisplayItemNumber>2000096935901</DisplayItemNumber>
				<LotNumber/>
				<TotalQuantity>1</TotalQuantity>
				<QuantityPicked>1</QuantityPicked>
				<QuantityShipped>1</QuantityShipped>
				<HUID/>
				<Tracking>UN00000250501</Tracking>
				<UOM/>
				<Attribute1/>
				<Attribute2/>
				<Attribute3/>
				<Attribute4/>
				<Attribute5/>
				<Attribute6/>
				<Attribute7/>
				<Attribute8/>
				<Attribute9/>
				<Attribute10/>
				<Attribute11/>
				<ivc_serial_details>
					<SerialNumber />
				</ivc_serial_details>
				<ivc_detail_comments>
					<ivc_detail_comment>
						<CommentType>P Discounted Price</CommentType>
						<CommentSequence>1</CommentSequence>
						<DateEntered>Aug 28 2017  7:38AM</DateEntered>
						<CommentText>19.90</CommentText>
					</ivc_detail_comment>
					<ivc_detail_comment>
						<CommentType>R Discounted Price Curr</CommentType>
						<CommentSequence>1</CommentSequence>
						<DateEntered>Aug 28 2017  7:38AM</DateEntered>
						<CommentText>SGD</CommentText>
					</ivc_detail_comment>
				</ivc_detail_comments>
			</ivc_detail>
			<ivc_detail>
				<LineNumber>2</LineNumber>
				<ItemNumber>UQS-2000100859957</ItemNumber>
				<DisplayItemNumber>2000100859957</DisplayItemNumber>
				<LotNumber/>
				<TotalQuantity>1</TotalQuantity>
				<QuantityPicked>1</QuantityPicked>
				<QuantityShipped>1</QuantityShipped>
				<HUID/>
				<Tracking>UN00000250501</Tracking>
				<UOM/>
				<Attribute1/>
				<Attribute2/>
				<Attribute3/>
				<Attribute4/>
				<Attribute5/>
				<Attribute6/>
				<Attribute7/>
				<Attribute8/>
				<Attribute9/>
				<Attribute10/>
				<Attribute11/>
				<ivc_serial_details>
					<SerialNumber />
				</ivc_serial_details>
				<ivc_detail_comments>
					<ivc_detail_comment>
						<CommentType>R Discounted Price Curr</CommentType>
						<CommentSequence>1</CommentSequence>
						<DateEntered>Aug 28 2017  7:38AM</DateEntered>
						<CommentText>SGD</CommentText>
					</ivc_detail_comment>
					<ivc_detail_comment>
						<CommentType>P Discounted Price</CommentType>
						<CommentSequence>1</CommentSequence>
						<DateEntered>Aug 28 2017  7:38AM</DateEntered>
						<CommentText>29.90</CommentText>
					</ivc_detail_comment>
				</ivc_detail_comments>
			</ivc_detail>
			<ivc_detail>
				<LineNumber>1</LineNumber>
				<ItemNumber>UQS-2000100860014</ItemNumber>
				<DisplayItemNumber>2000100860014</DisplayItemNumber>
				<LotNumber/>
				<TotalQuantity>1</TotalQuantity>
				<QuantityPicked>1</QuantityPicked>
				<QuantityShipped>1</QuantityShipped>
				<HUID/>
				<Tracking>UN00000250501</Tracking>
				<UOM/>
				<Attribute1/>
				<Attribute2/>
				<Attribute3/>
				<Attribute4/>
				<Attribute5/>
				<Attribute6/>
				<Attribute7/>
				<Attribute8/>
				<Attribute9/>
				<Attribute10/>
				<Attribute11/>
				<ivc_serial_details>
					<SerialNumber />
				</ivc_serial_details>
				<ivc_detail_comments>
					<ivc_detail_comment>
						<CommentType>P Discounted Price</CommentType>
						<CommentSequence>1</CommentSequence>
						<DateEntered>Aug 28 2017  7:38AM</DateEntered>
						<CommentText>29.90</CommentText>
					</ivc_detail_comment>
					<ivc_detail_comment>
						<CommentType>R Discounted Price Curr</CommentType>
						<CommentSequence>1</CommentSequence>
						<DateEntered>Aug 28 2017  7:38AM</DateEntered>
						<CommentText>SGD</CommentText>
					</ivc_detail_comment>
				</ivc_detail_comments>
			</ivc_detail>
		</ivc_details>
	</ivc_master>
</ivc_export>