
    {
        "outboundDeliveryType": "Replenishment",
        "sendingStoreCode": "STB009",
        "deliveryNoteNumber": "0081931380",
        "deliveryDate": "2016-05-12",
        "replenishmentFlag": "0",
        "deliveryRemarks": "This is a replenishment",
        "numberOfDeliveryItems": 4,
        "inventoryType": "0",
        "numberOfCartons": 1,
        "receivingStore": {
            "receivingStoreCode": "006091",
            "receivingStoreContactPerson": "Tom Lee",
            "receivingStoreContactPhone": "23451234",
            "receivingStoreAddress": "11 ABC Street, US"
        },
        "deliveryItems": [
            {
                "deliveryLineNumber": 1,
                "sku": "TB0J09669011ODD0OS",
                "upc": "*",
                "quantity": 11,
                "cartonNumber": "1",
                "demandNumber": "'007888-8888888",
                "trackingType": "SF",
                "trackingNumber": "TR1004",
                "po": "PO002",
                "shipmentID": "SH007"
            },
            {
                "deliveryLineNumber": 2,
                "sku": "TB0M3488001100M0OS",
                "upc": "*",
                "quantity": 1,
                "cartonNumber": "1",
                "demandNumber": "'007888-8888888",
                "trackingType": "SF",
                "trackingNumber": "TR1004",
                "po": "PO002",
                "shipmentID": "SH007"
            },
            {
                "deliveryLineNumber": 3,
                "sku": "TB0M3488968100L0OS",
                "upc": "*",
                "quantity": 3,
                "cartonNumber": "1",
                "demandNumber": "'007888-8888888",
                "trackingType": "SF",
                "trackingNumber": "TR1004",
                "po": "PO002",
                "shipmentID": "SH007"
            },
            {
                "deliveryLineNumber": 4,
                "sku": "TB0PC3100001ODD00Z",
                "upc": "*",
                "quantity": 3,
                "cartonNumber": "1",
                "demandNumber": "'007888-8888888",
                "trackingType": "SF",
                "trackingNumber": "TR1004",
                "po": "PO002",
                "shipmentID": "SH007"
            }
        ]
    }
