<order id="143" customerOrderNumber="200040226" date="2016-03-04 11:06:44">
	<customer>
		<emailAddress>poonampal@cybage.com</emailAddress>
		<addresses>
			<address type="BILLING">
				<firstName>Poonam</firstName>
				<lastName>Pal</lastName>
				<address1>test</address1>
				<address2/>
				<city>test</city>
				<state/>
				<postalCode>123456</postalCode>
				<country>SG</country>
				<phone>
					<type>UNKNOWN</type>
					<number>1234567895</number>
				</phone>
			</address>
			<address type="SHIPPING">
				<firstName>Poonam</firstName>
				<lastName>Pal</lastName>
				<address1>test</address1>
				<address2/>
				<city>test</city>
				<state/>
				<postalCode>123456</postalCode>
				<country>SG</country>
				<phone>
					<type>UNKNOWN</type>
					<number>1234567895</number>
				</phone>
			</address>
		</addresses>
		<subscriptions>
			<list id="Master" name="Master">
				<status>SUBSCRIBED</status>
			</list>
		</subscriptions>
	</customer>
	<lines>
		<line id="192">
			<quantity>1.0000</quantity>
			<product id="54589" catalog="SGUQ" type="virtual">
				<virtualItems>
					<virtualItem id="66">
						<quantity>1</quantity>
						<product id="2000051215215" catalog="SGUQ" type="simple"/>
						<sku>2000051215215</sku>
						<description>MEN Regular Fit Straight Jeans|Blue|29inch|</description>
						<price currency="SGD">34.9</price>
					</virtualItem>
				</virtualItems>
				<sku>0863930128</sku>
				<description>MEN Regular Fit Straight Jeans|Blue|29inch|</description>
				<price currency="SGD">34.9</price>
			</product>
		</line>
	</lines>
	<discount type="COUPON">
		<code/>
		<amount currency="SGD">0.0000</amount>
	</discount>
	<lineTotal currency="SGD">34.9000</lineTotal>
	<shipping currency="SGD">6.0000</shipping>
	<total currency="SGD">40.9000</total>
	<payment creditMemo="online">cybersource</payment>
	<extValue type="varchar" name="paymentCardType">VI</extValue>
	<extValue type="varchar" name="paymentCardNumber">0002</extValue>
	<store id="2" code="sg" platform="MAGENTO">
		<name>uniqlo singapore</name>
		<url>http://uniqlosguat.specom.io/sg/store/</url>
	</store>
</order>