<?xml version="1.0" encoding="UTF-8"?>
<orders xmlns="http://www.demandware.com/xml/impex/order/2006-10-31">
    <order order-no="CKKD800161952">
        <order-date>2020-10-28T07:18:23.000Z</order-date>
        <created-by>storefront</created-by>
        <original-order-no>CKKD800161952</original-order-no>
        <currency>KRW</currency>
        <customer-locale>ko_KR</customer-locale>
        <taxation>net</taxation>
        <invoice-no>CKKD00775302</invoice-no>
        <customer>
            <customer-no>02027966</customer-no>
            <customer-name>정원 진</customer-name>
            <customer-email>jinjungwon93@naver.com</customer-email>
            <billing-address>
                <first-name>정원</first-name>
                <last-name>진</last-name>
                <address1>양녕로22바길21</address1>
                <address2>시온빌리지401호</address2>
                <city>동작구</city>
                <postal-code>07038</postal-code>
                <state-code>Seoul</state-code>
                <country-code>KR</country-code>
                <phone>010-3876-4008</phone>
            </billing-address>
        </customer>
        <status>
            <order-status>NEW</order-status>
            <shipping-status>NOT_SHIPPED</shipping-status>
            <confirmation-status>CONFIRMED</confirmation-status>
            <payment-status>PAID</payment-status>
        </status>
        <current-order-no>CKKD800161952</current-order-no>
        <product-lineitems>
            <product-lineitem>
                <net-price>450000</net-price>
                <tax>0</tax>
                <gross-price>450000</gross-price>
                <base-price>75000</base-price>
                <lineitem-text>남성 CK 블랙 실크 니트 힙 브리프</lineitem-text>
                <tax-basis>450000</tax-basis>
                <position>1</position>
                <product-id>011334666329</product-id>
                <product-name>남성 CK 블랙 실크 니트 힙 브리프</product-name>
                <quantity unit="">6.0</quantity>
                <tax-rate>0.0</tax-rate>
                <shipment-id>CKKD00822304</shipment-id>
                <gift>false</gift>
                <custom-attributes>
                    <custom-attribute attribute-id="EAN">011334666329</custom-attribute>
                    <custom-attribute attribute-id="QRErr">0</custom-attribute>
                </custom-attributes>
                <price-adjustments>
                    <price-adjustment>
                        <net-price>-90000</net-price>
                        <tax>0</tax>
                        <gross-price>-90000</gross-price>
                        <base-price>-90000</base-price>
                        <lineitem-text>자사몰 3pc 번들</lineitem-text>
                        <tax-basis>-90000</tax-basis>
                        <promotion-id>2020-10-26_TO_2021-01-31_CKU_3pcs_PROMOTION</promotion-id>
                        <campaign-id>2020-10-26_TO_2021-01-31_CKU_3pcs_PROMOTION</campaign-id>
                    </price-adjustment>
                </price-adjustments>
            </product-lineitem>
            <product-lineitem>
                <net-price>64500</net-price>
                <tax>0</tax>
                <gross-price>64500</gross-price>
                <base-price>64500</base-price>
                <lineitem-text>남성 씨엔와이 팬츠</lineitem-text>
                <tax-basis>64500</tax-basis>
                <position>2</position>
                <product-id>011334440127</product-id>
                <product-name>남성 씨엔와이 팬츠</product-name>
                <quantity unit="">1.0</quantity>
                <tax-rate>0.0</tax-rate>
                <shipment-id>CKKD00822304</shipment-id>
                <gift>false</gift>
                <custom-attributes>
                    <custom-attribute attribute-id="EAN">011334440127</custom-attribute>
                    <custom-attribute attribute-id="QRErr">0</custom-attribute>
                </custom-attributes>
            </product-lineitem>
            <product-lineitem>
                <net-price>74500</net-price>
                <tax>0</tax>
                <gross-price>74500</gross-price>
                <base-price>74500</base-price>
                <lineitem-text>남성 씨엔와이 후디</lineitem-text>
                <tax-basis>74500</tax-basis>
                <position>3</position>
                <product-id>011334440172</product-id>
                <product-name>남성 씨엔와이 후디</product-name>
                <quantity unit="">1.0</quantity>
                <tax-rate>0.0</tax-rate>
                <shipment-id>CKKD00822304</shipment-id>
                <gift>false</gift>
                <custom-attributes>
                    <custom-attribute attribute-id="EAN">011334440172</custom-attribute>
                    <custom-attribute attribute-id="QRErr">0</custom-attribute>
                </custom-attributes>
            </product-lineitem>
        </product-lineitems>
        <shipping-lineitems>
            <shipping-lineitem>
                <net-price>2500</net-price>
                <tax>0</tax>
                <gross-price>2500</gross-price>
                <base-price>2500</base-price>
                <lineitem-text>Shipping</lineitem-text>
                <tax-basis>2500</tax-basis>
                <price-adjustments>
                    <price-adjustment>
                        <net-price>-2500</net-price>
                        <tax>0</tax>
                        <gross-price>-2500</gross-price>
                        <base-price>-2500</base-price>
                        <lineitem-text>KR Free Shipping Over 50000KRW</lineitem-text>
                        <tax-basis>-2500</tax-basis>
                        <promotion-id>KR Free Shipping Over 50000KRW</promotion-id>
                        <campaign-id>KR Shipping Controller</campaign-id>
                    </price-adjustment>
                </price-adjustments>
                <item-id>STANDARD_SHIPPING</item-id>
                <shipment-id>CKKD00822304</shipment-id>
                <tax-rate>0.0</tax-rate>
            </shipping-lineitem>
        </shipping-lineitems>
        <shipments>
            <shipment shipment-id="CKKD00822304">
                <status>
                    <shipping-status>NOT_SHIPPED</shipping-status>
                </status>
                <shipping-method>korea-shipping</shipping-method>
                <shipping-address>
                    <first-name>정원</first-name>
                    <last-name>진</last-name>
                    <address1>양녕로22바길21</address1>
                    <address2>시온빌리지401호</address2>
                    <city>동작구</city>
                    <postal-code>07038</postal-code>
                    <state-code>Seoul</state-code>
                    <country-code>KR</country-code>
                    <phone>010-3876-4008</phone>
                </shipping-address>
                <gift>false</gift>
                <totals>
                    <merchandize-total>
                        <net-price>589000</net-price>
                        <tax>0</tax>
                        <gross-price>589000</gross-price>
                    </merchandize-total>
                    <adjusted-merchandize-total>
                        <net-price>499000</net-price>
                        <tax>0</tax>
                        <gross-price>499000</gross-price>
                    </adjusted-merchandize-total>
                    <shipping-total>
                        <net-price>2500</net-price>
                        <tax>0</tax>
                        <gross-price>2500</gross-price>
                    </shipping-total>
                    <adjusted-shipping-total>
                        <net-price>0</net-price>
                        <tax>0</tax>
                        <gross-price>0</gross-price>
                    </adjusted-shipping-total>
                    <shipment-total>
                        <net-price>499000</net-price>
                        <tax>0</tax>
                        <gross-price>499000</gross-price>
                    </shipment-total>
                </totals>
            </shipment>
        </shipments>
        <totals>
            <merchandize-total>
                <net-price>589000</net-price>
                <tax>0</tax>
                <gross-price>589000</gross-price>
                <price-adjustments>
                    <price-adjustment>
                        <net-price>-49900</net-price>
                        <tax>0</tax>
                        <gross-price>-49900</gross-price>
                        <base-price>-49900</base-price>
                        <lineitem-text>EMAIL10</lineitem-text>
                        <tax-basis>-49900</tax-basis>
                        <promotion-id>EMAIL10</promotion-id>
                        <campaign-id>2019-Email10 + Refer A Friend Campaign</campaign-id>
                        <coupon-id>EMAIL10</coupon-id>
                    </price-adjustment>
                </price-adjustments>
            </merchandize-total>
            <adjusted-merchandize-total>
                <net-price>449100</net-price>
                <tax>0</tax>
                <gross-price>449100</gross-price>
            </adjusted-merchandize-total>
            <shipping-total>
                <net-price>2500</net-price>
                <tax>0</tax>
                <gross-price>2500</gross-price>
            </shipping-total>
            <adjusted-shipping-total>
                <net-price>0</net-price>
                <tax>0</tax>
                <gross-price>0</gross-price>
            </adjusted-shipping-total>
            <order-total>
                <net-price>449100</net-price>
                <tax>0</tax>
                <gross-price>449100</gross-price>
            </order-total>
        </totals>
        <payments>
            <payment>
                <custom-method>
                    <method-name>Adyen</method-name>
                </custom-method>
                <amount>449100</amount>
                <processor-id>Adyen</processor-id>
                <transaction-id>CKKD800161952</transaction-id>
                <custom-attributes>
                    <custom-attribute attribute-id="Adyen_authResult">AUTHORISED</custom-attribute>
                    <custom-attribute attribute-id="Adyen_merchantReference">CKKD800161952</custom-attribute>
                    <custom-attribute attribute-id="Adyen_merchantSig">0vK26NLCtlCNwbH8OC0vBTDsmr/iIcBfiGVLwYVIPos=</custom-attribute>
                    <custom-attribute attribute-id="Adyen_paymentMethod">kcp_creditcard</custom-attribute>
                    <custom-attribute attribute-id="Adyen_pspReference">1536038695058034</custom-attribute>
                    <custom-attribute attribute-id="Adyen_shopperLocale">ko_KR</custom-attribute>
                    <custom-attribute attribute-id="Adyen_skinCode">F1zFMud0</custom-attribute>
                </custom-attributes>
            </payment>
        </payments>
        <custom-attributes>
            <custom-attribute attribute-id="mailSent">true</custom-attribute>
            <custom-attribute attribute-id="siteID">calvinklein-kr</custom-attribute>
        </custom-attributes>
    </order>

    <order order-no="CKKD800161953">
        <order-date>2020-10-28T07:25:29.000Z</order-date>
        <created-by>storefront</created-by>
        <original-order-no>CKKD800161953</original-order-no>
        <currency>KRW</currency>
        <customer-locale>ko_KR</customer-locale>
        <taxation>net</taxation>
        <invoice-no>CKKD00775303</invoice-no>
        <customer>
            <customer-no>02027980</customer-no>
            <customer-name>창환 이</customer-name>
            <customer-email>lch@namhae.ac.kr</customer-email>
            <billing-address>
                <first-name>창환</first-name>
                <last-name>이</last-name>
                <address1>남해대로 2695 2</address1>
                <address2>주황색지붕집 대문없는집</address2>
                <city>남해군</city>
                <postal-code>52429</postal-code>
                <state-code>Gyeongsangnam-do</state-code>
                <country-code>KR</country-code>
                <phone>010-7297-5523</phone>
            </billing-address>
        </customer>
        <status>
            <order-status>NEW</order-status>
            <shipping-status>NOT_SHIPPED</shipping-status>
            <confirmation-status>CONFIRMED</confirmation-status>
            <payment-status>PAID</payment-status>
        </status>
        <current-order-no>CKKD800161953</current-order-no>
        <product-lineitems>
            <product-lineitem>
                <net-price>34300</net-price>
                <tax>0</tax>
                <gross-price>34300</gross-price>
                <base-price>34300</base-price>
                <lineitem-text>남성 CK ONE 마이크로 로우 라이즈 트렁크</lineitem-text>
                <tax-basis>34300</tax-basis>
                <position>1</position>
                <product-id>011334590075</product-id>
                <product-name>남성 CK ONE 마이크로 로우 라이즈 트렁크</product-name>
                <quantity unit="">1.0</quantity>
                <tax-rate>0.0</tax-rate>
                <shipment-id>CKKD00822305</shipment-id>
                <gift>false</gift>
                <custom-attributes>
                    <custom-attribute attribute-id="EAN">011334590075</custom-attribute>
                    <custom-attribute attribute-id="QRErr">0</custom-attribute>
                </custom-attributes>
            </product-lineitem>
            <product-lineitem>
                <net-price>3000</net-price>
                <tax>0</tax>
                <gross-price>3000</gross-price>
                <base-price>3000</base-price>
                <lineitem-text>기프트 박스 서비스</lineitem-text>
                <tax-basis>3000</tax-basis>
                <position>2</position>
                <product-id>9999010026</product-id>
                <product-name>기프트 박스 서비스</product-name>
                <quantity unit="">1.0</quantity>
                <tax-rate>0.0</tax-rate>
                <shipment-id>CKKD00822305</shipment-id>
                <gift>false</gift>
                <custom-attributes>
                    <custom-attribute attribute-id="EAN">9999010026</custom-attribute>
                </custom-attributes>
            </product-lineitem>
        </product-lineitems>
        <shipping-lineitems>
            <shipping-lineitem>
                <net-price>2500</net-price>
                <tax>0</tax>
                <gross-price>2500</gross-price>
                <base-price>2500</base-price>
                <lineitem-text>Shipping</lineitem-text>
                <tax-basis>2500</tax-basis>
                <item-id>STANDARD_SHIPPING</item-id>
                <shipment-id>CKKD00822305</shipment-id>
                <tax-rate>0.0</tax-rate>
            </shipping-lineitem>
        </shipping-lineitems>
        <shipments>
            <shipment shipment-id="CKKD00822305">
                <status>
                    <shipping-status>NOT_SHIPPED</shipping-status>
                </status>
                <shipping-method>korea-shipping</shipping-method>
                <shipping-address>
                    <first-name>창환</first-name>
                    <last-name>이</last-name>
                    <address1>남해대로 2695 2</address1>
                    <address2>주황색지붕집 대문없는집</address2>
                    <city>남해군</city>
                    <postal-code>52429</postal-code>
                    <state-code>Gyeongsangnam-do</state-code>
                    <country-code>KR</country-code>
                    <phone>010-7297-5523</phone>
                </shipping-address>
                <gift>false</gift>
                <totals>
                    <merchandize-total>
                        <net-price>37300</net-price>
                        <tax>0</tax>
                        <gross-price>37300</gross-price>
                    </merchandize-total>
                    <adjusted-merchandize-total>
                        <net-price>37300</net-price>
                        <tax>0</tax>
                        <gross-price>37300</gross-price>
                    </adjusted-merchandize-total>
                    <shipping-total>
                        <net-price>2500</net-price>
                        <tax>0</tax>
                        <gross-price>2500</gross-price>
                    </shipping-total>
                    <adjusted-shipping-total>
                        <net-price>2500</net-price>
                        <tax>0</tax>
                        <gross-price>2500</gross-price>
                    </adjusted-shipping-total>
                    <shipment-total>
                        <net-price>39800</net-price>
                        <tax>0</tax>
                        <gross-price>39800</gross-price>
                    </shipment-total>
                </totals>
            </shipment>
        </shipments>
        <totals>
            <merchandize-total>
                <net-price>37300</net-price>
                <tax>0</tax>
                <gross-price>37300</gross-price>
            </merchandize-total>
            <adjusted-merchandize-total>
                <net-price>37300</net-price>
                <tax>0</tax>
                <gross-price>37300</gross-price>
            </adjusted-merchandize-total>
            <shipping-total>
                <net-price>2500</net-price>
                <tax>0</tax>
                <gross-price>2500</gross-price>
            </shipping-total>
            <adjusted-shipping-total>
                <net-price>2500</net-price>
                <tax>0</tax>
                <gross-price>2500</gross-price>
            </adjusted-shipping-total>
            <order-total>
                <net-price>39800</net-price>
                <tax>0</tax>
                <gross-price>39800</gross-price>
            </order-total>
        </totals>
        <payments>
            <payment>
                <custom-method>
                    <method-name>Adyen</method-name>
                </custom-method>
                <amount>39800</amount>
                <processor-id>Adyen</processor-id>
                <transaction-id>CKKD800161953</transaction-id>
                <custom-attributes>
                    <custom-attribute attribute-id="Adyen_authResult">AUTHORISED</custom-attribute>
                    <custom-attribute attribute-id="Adyen_merchantReference">CKKD800161953</custom-attribute>
                    <custom-attribute attribute-id="Adyen_merchantSig">6rnosCImbA8HBqDTE5xegRHI7sGqxjINkklveO2tSaE=</custom-attribute>
                    <custom-attribute attribute-id="Adyen_paymentMethod">kcp_creditcard</custom-attribute>
                    <custom-attribute attribute-id="Adyen_pspReference">4546038699319095</custom-attribute>
                    <custom-attribute attribute-id="Adyen_shopperLocale">ko_KR</custom-attribute>
                    <custom-attribute attribute-id="Adyen_skinCode">F1zFMud0</custom-attribute>
                </custom-attributes>
            </payment>
        </payments>
        <custom-attributes>
            <custom-attribute attribute-id="mailSent">true</custom-attribute>
            <custom-attribute attribute-id="siteID">calvinklein-kr</custom-attribute>
        </custom-attributes>
    </order>

</orders>
