<?xml version="1.0" encoding="UTF-8"?>
<!DOCTYPE cXML SYSTEM "http://xml.cXML.org/schemas/cXML/1.2.023/cXML.dtd">
<cXML payloadID="SU-00098676" timestamp="2016-08-04T11:45:47+08:00" xml:lang="en-US">
	<Header>
		<From>
			<Credential domain="SupplizerNetworkId">
				<Identity>01</Identity>
			</Credential>
		</From>
		<To>
			<Credential domain="UQO">
				<Identity>02</Identity>
			</Credential>
		</To>
		<Sender>
			<Credential domain="SupplizerNetworkId">
				<Identity>01</Identity>
				<SharedSecret>prettyboyfloyd</SharedSecret>
			</Credential>
			<UserAgent>Supplizer 1.0</UserAgent>
		</Sender>
	</Header>
	<Request deploymentMode="test">
		<OrderRequest>
			<OrderRequestHeader orderID="SU-00098676" orderDate="2016-08-04T11:45:42+08:00" type="new">
				<Total>
					<Money currency="USD">0</Money>
				</Total>
				<ShipTo>
					<Address>
						<Name xml:lang="en-US">SPeCommerce</Name>
						<PostalAddress name="endUser">
							<DeliverTo>SPeCommerce</DeliverTo>
							<DeliverTo>10 Eunos Rd 8</DeliverTo>
							<Street>#07-01</Street>
							<City>Singapore</City>
							<State/>
							<PostalCode>539211</PostalCode>
							<Country isoCountryCode="SG">Singapore</Country>
						</PostalAddress>
					</Address>
				</ShipTo>
				<CustomerBillTo>
					<Address>
						<Name xml:lang="en-US">SPeCommerce</Name>
						<PostalAddress name="customerBilling">
							<Street>#07-01</Street>
							<StreetAdditional>10 Eunos Rd 8</StreetAdditional>
							<City>Singapore</City>
							<State/>
							<PostalCode>539211</PostalCode>
							<Country isoCountryCode="SG">Singapore</Country>
						</PostalAddress>
					</Address>
					<Email/>
					<Phone name="Cell">
						<TelephoneNumber>88889999</TelephoneNumber>
					</Phone>
				</CustomerBillTo>
				<BillTo>
					<Address>
						<Name xml:lang="en-US">SingPost eCommerce Pvt Ltd</Name>
						<PostalAddress name="Headerquarters">
							<Street>10 Eunos Road 8</Street>
							<City>Singapore</City>
							<State/>
							<PostalCode>408600</PostalCode>
							<Country isoCountryCode="SG"/>
						</PostalAddress>
						<Phone name="Office">
							<TelephoneNumber>
								<CountryCode isoCountryCode="SG">65</CountryCode>
								<AreaOrCityCode/>
								<Number/>
							</TelephoneNumber>
						</Phone>
					</Address>
				</BillTo>
				<Shipping>
					<Money currency="SGD">0</Money>
					<Description xml:lang="en-US">SING CG</Description>
				</Shipping>
				<Contact role="endUser">
					<Name xml:lang="en-US">SPeCommerce</Name>
					<Email>test@example.net</Email>
					<Phone name="Cell">
						<TelephoneNumber>
							<CountryCode isoCountryCode="SG">65</CountryCode>
							<AreaOrCityCode>628</AreaOrCityCode>
							<Number>88889999</Number>
						</TelephoneNumber>
					</Phone>
				</Contact>
				<CustomerOrder>
					<LineTotal>
						<Money currency="SGD">29.70</Money>
					</LineTotal>
					<Promotion type="COUPON" code="">
						<Discount type="" rate="">
							<Money currency="SGD">0.00</Money>
						</Discount>
					</Promotion>
					<ShippingCharge carrier="">
						<Money currency="SGD">6.00</Money>
					</ShippingCharge>
					<OrderTotal>
						<Money currency="SGD">35.70</Money>
					</OrderTotal>
				</CustomerOrder>
				<Extrinsic name="CustomerOrderNumber">200113691</Extrinsic>
				<Extrinsic name="VendorId">13</Extrinsic>
				<Extrinsic name="VendorName">Uniqlo-SG</Extrinsic>
			</OrderRequestHeader>
			<ItemOut quantity="1" lineNumber="2000087025031">
				<ItemID>
					<SupplierPartID>2000087025031</SupplierPartID>
				</ItemID>
				<ItemDetail>
					<UnitPrice>
						<Money currency="SGD">0.00</Money>
					</UnitPrice>
					<Description xml:lang="en-US">WOMEN Ribbed Tank Top|WINE|XL|</Description>
					<UnitOfMeasure>EA</UnitOfMeasure>
					<Classification domain="UNSPSC">000000</Classification>
					<Extrinsic name="DropShipFee">0.00</Extrinsic>
					<Extrinsic name="retail">9.90</Extrinsic>
					<Extrinsic name="retailCurrencyCode">SGD</Extrinsic>
				</ItemDetail>
			</ItemOut>
			<ItemOut quantity="1" lineNumber="2000088390909">
				<ItemID>
					<SupplierPartID>2000088390909</SupplierPartID>
				</ItemID>
				<ItemDetail>
					<UnitPrice>
						<Money currency="SGD">0.00</Money>
					</UnitPrice>
					<Description xml:lang="en-US">WOMEN Ribbed Tank Top|Blue|XL|</Description>
					<UnitOfMeasure>EA</UnitOfMeasure>
					<Classification domain="UNSPSC">000000</Classification>
					<Extrinsic name="DropShipFee">0.00</Extrinsic>
					<Extrinsic name="retail">9.90</Extrinsic>
					<Extrinsic name="retailCurrencyCode">SGD</Extrinsic>
				</ItemDetail>
			</ItemOut>
			<ItemOut quantity="1" lineNumber="2000087024874">
				<ItemID>
					<SupplierPartID>2000087024874</SupplierPartID>
				</ItemID>
				<ItemDetail>
					<UnitPrice>
						<Money currency="SGD">0.00</Money>
					</UnitPrice>
					<Description xml:lang="en-US">WOMEN Ribbed Tank Top|WHITE|XL|</Description>
					<UnitOfMeasure>EA</UnitOfMeasure>
					<Classification domain="UNSPSC">000000</Classification>
					<Extrinsic name="DropShipFee">0.00</Extrinsic>
					<Extrinsic name="retail">9.90</Extrinsic>
					<Extrinsic name="retailCurrencyCode">SGD</Extrinsic>
				</ItemDetail>
			</ItemOut>
		</OrderRequest>
	</Request>
</cXML>