<?xml version="1.0" encoding="utf-8"?><ivc_export><ivc_master><OrderNumber>UAS-UA00013998</OrderNumber><DisplayOrderNumber>UA00013998</DisplayOrderNumber><ClientCode>UAS</ClientCode><WarehouseID>QSSGDF</WarehouseID><LoadID>UAS-UA00013998</LoadID><CustomerPONumber>UA036975</CustomerPONumber><StoreOrderNumber></StoreOrderNumber><ShipToCustCode></ShipToCustCode><PartialShipmentFlag>N</PartialShipmentFlag><CancelOrderFlag>N</CancelOrderFlag><Status /><SplitStatus /><UserID /><Process>SHIPCONFIRM</Process><ShipDate>Sep 29 2015  6:32PM</ShipDate><ProNumber>XZ00000460420</ProNumber><SealNumber /><ivc_ship_details><ivc_ship_detail><ShipRefNumber /><TrackingNumber>XZ00000460420</TrackingNumber><ManifestNumber /><ConsignmentNumber /><Account /><CarrierCode /><CarrierSCAC /><TotalPrice /><InsurancePrice /></ivc_ship_detail></ivc_ship_details><ivc_master_comments><ivc_master_comment><HeaderFooter>H</HeaderFooter><CommentType>Address</CommentType><CommentSequence>9002</CommentSequence><DateEntered>Sep 29 2015 12:39PM</DateEntered><CommentText>beng hong lee</CommentText></ivc_master_comment><ivc_master_comment><HeaderFooter>H</HeaderFooter><CommentType>R</CommentType><CommentSequence>2</CommentSequence><DateEntered>Sep 29 2015 12:39PM</DateEntered><CommentText>SGD</CommentText></ivc_master_comment><ivc_master_comment><HeaderFooter>H</HeaderFooter><CommentType>Address</CommentType><CommentSequence>9005</CommentSequence><DateEntered>Sep 29 2015 12:39PM</DateEntered><CommentText>31 Simei Rise</CommentText></ivc_master_comment><ivc_master_comment><HeaderFooter>H</HeaderFooter><CommentType>Address</CommentType><CommentSequence>9009</CommentSequence><DateEntered>Sep 29 2015 12:39PM</DateEntered><CommentText>Singapore</CommentText></ivc_master_comment><ivc_master_comment><HeaderFooter>H</HeaderFooter><CommentType>Address</CommentType><CommentSequence>9006</CommentSequence><DateEntered>Sep 29 2015 12:39PM</DateEntered><CommentText>#04-01 Savannah Condopark</CommentText></ivc_master_comment><ivc_master_comment><HeaderFooter>H</HeaderFooter><CommentType>F</CommentType><CommentSequence>1</CommentSequence><DateEntered>Sep 29 2015 12:39PM</DateEntered><CommentText>0</CommentText></ivc_master_comment></ivc_master_comments><ivc_details><ivc_detail><LineNumber>4</LineNumber><ItemNumber>UAS-888284862855</ItemNumber><DisplayItemNumber>888284862855</DisplayItemNumber><LotNumber></LotNumber><TotalQuantity>1</TotalQuantity><QuantityPicked>1</QuantityPicked><QuantityShipped>1</QuantityShipped><HUID></HUID><Tracking></Tracking><UOM>EA</UOM><Attribute1></Attribute1><Attribute2></Attribute2><Attribute3></Attribute3><Attribute4></Attribute4><Attribute5></Attribute5><Attribute6></Attribute6><Attribute7></Attribute7><Attribute8></Attribute8><Attribute9></Attribute9><Attribute10></Attribute10><Attribute11></Attribute11><ivc_serial_details><SerialNumber /></ivc_serial_details><ivc_detail_comments><ivc_detail_comment><CommentType>P Discounted Price</CommentType><CommentSequence>1</CommentSequence><DateEntered>Sep 29 2015 12:39PM</DateEntered><CommentText>39</CommentText></ivc_detail_comment><ivc_detail_comment><CommentType>R Discounted Price Curr</CommentType><CommentSequence>2</CommentSequence><DateEntered>Sep 29 2015 12:39PM</DateEntered><CommentText>SGD</CommentText></ivc_detail_comment></ivc_detail_comments></ivc_detail><ivc_detail><LineNumber>1</LineNumber><ItemNumber>UAS-888376044275</ItemNumber><DisplayItemNumber>888376044275</DisplayItemNumber><LotNumber></LotNumber><TotalQuantity>1</TotalQuantity><QuantityPicked>1</QuantityPicked><QuantityShipped>1</QuantityShipped><HUID></HUID><Tracking></Tracking><UOM>EA</UOM><Attribute1></Attribute1><Attribute2></Attribute2><Attribute3></Attribute3><Attribute4></Attribute4><Attribute5></Attribute5><Attribute6></Attribute6><Attribute7></Attribute7><Attribute8></Attribute8><Attribute9></Attribute9><Attribute10></Attribute10><Attribute11></Attribute11><ivc_serial_details><SerialNumber /></ivc_serial_details><ivc_detail_comments><ivc_detail_comment><CommentType>P Discounted Price</CommentType><CommentSequence>1</CommentSequence><DateEntered>Sep 29 2015 12:39PM</DateEntered><CommentText>35</CommentText></ivc_detail_comment><ivc_detail_comment><CommentType>R Discounted Price Curr</CommentType><CommentSequence>2</CommentSequence><DateEntered>Sep 29 2015 12:39PM</DateEntered><CommentText>SGD</CommentText></ivc_detail_comment></ivc_detail_comments></ivc_detail><ivc_detail><LineNumber>3</LineNumber><ItemNumber>UAS-888728250750</ItemNumber><DisplayItemNumber>888728250750</DisplayItemNumber><LotNumber></LotNumber><TotalQuantity>1</TotalQuantity><QuantityPicked>1</QuantityPicked><QuantityShipped>1</QuantityShipped><HUID></HUID><Tracking></Tracking><UOM>EA</UOM><Attribute1></Attribute1><Attribute2></Attribute2><Attribute3></Attribute3><Attribute4></Attribute4><Attribute5></Attribute5><Attribute6></Attribute6><Attribute7></Attribute7><Attribute8></Attribute8><Attribute9></Attribute9><Attribute10></Attribute10><Attribute11></Attribute11><ivc_serial_details><SerialNumber /></ivc_serial_details><ivc_detail_comments><ivc_detail_comment><CommentType>P Discounted Price</CommentType><CommentSequence>1</CommentSequence><DateEntered>Sep 29 2015 12:39PM</DateEntered><CommentText>59</CommentText></ivc_detail_comment><ivc_detail_comment><CommentType>R Discounted Price Curr</CommentType><CommentSequence>2</CommentSequence><DateEntered>Sep 29 2015 12:39PM</DateEntered><CommentText>SGD</CommentText></ivc_detail_comment></ivc_detail_comments></ivc_detail><ivc_detail><LineNumber>2</LineNumber><ItemNumber>UAS-888284850968</ItemNumber><DisplayItemNumber>888284850968</DisplayItemNumber><LotNumber></LotNumber><TotalQuantity>1</TotalQuantity><QuantityPicked>1</QuantityPicked><QuantityShipped>1</QuantityShipped><HUID></HUID><Tracking></Tracking><UOM>EA</UOM><Attribute1></Attribute1><Attribute2></Attribute2><Attribute3></Attribute3><Attribute4></Attribute4><Attribute5></Attribute5><Attribute6></Attribute6><Attribute7></Attribute7><Attribute8></Attribute8><Attribute9></Attribute9><Attribute10></Attribute10><Attribute11></Attribute11><ivc_serial_details><SerialNumber /></ivc_serial_details><ivc_detail_comments><ivc_detail_comment><CommentType>P Discounted Price</CommentType><CommentSequence>1</CommentSequence><DateEntered>Sep 29 2015 12:39PM</DateEntered><CommentText>39</CommentText></ivc_detail_comment><ivc_detail_comment><CommentType>R Discounted Price Curr</CommentType><CommentSequence>2</CommentSequence><DateEntered>Sep 29 2015 12:39PM</DateEntered><CommentText>SGD</CommentText></ivc_detail_comment></ivc_detail_comments></ivc_detail></ivc_details></ivc_master></ivc_export>