CKKD800155331	3395A	6149	2020-10-23	02:17:57	지윤 김	성내로52 401호  강동구 Seoul 05399 KR	010-9344-4667	ji0716@nate.com	011334586931	여성 CK ONE 마이크로 AF 푸쉬업 플런지 브라 | HONEY ALMOND | 34A	1	0		
CKKD800161344	3377A	6123	2020-10-22	05:08:04	문곤 김	속초시 만천4길 56 해오름아파트 201호  속초시 Gangwon-do 24847 KR	010-8573-1612	ansrhs@naver.com	011334596893	남성 CK ONE 마이크로 2PK 로우 라이즈 트렁크|BLACK, YELLOW|XL	1	43470		
CKKD800161344	3377A	6124	2020-10-22	05:08:04	문곤 김	속초시 만천4길 56 해오름아파트 201호  속초시 Gangwon-do 24847 KR	010-8573-1612	ansrhs@naver.com	011334565288	남성 모던 코튼 스트레치 3PK 트렁크|GREY, IVORY, BLUE|XL	1	71100		
CKKD800161346	3378A	6125	2020-10-22	06:54:03	현주 우	신선로566 자이아파트  301동603호  남구 Busan 48515 KR	010-4802-6779	lapa221@naver.com	011334772044	남성 코튼 나일론 트랙팬츠 | STRING | M	1	139000		
CKKD800161347	3379A	6126	2020-10-22	07:04:01	민서 김	목동동로 130 1411동 1104호  양천구 Seoul 08018 KR	010-4845-6166	o35768@naver.com	011334668538	남성 샤인 마이크로 로우 라이즈 트렁크 | LACQUER | XL	1	41300		
CKKD800161347	3379A	6127	2020-10-22	07:04:01	민서 김	목동동로 130 1411동 1104호  양천구 Seoul 08018 KR	010-4845-6166	o35768@naver.com	011334666558	SHINE MICRO LOW RISE TRUNK | BLACK | XL	1	41300		
CKKD800161350	3380A	6128	2020-10-22	07:18:01	경배 이	은행나무로57 버블샤인  안동시 Gyeongsangbuk-do 36635 KR	010-4351-0965	kissme0965@nate.com	011334589994	남성 CK ONE 마이크로 로우 라이즈 트렁크 | CULTR STRAT | M	1	34300		
CKKD800161350	3380A	6129	2020-10-22	07:18:01	경배 이	은행나무로57 버블샤인  안동시 Gyeongsangbuk-do 36635 KR	010-4351-0965	kissme0965@nate.com	011334595568	남성 CK ONE 코튼 트렁크 | FRGUS CM RUSH | M	1	27300		
CKKD800161351	3382A	6130	2020-10-22	08:08:05	정은 김	테크노북로4길 27 304-1111  달성군 Daegu 42995 KR	010-9908-5039	eunwpsl@naver.com	011334570558	남성 마이크로 페블 멀티 포켓 슬링 | BLACK | ONE SIZE	1	89400		
CKKD800161351	3382A	6131	2020-10-22	08:08:05	정은 김	테크노북로4길 27 304-1111  달성군 Daegu 42995 KR	010-9908-5039	eunwpsl@naver.com	9999010026	GIFT BOX SERVICE	1	3000		
CKKD800161352	3384A	6132	2020-10-22	08:34:01	유정 강	은평로220 녹번역 e편한세상캐슬 115-806  은평구 Seoul 03472 KR	010-2355-8915	jkang15@naver.com	011334561235	여성 하이라이즈 미니 스커트 | MID BLUE RWH | 26	1	69500		
CKKD800161354	3385A	6133	2020-10-22	08:38:01	태하 김	배곧1로 27-16 한라비발디캠퍼스2차 202동 2102호  시흥시 Gyeonggi-do 15011 KR	010-2709-0471	th2124@naver.com	011334626767	남성 패션 모노그램 로고 슬림 핏 반팔 티셔츠 | BRIGHT WHITE | L	1	39500		
CKKD800161355	3386A	6134	2020-10-22	11:34:12	유빈 정	도화동 485-2번지 리슈빌 B동 302호  인천광역시 미추홀구 Incheon 22166 KR	010-2490-6934	ds693400@naver.com	011334534758	남성 인스티튜셔널 로고 긴팔 티셔츠|WHITE|M	1	44500		
CKKD800161356	3387A	6135	2020-10-22	11:54:01	소윤 황	1675-13 영일빌딩 지하1층 아로마  서초구 서초동 Seoul 06633 KR	010-7393-6639	tlsdk7315@hanmail.net	011334439695	여성 씨엔와이 후디드 스웨트 자켓 | CK BLACK | S	1	74500		
CKKD800161356	3387A	6136	2020-10-22	11:54:01	소윤 황	1675-13 영일빌딩 지하1층 아로마  서초구 서초동 Seoul 06633 KR	010-7393-6639	tlsdk7315@hanmail.net	011334485722	여성 플로럴 후디 | CK BLACK | S	1	69500		
CKKD800161357	3388A	6137	2020-10-22	12:04:02	효진 강	신샘밭로 733 양우내안애A. 102 -305  춘천시 Gangwon-do 24204 KR	010-5185-7973	jm0032000@gmail.com	011334572668	여성 슬릭 나일론 쇼퍼백|BLACK|ONE SIZE	1	89500		
CKKD800161359	3389A	6138	2020-10-22	12:18:00	정민 예	충절로 41번길 24-16 필립오피스텔 301호  서천군 Chungcheongbuk-do 33642 KR	010-5543-9662	gyp02361@gmail.com	036182900258	여성 캘빈 클라인 폼 AF 비키니|BLACK|S	1	50000		
CKKD800161360	3390A	6139	2020-10-22	15:04:06	구갑 부	서울 광진구 구의강변로 102 현대 폴라트리움 1504호  광진구 Seoul 05117 KR	010-5367-3660	gattonero72@naver.com	011334685306	SUSTAINABLE ALWAYS ON A-LINE HOODIE | CK BLACK | M	1	111300		
CKKD800161361	3391A	6140	2020-10-22	16:58:04	민구 강	광안해변로 386 롯데캐슬자이언트 102동 3102호  수영구 Busan 48279 KR	010-8210-8665	2mindc@naver.com	011334671446	ICON MICRO LIGHTLY LINED BRALETTE | BLACK | M	1	80100		
CKKD800161361	3391A	6141	2020-10-22	16:58:04	민구 강	광안해변로 386 롯데캐슬자이언트 102동 3102호  수영구 Busan 48279 KR	010-8210-8665	2mindc@naver.com	011334672740	ICON MICRO BIKINI | BLACK | S	1	31500		
CKKD800161361	3391A	6142	2020-10-22	16:58:04	민구 강	광안해변로 386 롯데캐슬자이언트 102동 3102호  수영구 Busan 48279 KR	010-8210-8665	2mindc@naver.com	011334672009	여성 인비저블 플렉시 와이어 & 퍼펙틀리 핏 AF 브라렛 | BLACK | M	1	62370		
CKKD800161361	3391A	6143	2020-10-22	16:58:04	민구 강	광안해변로 386 롯데캐슬자이언트 102동 3102호  수영구 Busan 48279 KR	010-8210-8665	2mindc@naver.com	672101137437	PERFECTLY FIT HIPSTER | BLACK | S	1	24750		
CKKD800161361	3391A	6144	2020-10-22	16:58:04	민구 강	광안해변로 386 롯데캐슬자이언트 102동 3102호  수영구 Busan 48279 KR	010-8210-8665	2mindc@naver.com	011334324472	여성 캘빈 클라인 1981 볼드 코튼 브라렛|BLACK|M	1	49770		
CKKD800161361	3391A	6145	2020-10-22	16:58:04	민구 강	광안해변로 386 롯데캐슬자이언트 102동 3102호  수영구 Busan 48279 KR	010-8210-8665	2mindc@naver.com	011334376600	여성 캘빈 클라인 리퀴드 터치 AF 비키니|BLACK|S	1	45000		
CKKD800161363	3392A	6146	2020-10-22	18:38:18	승수 유	인지면 방고개길 30-6   서산시 Chungcheongbuk-do 32012 KR	010-8608-8967	smart8608@naver.com	011334534727	남성 인스티튜셔널 로고 긴팔 티셔츠|BLACK|L	1	40050		
CKKD800161365	3393A	6147	2020-10-22	20:20:04	윤정 황	난곡로 64길 7 904호  관악구 Seoul 08772 KR	010-2517-9342	hyj2132@naver.com	011334150613	남성 로고 배너 캠퍼스 백팩 45 | BLACK | ONE SIZE	1	160300		
CKKD800161365	3393A	6148	2020-10-22	20:20:04	윤정 황	난곡로 64길 7 904호  관악구 Seoul 08772 KR	010-2517-9342	hyj2132@naver.com	9999010026	GIFT BOX SERVICE	1	3000		
CKKD800161366	3396A	6150	2020-10-23	02:54:07	지영 서	백제고분로11길 23-1 202호  송파구 Seoul 05563 KR	010-9337-1812	jyniki@naver.com	011334587792	여성 모던 코튼 트라이앵글|LIGHT PINK|M	1	55200		
CKKD800161367	3397A	6151	2020-10-23	03:24:03	Lindsay Chung	영동대로640 102-3004  강남구 Seoul 06080 KR	010-6856-8853	linzychung@hotmail.com	011334599917	여성 CK ONE 레이스 AF 비키니 | BLACK | XS	1	28000		
CKKD800161367	3397A	6152	2020-10-23	03:24:03	Lindsay Chung	영동대로640 102-3004  강남구 Seoul 06080 KR	010-6856-8853	linzychung@hotmail.com	011334600064	여성 CK ONE 레이스 AF 발코넷|PINK|34C	1	62300		
CKKD800161670	3398A	6153	2020-10-23	04:18:04	은지 차	송악읍 틀모시로 737 힐스테이트 2차 109-1604  당진시 Chungcheongbuk-do 31733 KR	010-8601-3955	roolu0102@hanmail.net	011334565424	남성 모던 코튼 스트레치 3PK 트렁크|BLUE, GREY, RED|M	1	71100		
CKKD800161670	3398A	6154	2020-10-23	04:18:04	은지 차	송악읍 틀모시로 737 힐스테이트 2차 109-1604  당진시 Chungcheongbuk-do 31733 KR	010-8601-3955	roolu0102@hanmail.net	011334596954	남성 코튼 스트레치 3PK 트렁크 | BLK W/VS+SF+W D | M	1	67500		
CKKD800161671	3399A	6155	2020-10-23	04:34:00	상미 한	목동중앙본로7길 37-20 길성그랑프리텔 101동 105호 (목동 길성그랑프리텔)  양천구 Seoul 07960 KR	010-7100-7331	t2410@nate.com	011334480260	남성 컬러 블록 풀오버 | BRIGHT WHITE | L	1	51600		
CKKD800161671	3399A	6156	2020-10-23	04:34:00	상미 한	목동중앙본로7길 37-20 길성그랑프리텔 101동 105호 (목동 길성그랑프리텔)  양천구 Seoul 07960 KR	010-7100-7331	t2410@nate.com	011334482615	남성 리니어 로고 후디 | PINK NECTAR | XL	1	51600		