<?xml version="1.0"?><Request>  
    <TransId>210117GKP00MWE</TransId>  
    <AccountId>BSG700013D</AccountId>  
    <ShipInfo>    
        <PlantId>SP01</PlantId>    
        <ExternDocId>SHPH1711341943</ExternDocId>    
        <EcomOrderId>210117GKP00MWE</EcomOrderId>    
        <CarrierName>Ninja Van (Home Delivery)</CarrierName>    
        <TrackingNo>1234</TrackingNo>    
        <Weight>0</Weight>    
        <Cube>0</Cube>    
        <CompletedDate>2021-01-22 10:49:43 +0800</CompletedDate>    
        <FinalFlag>1</FinalFlag>    
        <TotalLines>1</TotalLines>    
        <CurrReq>1</CurrReq>    
        <TotalLeft>0</TotalLeft>    
        <ShipDetailInfo>      
            <ItemInfo>        
                <CartonNo>0</CartonNo>        
                <OrderItemLine>1</OrderItemLine>        
                <ItemId>14005144</ItemId>        
                <ItemQty>1</ItemQty>      
            </ItemInfo>    
        </ShipDetailInfo>  
    </ShipInfo>
</Request>