{
    "estimated_shipping_fee": "1.49",
    "order_flag": "fulfilled_by_local_seller",
    "payment_method": "Cybersource (new)",
    "update_time": 1610933860,
    "message_to_seller": "",
    "shipping_carrier": "Ninja Van (Home Delivery)",
    "currency": "SGD",
    "create_time": 1610925504,
    "pay_time": 1610925510,
    "note": "",
    "credit_card_number": "",
    "days_to_ship": 2,
    "is_split_up": false,
    "ship_by_date": 1611098310,
    "escrow_tax": "0.00",
    "tracking_no": "SHPH3457016667",
    "order_status": "READY_TO_SHIP",
    "note_update_time": 0,
    "fm_tn": "",
    "dropshipper_phone": "",
    "cancel_reason": "",
    "recipient_address": {
        "town": "",
        "city": "",
        "name": "Tan Sok Leng",
        "district": "",
        "country": "SG",
        "zipcode": "523520",
        "full_address": "BLOCK 520C, TAMPINES CENTRAL 8, #09-55 , SG, 523520",
        "phone": "6584259303",
        "state": ""
    },
    "cancel_by": "",
    "escrow_amount": "96.58",
    "buyer_cancel_reason": "",
    "goods_to_declare": false,
    "lm_tn": "",
    "total_amount": "104.40",
    "service_code": "",
    "items": [{
            "weight": 0.25,
            "item_name": "[Bundle of 3] BRAND'S\u00ae Blackcurrant Anthocyanins with Lutein 60 Tablets",
            "is_wholesale": false,
            "promotion_type": "",
            "item_sku": "14006119",
            "variation_discounted_price": "122.40",
            "variation_id": 0,
            "variation_name": "",
            "is_set_item": false,
            "is_add_on_deal": false,
            "item_id": 3546124397,
            "promotion_id": 0,
            "add_on_deal_id": 0,
            "variation_quantity_purchased": 1,
            "variation_sku": "",
            "variation_original_price": "144.00",
            "is_main_item": false
        }],
    "actual_shipping_cost": "",
    "cod": false,
    "country": "SG",
    "ordersn": "210118J5SN8B0U",
    "dropshipper": "",
    "is_actual_shipping_fee_confirmed": false,
    "buyer_username": "sok_leng27"
}