<?xml version="1.0" encoding="UTF-8"?>
<!DOCTYPE cXML SYSTEM "http://xml.cXML.org/schemas/cXML/1.2.023/cXML.dtd">
<cXML payloadID="UQ-00231955" timestamp="2016-08-04T18:20:17+10:00" xml:lang="en-US">
	<Header>
		<From>
			<Credential domain="SupplizerNetworkId">
				<Identity>01</Identity>
			</Credential>
		</From>
		<To>
			<Credential domain="UQO">
				<Identity>02</Identity>
			</Credential>
		</To>
		<Sender>
			<Credential domain="SupplizerNetworkId">
				<Identity>01</Identity>
				<SharedSecret>prettyboyfloyd</SharedSecret>
			</Credential>
			<UserAgent>Supplizer 1.0</UserAgent>
		</Sender>
	</Header>
	<Request deploymentMode="test">
		<OrderRequest>
			<OrderRequestHeader orderID="UQ-00231955" orderDate="2016-08-04" type="new">
				<Total>
					<Money currency="USD">0</Money>
				</Total>
				<ShipTo>
					<Address>
						<Name xml:lang="en-US">SPeCommerce</Name>
						<PostalAddress name="endUser">
							<DeliverTo>SPeCommerce</DeliverTo>
							<DeliverTo>10 Eunos Rd 8</DeliverTo>
							<Street>#07-01</Street>
							<City>Melbourne</City>
							<State>VIC</State>
							<PostalCode>3083</PostalCode>
							<Country isoCountryCode="AU">Australia</Country>
						</PostalAddress>
					</Address>
				</ShipTo>
				<CustomerBillTo>
					<Address>
						<Name xml:lang="en-US">SPeCommerce</Name>
						<PostalAddress name="customerBilling">
							<Street>#07-01</Street>
							<StreetAdditional>10 Eunos Rd 8</StreetAdditional>
							<City>Melbourne</City>
							<State>VIC</State>
							<PostalCode>3083</PostalCode>
							<Country isoCountryCode="AU">Australia</Country>
						</PostalAddress>
					</Address>
					<Email/>
					<Phone name="Cell">
						<TelephoneNumber>0478059264</TelephoneNumber>
					</Phone>
				</CustomerBillTo>
				<BillTo>
					<Address>
						<Name xml:lang="en-US">SingPost eCommerce Pvt Ltd</Name>
						<PostalAddress name="Headerquarters">
							<Street>10 Eunos Road 8</Street>
							<City>Singapore</City>
							<State/>
							<PostalCode>408600</PostalCode>
							<Country isoCountryCode="SG"/>
						</PostalAddress>
						<Phone name="Office">
							<TelephoneNumber>
								<CountryCode isoCountryCode="SG">65</CountryCode>
								<AreaOrCityCode/>
								<Number/>
							</TelephoneNumber>
						</Phone>
					</Address>
				</BillTo>
				<Shipping>
					<Money currency="AUD">0</Money>
					<Description xml:lang="en-US">COURIERS PLEASE CG</Description>
				</Shipping>
				<Contact role="endUser">
					<Name xml:lang="en-US">SPeCommerce</Name>
					<Email>test@example.com</Email>
					<Phone name="Cell">
						<TelephoneNumber>
							<CountryCode isoCountryCode="AU">61</CountryCode>
							<AreaOrCityCode>047</AreaOrCityCode>
							<Number>0478059264</Number>
						</TelephoneNumber>
					</Phone>
				</Contact>
				<CustomerOrder>
					<LineTotal>
						<Money currency="AUD">119.40</Money>
					</LineTotal>
					<Promotion type="COUPON" code="">
						<Discount type="" rate="">
							<Money currency="AUD">0.00</Money>
						</Discount>
					</Promotion>
					<ShippingCharge carrier="">
						<Money currency="AUD">0.00</Money>
					</ShippingCharge>
					<OrderTotal>
						<Money currency="AUD">119.40</Money>
					</OrderTotal>
				</CustomerOrder>
				<Extrinsic name="CustomerOrderNumber">200253793</Extrinsic>
				<Extrinsic name="VendorId">2</Extrinsic>
				<Extrinsic name="VendorName">Uniqlo</Extrinsic>
			</OrderRequestHeader>
			<ItemOut quantity="1" lineNumber="2000072982462">
				<ItemID>
					<SupplierPartID>2000072982462</SupplierPartID>
				</ItemID>
				<ItemDetail>
					<UnitPrice>
						<Money currency="AUD">0.00</Money>
					</UnitPrice>
					<Description xml:lang="en-US">MEN Dry EX Full Zip Parka|BLACK|L|</Description>
					<UnitOfMeasure>EA</UnitOfMeasure>
					<Classification domain="UNSPSC">000000</Classification>
					<Extrinsic name="DropShipFee">0.00</Extrinsic>
					<Extrinsic name="retail">29.90</Extrinsic>
					<Extrinsic name="retailCurrencyCode">AUD</Extrinsic>
				</ItemDetail>
			</ItemOut>
			<ItemOut quantity="1" lineNumber="2000058707973">
				<ItemID>
					<SupplierPartID>2000058707973</SupplierPartID>
				</ItemID>
				<ItemDetail>
					<UnitPrice>
						<Money currency="AUD">0.00</Money>
					</UnitPrice>
					<Description xml:lang="en-US">MEN Extra Fine Merino V Neck C|GRAY|L|</Description>
					<UnitOfMeasure>EA</UnitOfMeasure>
					<Classification domain="UNSPSC">000000</Classification>
					<Extrinsic name="DropShipFee">0.00</Extrinsic>
					<Extrinsic name="retail">19.90</Extrinsic>
					<Extrinsic name="retailCurrencyCode">AUD</Extrinsic>
				</ItemDetail>
			</ItemOut>
			<ItemOut quantity="1" lineNumber="2000058708277">
				<ItemID>
					<SupplierPartID>2000058708277</SupplierPartID>
				</ItemID>
				<ItemDetail>
					<UnitPrice>
						<Money currency="AUD">0.00</Money>
					</UnitPrice>
					<Description xml:lang="en-US">MEN Extra Fine Merino V Neck C|BEIGE|L|</Description>
					<UnitOfMeasure>EA</UnitOfMeasure>
					<Classification domain="UNSPSC">000000</Classification>
					<Extrinsic name="DropShipFee">0.00</Extrinsic>
					<Extrinsic name="retail">19.90</Extrinsic>
					<Extrinsic name="retailCurrencyCode">AUD</Extrinsic>
				</ItemDetail>
			</ItemOut>
			<ItemOut quantity="1" lineNumber="2000058708390">
				<ItemID>
					<SupplierPartID>2000058708390</SupplierPartID>
				</ItemID>
				<ItemDetail>
					<UnitPrice>
						<Money currency="AUD">0.00</Money>
					</UnitPrice>
					<Description xml:lang="en-US">MEN Extra Fine Merino V Neck C|DARK GREEN|L|</Description>
					<UnitOfMeasure>EA</UnitOfMeasure>
					<Classification domain="UNSPSC">000000</Classification>
					<Extrinsic name="DropShipFee">0.00</Extrinsic>
					<Extrinsic name="retail">19.90</Extrinsic>
					<Extrinsic name="retailCurrencyCode">AUD</Extrinsic>
				</ItemDetail>
			</ItemOut>
			<ItemOut quantity="1" lineNumber="2000064281689">
				<ItemID>
					<SupplierPartID>2000064281689</SupplierPartID>
				</ItemID>
				<ItemDetail>
					<UnitPrice>
						<Money currency="AUD">0.00</Money>
					</UnitPrice>
					<Description xml:lang="en-US">MEN HEATTECH V-Neck T-Shirt (L|BLACK|L|</Description>
					<UnitOfMeasure>EA</UnitOfMeasure>
					<Classification domain="UNSPSC">000000</Classification>
					<Extrinsic name="DropShipFee">0.00</Extrinsic>
					<Extrinsic name="retail">14.90</Extrinsic>
					<Extrinsic name="retailCurrencyCode">AUD</Extrinsic>
				</ItemDetail>
			</ItemOut>
			<ItemOut quantity="1" lineNumber="2000064281535">
				<ItemID>
					<SupplierPartID>2000064281535</SupplierPartID>
				</ItemID>
				<ItemDetail>
					<UnitPrice>
						<Money currency="AUD">0.00</Money>
					</UnitPrice>
					<Description xml:lang="en-US">MEN HEATTECH V-Neck T-Shirt (L|WHITE|L|</Description>
					<UnitOfMeasure>EA</UnitOfMeasure>
					<Classification domain="UNSPSC">000000</Classification>
					<Extrinsic name="DropShipFee">0.00</Extrinsic>
					<Extrinsic name="retail">14.90</Extrinsic>
					<Extrinsic name="retailCurrencyCode">AUD</Extrinsic>
				</ItemDetail>
			</ItemOut>
		</OrderRequest>
	</Request>
</cXML>