<?xml version="1.0" encoding="utf-8"?>
<export_return_receipt>
	<return_receipt_master>
		<WarehouseID>QSHKKT</WarehouseID>
		<ReceiptID/>
		<ShipmentNumber/>
		<ReceiptDate>11/19/2015</ReceiptDate>
		<PONumber>RHK1CK-00010097</PONumber>
		<DisplayPONumber>CK-00010097</DisplayPONumber>
		<ClientCode>HCK</ClientCode>
		<Status>CLOSED</Status>
		<VendorCode/>
		<SCACCode/>
		<UserID>KTSGIT</UserID>
		<Disposition>1</Disposition>
		<return_receipt_details>
			<return_receipt_detail>
				<LineNumber/>
				<ScheduleNumber>0</ScheduleNumber>
				<ItemNumber>HCK-701549753487</ItemNumber>
				<DisplayItemNumber>701549753487</DisplayItemNumber>
				<LotNumber/>
				<HUID/>
				<QtyReceived>1</QtyReceived>
				<QtyDamaged>0</QtyDamaged>
				<Attribute1/>
				<Attribute2/>
				<Attribute3/>
				<Attribute4/>
				<Attribute5/>
				<Attribute6/>
				<Attribute7/>
				<Attribute8/>
				<Attribute9/>
				<Attribute10>  /  /</Attribute10>
				<Attribute11/>
				<Disposition>1</Disposition>
			</return_receipt_detail>
		</return_receipt_details>
	</return_receipt_master>
</export_return_receipt>