<?xml version="1.0" encoding="utf-8"?>
<ShipmentUpdate xmlns:xsd="http://www.w3.org/2001/XMLSchema" xmlns:xsi="http://www.w3.org/2001/XMLSchema-instance">
	<OrderShipment>
		<ShipmentType>Assignment</ShipmentType>
		<VendorInfo>
			<VendorNumber>MY105</VendorNumber>
			<VendorName>MY-Gardens SP</VendorName>
			<Address1>10 Eunos Rd. 8</Address1>
			<Street>#07-31</Street>
			<City>PETALING JAYA, Selangor</City>
			<State>MY</State>
			<PostalCode>47820</PostalCode>
			<CountryCode>MY</CountryCode>
			<Country>Malaysia</Country>
		</VendorInfo>
		<OrderNumber>600045348</OrderNumber><!-- web-order-id -->
		<HostOrderNumber>600045348</HostOrderNumber>
		<OrderType>DropShip</OrderType>
		<Company>NULL</Company>
		<Division>NULL</Division>
		<ShipAllProducts>No</ShipAllProducts>
		<EntryOperator>AMY-00117780</EntryOperator><!-- supplizer-id -->
		<GroupNumber>0</GroupNumber>
		<ShipmentInfo>
			<Freight>0</Freight>
			<Weight>2.000000</Weight>
			<ShipmentDate>20170412</ShipmentDate>
			<ShipmentTime>135001</ShipmentTime>
			<ShipmentMethod>STS</ShipmentMethod>
			<ShipmentMethodDescription>STS</ShipmentMethodDescription>
			<DestinationPostalCode>59200</DestinationPostalCode>
			<CarrierCode>ISP</CarrierCode>
		</ShipmentInfo>
		<InvoiceInfo>
			<InvoiceTotal>0</InvoiceTotal>
			<ProductTotal>0</ProductTotal>
			<TermsDays>0</TermsDays>
			<TermsPercent>0</TermsPercent>
			<FreightAmount>0</FreightAmount>
			<HandlingFee>0</HandlingFee>
			<TaxAmount>0</TaxAmount>
			<DutyAmount>0</DutyAmount>
			<OtherCost>0</OtherCost>
		</InvoiceInfo>
		<ProductInfo>
			<LineNumber>1</LineNumber>
			<SKU>4055341524209</SKU>
			<VendorSKU>AI7411310</VendorSKU>
			<ExternalID>0</ExternalID>
			<UPCCode>04055341524209</UPCCode>
			<OrderedQuantity>1.000000</OrderedQuantity>
			<ShippedQuantity>1.000000</ShippedQuantity>
			<Factor>0</Factor>
			<InvoicedQuantity>0</InvoicedQuantity>
			<ExtendedCost>161.000000</ExtendedCost>
			<UnitCost>161.000000</UnitCost>
			<StandardFreight>0</StandardFreight>
		</ProductInfo>
		<UniqueReference>ST1_600045348-0</UniqueReference><!-- tracking-id -->
	</OrderShipment>
</ShipmentUpdate>