{
    "rmaDataObject": {
        "comments": [{
                "comment": "We placed your Return request.",
                "rma_entity_id": 751,
                "created_at": "2020-07-28 12:07:07",
                "entity_id": 1518,
                "customer_notified": true,
                "visible_on_front": true,
                "status": "processed_closed",
                "admin": true
            }, {
                "comment": "We authorized your Return request.",
                "rma_entity_id": 751,
                "created_at": "2020-07-28 12:09:47",
                "entity_id": 1522,
                "customer_notified": true,
                "visible_on_front": true,
                "status": "authorized",
                "admin": true
            }],
        "customer_custom_email": "cmulay@cybage.com",
        "customer_id": 36,
        "date_requested": "2020-07-28 12:07:07",
        "entity_id": 751,
        "increment_id": "RVMY000000140",
        "items": [{
                "entity_id": 862,
                "rma_entity_id": 751,
                "order_item_id": 2279,
                "qty_requested": 1,
                "qty_authorized": 1,
                "qty_approved": "1",
                "qty_returned": "1",
                "reason": "229",
                "condition": "219",
                "resolution": "217",
                "status": "authorized",
                "extension_attributes": {
                    "product_sku": "VN000D3HY28110000M"
                }
            }],
        "order_id": 898,
        "order_increment_id": "VANSMY1000000734",
        "status": "processed_closed",
        "store_id": 2,
        "tracks": []
    },
    "order_entity_id": 751,
    "increment_id": "VANSMY1000000734",
    "return_number": "RVMY000000140"
}