<?xml version="1.0" encoding="UTF-8"?>
<!DOCTYPE CaseManagementOrderStatus SYSTEM "https://ebc.cybersource.com/ebc/reports/dtd/cmorderstatus_1_1.dtd">

<CaseManagementOrderStatus xmlns="http://reports.cybersource.com/reports/cmos/1.0" MerchantID="spec_uq_au" Name="Case Management Order Status" Date="2018-01-23 03:09:19 GMT" Version="1.1">
	<Update MerchantReferenceNumber="200574485" RequestID="5166104764946343703054">
		<OriginalDecision>REVIEW</OriginalDecision>
		<NewDecision>ACCEPT</NewDecision>
		<Reviewer>chinni</Reviewer>
		<Notes>
			<Note Date="2018-01-23 03:09:19" AddedBy="chinni" Comment="Took ownership." />
		</Notes>
		<Queue>Default Review Queue</Queue>
		<Profile>[SP] Default Profile</Profile>
	</Update>
</CaseManagementOrderStatus>