<?xml version="1.0" encoding="UTF-8"?><Request>
    <TransId>47651569998322</TransId>
    <AccountId>BSG700013D</AccountId>
    <CancelInfo>
        <PlantId>SP01</PlantId>
        <ExternDocId>47651569998322</ExternDocId>
        <EcomOrderId>47651569998322</EcomOrderId>
        <ReferenceId>47651569998322</ReferenceId>
        <CompletedDate>2021-02-15 16:05:26 +0800</CompletedDate>
        <PrintFlag>1</PrintFlag>
        <PreSaleFlag>1</PreSaleFlag>
        <FinalFlag>1</FinalFlag>
        <Platform>Lazada</Platform>
        <TotalLines>2</TotalLines>
        <CurrReq>2</CurrReq>
        <TotalLeft>0</TotalLeft>
        <CancelDetailInfo>
            <ItemInfo>
                <CancelItemLine>1</CancelItemLine>
                <ItemId>14000939</ItemId>
                <ItemQty>1</ItemQty>
                <CancelQty>1</CancelQty>
                <CancelReason>Buyer Canceled</CancelReason>
                <CancelCode>00</CancelCode>
                <Comments/>
            </ItemInfo>
            <ItemInfo>
                <CancelItemLine>2</CancelItemLine>
                <ItemId>18001465</ItemId>
                <ItemQty>1</ItemQty>
                <CancelQty>1</CancelQty>
                <CancelReason>Buyer Canceled</CancelReason>
                <CancelCode>00</CancelCode>
                <Comments/>
            </ItemInfo>
        </CancelDetailInfo>
    </CancelInfo>
</Request>