[
  {
    "outboundDeliveryType": "Replenishment",
    "sendingStoreCode": "HV0004",
    "deliveryNoteNumber": "0088317594",
    "deliveryDate": "2020-07-31",
    "replenishmentFlag": "0",
    "deliveryRemarks": "",
    "numberOfDeliveryItems": 67,
    "inventoryType": "0",
    "numberOfCartons": 1,
    "receivingStore": {
      "receivingStoreCode": "006091"
    },
    "deliveryItems": [
      {
        "deliveryLineNumber": 1,
        "sku": "VN0A4URQWHT10XL",
        "upc": "192826805720",
        "quantity": 4,
        "cartonNumber": "1",
        "demandNumber": "",
        "trackingType": "",
        "trackingNumber": "",
        "po": "7006307900",
        "shipmentID": ""
      },
      {
        "deliveryLineNumber": 2,
        "sku": "VN0A4URQWHT100S",
        "upc": "192826804839",
        "quantity": 5,
        "cartonNumber": "1",
        "demandNumber": "",
        "trackingType": "",
        "trackingNumber": "",
        "po": "7006307900",
        "shipmentID": ""
      },
      {
        "deliveryLineNumber": 3,
        "sku": "VN0A4URQWHT100M",
        "upc": "192826805027",
        "quantity": 8,
        "cartonNumber": "1",
        "demandNumber": "",
        "trackingType": "",
        "trackingNumber": "",
        "po": "7006307900",
        "shipmentID": ""
      },
      {
        "deliveryLineNumber": 4,
        "sku": "VN0A4URQWHT100L",
        "upc": "192826805317",
        "quantity": 7,
        "cartonNumber": "1",
        "demandNumber": "",
        "trackingType": "",
        "trackingNumber": "",
        "po": "7006307900",
        "shipmentID": ""
      },
      {
        "deliveryLineNumber": 5,
        "sku": "VN0A4URP85W10XL",
        "upc": "192825899720",
        "quantity": 1,
        "cartonNumber": "1",
        "demandNumber": "",
        "trackingType": "",
        "trackingNumber": "",
        "po": "7006307900",
        "shipmentID": ""
      },
      {
        "deliveryLineNumber": 6,
        "sku": "VN0A4URP85W100S",
        "upc": "192825898624",
        "quantity": 3,
        "cartonNumber": "1",
        "demandNumber": "",
        "trackingType": "",
        "trackingNumber": "",
        "po": "7006307900",
        "shipmentID": ""
      },
      {
        "deliveryLineNumber": 7,
        "sku": "VN0A4URP85W100M",
        "upc": "192825898884",
        "quantity": 3,
        "cartonNumber": "1",
        "demandNumber": "",
        "trackingType": "",
        "trackingNumber": "",
        "po": "7006307900",
        "shipmentID": ""
      },
      {
        "deliveryLineNumber": 8,
        "sku": "VN0A4URP85W100L",
        "upc": "192825899393",
        "quantity": 1,
        "cartonNumber": "1",
        "demandNumber": "",
        "trackingType": "",
        "trackingNumber": "",
        "po": "7006307900",
        "shipmentID": ""
      },
      {
        "deliveryLineNumber": 9,
        "sku": "VN0A4TQ56OK10OS",
        "upc": "193390773255",
        "quantity": 12,
        "cartonNumber": "1",
        "demandNumber": "",
        "trackingType": "",
        "trackingNumber": "",
        "po": "7006307900",
        "shipmentID": ""
      },
      {
        "deliveryLineNumber": 10,
        "sku": "VN0A4RPYBLK10XS",
        "upc": "192826705082",
        "quantity": 2,
        "cartonNumber": "1",
        "demandNumber": "",
        "trackingType": "",
        "trackingNumber": "",
        "po": "7006307900",
        "shipmentID": ""
      },
      {
        "deliveryLineNumber": 11,
        "sku": "VN0A4RPYBLK100S",
        "upc": "192826705280",
        "quantity": 4,
        "cartonNumber": "1",
        "demandNumber": "",
        "trackingType": "",
        "trackingNumber": "",
        "po": "7006307900",
        "shipmentID": ""
      },
      {
        "deliveryLineNumber": 12,
        "sku": "VN0A4RPYBLK100M",
        "upc": "192826705488",
        "quantity": 4,
        "cartonNumber": "1",
        "demandNumber": "",
        "trackingType": "",
        "trackingNumber": "",
        "po": "7006307900",
        "shipmentID": ""
      },
      {
        "deliveryLineNumber": 13,
        "sku": "VN0A4RPYBLK100L",
        "upc": "192826705686",
        "quantity": 2,
        "cartonNumber": "1",
        "demandNumber": "",
        "trackingType": "",
        "trackingNumber": "",
        "po": "7006307900",
        "shipmentID": ""
      },
      {
        "deliveryLineNumber": 14,
        "sku": "VN0A4RBOWHT10XS",
        "upc": "192826807823",
        "quantity": 4,
        "cartonNumber": "1",
        "demandNumber": "",
        "trackingType": "",
        "trackingNumber": "",
        "po": "7006307900",
        "shipmentID": ""
      },
      {
        "deliveryLineNumber": 15,
        "sku": "VN0A4RBOWHT100S",
        "upc": "192826808097",
        "quantity": 8,
        "cartonNumber": "1",
        "demandNumber": "",
        "trackingType": "",
        "trackingNumber": "",
        "po": "7006307900",
        "shipmentID": ""
      },
      {
        "deliveryLineNumber": 16,
        "sku": "VN0A4RBOWHT100M",
        "upc": "192826808387",
        "quantity": 5,
        "cartonNumber": "1",
        "demandNumber": "",
        "trackingType": "",
        "trackingNumber": "",
        "po": "7006307900",
        "shipmentID": ""
      },
      {
        "deliveryLineNumber": 17,
        "sku": "VN0A4RBOWHT100L",
        "upc": "192826808905",
        "quantity": 3,
        "cartonNumber": "1",
        "demandNumber": "",
        "trackingType": "",
        "trackingNumber": "",
        "po": "7006307900",
        "shipmentID": ""
      },
      {
        "deliveryLineNumber": 18,
        "sku": "VN0A4RBIEEI10XS",
        "upc": "192826805386",
        "quantity": 2,
        "cartonNumber": "1",
        "demandNumber": "",
        "trackingType": "",
        "trackingNumber": "",
        "po": "7006307900",
        "shipmentID": ""
      },
      {
        "deliveryLineNumber": 19,
        "sku": "VN0A4RB8WHT100M",
        "upc": "192826813220",
        "quantity": 6,
        "cartonNumber": "1",
        "demandNumber": "",
        "trackingType": "",
        "trackingNumber": "",
        "po": "7006307900",
        "shipmentID": ""
      },
      {
        "deliveryLineNumber": 20,
        "sku": "VN0A4RB8WHT100L",
        "upc": "192826813312",
        "quantity": 4,
        "cartonNumber": "1",
        "demandNumber": "",
        "trackingType": "",
        "trackingNumber": "",
        "po": "7006307900",
        "shipmentID": ""
      },
      {
        "deliveryLineNumber": 21,
        "sku": "VN0A4RB7EEI10XS",
        "upc": "192826813046",
        "quantity": 2,
        "cartonNumber": "1",
        "demandNumber": "",
        "trackingType": "",
        "trackingNumber": "",
        "po": "7006307900",
        "shipmentID": ""
      },
      {
        "deliveryLineNumber": 22,
        "sku": "VN0A4RB7EEI10XL",
        "upc": "192826813428",
        "quantity": 3,
        "cartonNumber": "1",
        "demandNumber": "",
        "trackingType": "",
        "trackingNumber": "",
        "po": "7006307900",
        "shipmentID": ""
      },
      {
        "deliveryLineNumber": 23,
        "sku": "VN0A4RB7EEI100S",
        "upc": "192826813145",
        "quantity": 4,
        "cartonNumber": "1",
        "demandNumber": "",
        "trackingType": "",
        "trackingNumber": "",
        "po": "7006307900",
        "shipmentID": ""
      },
      {
        "deliveryLineNumber": 24,
        "sku": "VN0A4RB7EEI100M",
        "upc": "192826813213",
        "quantity": 10,
        "cartonNumber": "1",
        "demandNumber": "",
        "trackingType": "",
        "trackingNumber": "",
        "po": "7006307900",
        "shipmentID": ""
      },
      {
        "deliveryLineNumber": 25,
        "sku": "VN0A4RB7EEI100L",
        "upc": "192826813329",
        "quantity": 7,
        "cartonNumber": "1",
        "demandNumber": "",
        "trackingType": "",
        "trackingNumber": "",
        "po": "7006307900",
        "shipmentID": ""
      },
      {
        "deliveryLineNumber": 26,
        "sku": "VN0A4MPI6ZC10OS",
        "upc": "193390771800",
        "quantity": 8,
        "cartonNumber": "1",
        "demandNumber": "",
        "trackingType": "",
        "trackingNumber": "",
        "po": "7006307900",
        "shipmentID": ""
      },
      {
        "deliveryLineNumber": 27,
        "sku": "VN0A49R7WHT10XL",
        "upc": "194115243145",
        "quantity": 1,
        "cartonNumber": "1",
        "demandNumber": "",
        "trackingType": "",
        "trackingNumber": "",
        "po": "7006307900",
        "shipmentID": ""
      },
      {
        "deliveryLineNumber": 28,
        "sku": "VN0A49R7WHT100S",
        "upc": "194115243084",
        "quantity": 8,
        "cartonNumber": "1",
        "demandNumber": "",
        "trackingType": "",
        "trackingNumber": "",
        "po": "7006307900",
        "shipmentID": ""
      },
      {
        "deliveryLineNumber": 29,
        "sku": "VN0A49R7WHT100M",
        "upc": "194115243107",
        "quantity": 9,
        "cartonNumber": "1",
        "demandNumber": "",
        "trackingType": "",
        "trackingNumber": "",
        "po": "7006307900",
        "shipmentID": ""
      },
      {
        "deliveryLineNumber": 30,
        "sku": "VN0A49R7WHT100L",
        "upc": "194115243121",
        "quantity": 5,
        "cartonNumber": "1",
        "demandNumber": "",
        "trackingType": "",
        "trackingNumber": "",
        "po": "7006307900",
        "shipmentID": ""
      },
      {
        "deliveryLineNumber": 31,
        "sku": "VN0A49R7BLK10XL",
        "upc": "194115242551",
        "quantity": 1,
        "cartonNumber": "1",
        "demandNumber": "",
        "trackingType": "",
        "trackingNumber": "",
        "po": "7006307900",
        "shipmentID": ""
      },
      {
        "deliveryLineNumber": 32,
        "sku": "VN0A49R7BLK100S",
        "upc": "194115242315",
        "quantity": 8,
        "cartonNumber": "1",
        "demandNumber": "",
        "trackingType": "",
        "trackingNumber": "",
        "po": "7006307900",
        "shipmentID": ""
      },
      {
        "deliveryLineNumber": 33,
        "sku": "VN0A49R7BLK100M",
        "upc": "194115242391",
        "quantity": 9,
        "cartonNumber": "1",
        "demandNumber": "",
        "trackingType": "",
        "trackingNumber": "",
        "po": "7006307900",
        "shipmentID": ""
      },
      {
        "deliveryLineNumber": 34,
        "sku": "VN0A49R7BLK100L",
        "upc": "194115242476",
        "quantity": 5,
        "cartonNumber": "1",
        "demandNumber": "",
        "trackingType": "",
        "trackingNumber": "",
        "po": "7006307900",
        "shipmentID": ""
      },
      {
        "deliveryLineNumber": 35,
        "sku": "VN0A3I6B6ZC10OS",
        "upc": "192826721594",
        "quantity": 12,
        "cartonNumber": "1",
        "demandNumber": "",
        "trackingType": "",
        "trackingNumber": "",
        "po": "7006307900",
        "shipmentID": ""
      },
      {
        "deliveryLineNumber": 36,
        "sku": "VN0A36ORY2810OS",
        "upc": "191478480347",
        "quantity": 18,
        "cartonNumber": "1",
        "demandNumber": "",
        "trackingType": "",
        "trackingNumber": "",
        "po": "7006307900",
        "shipmentID": ""
      },
      {
        "deliveryLineNumber": 37,
        "sku": "VN0A3145BLK1034REG",
        "upc": "191164073075",
        "quantity": 4,
        "cartonNumber": "1",
        "demandNumber": "",
        "trackingType": "",
        "trackingNumber": "",
        "po": "7006307900",
        "shipmentID": ""
      },
      {
        "deliveryLineNumber": 38,
        "sku": "VN0A3145BLK1032REG",
        "upc": "191164072511",
        "quantity": 8,
        "cartonNumber": "1",
        "demandNumber": "",
        "trackingType": "",
        "trackingNumber": "",
        "po": "7006307900",
        "shipmentID": ""
      },
      {
        "deliveryLineNumber": 39,
        "sku": "VN0A3145BLK1030REG",
        "upc": "191164071989",
        "quantity": 4,
        "cartonNumber": "1",
        "demandNumber": "",
        "trackingType": "",
        "trackingNumber": "",
        "po": "7006307900",
        "shipmentID": ""
      },
      {
        "deliveryLineNumber": 40,
        "sku": "VN000C32ZJK10OS",
        "upc": "192828764711",
        "quantity": 16,
        "cartonNumber": "1",
        "demandNumber": "",
        "trackingType": "",
        "trackingNumber": "",
        "po": "7006307900",
        "shipmentID": ""
      },
      {
        "deliveryLineNumber": 41,
        "sku": "VN0A4RBIEEI10XL",
        "upc": "192826806871",
        "quantity": 1,
        "cartonNumber": "1",
        "demandNumber": "",
        "trackingType": "",
        "trackingNumber": "",
        "po": "7006307900",
        "shipmentID": ""
      },
      {
        "deliveryLineNumber": 42,
        "sku": "VN0A4RBIEEI100S",
        "upc": "192826805812",
        "quantity": 5,
        "cartonNumber": "1",
        "demandNumber": "",
        "trackingType": "",
        "trackingNumber": "",
        "po": "7006307900",
        "shipmentID": ""
      },
      {
        "deliveryLineNumber": 43,
        "sku": "VN0A4RBIEEI100M",
        "upc": "192826806192",
        "quantity": 5,
        "cartonNumber": "1",
        "demandNumber": "",
        "trackingType": "",
        "trackingNumber": "",
        "po": "7006307900",
        "shipmentID": ""
      },
      {
        "deliveryLineNumber": 44,
        "sku": "VN0A4RBIEEI100L",
        "upc": "192826806574",
        "quantity": 2,
        "cartonNumber": "1",
        "demandNumber": "",
        "trackingType": "",
        "trackingNumber": "",
        "po": "7006307900",
        "shipmentID": ""
      },
      {
        "deliveryLineNumber": 45,
        "sku": "VN0A4RBHWHT10XS",
        "upc": "192826805201",
        "quantity": 2,
        "cartonNumber": "1",
        "demandNumber": "",
        "trackingType": "",
        "trackingNumber": "",
        "po": "7006307900",
        "shipmentID": ""
      },
      {
        "deliveryLineNumber": 46,
        "sku": "VN0A4RBHWHT10XL",
        "upc": "192826806703",
        "quantity": 1,
        "cartonNumber": "1",
        "demandNumber": "",
        "trackingType": "",
        "trackingNumber": "",
        "po": "7006307900",
        "shipmentID": ""
      },
      {
        "deliveryLineNumber": 47,
        "sku": "VN0A4RBHWHT100S",
        "upc": "192826805584",
        "quantity": 5,
        "cartonNumber": "1",
        "demandNumber": "",
        "trackingType": "",
        "trackingNumber": "",
        "po": "7006307900",
        "shipmentID": ""
      },
      {
        "deliveryLineNumber": 48,
        "sku": "VN0A4RBHWHT100M",
        "upc": "192826805997",
        "quantity": 5,
        "cartonNumber": "1",
        "demandNumber": "",
        "trackingType": "",
        "trackingNumber": "",
        "po": "7006307900",
        "shipmentID": ""
      },
      {
        "deliveryLineNumber": 49,
        "sku": "VN0A4RBHWHT100L",
        "upc": "192826806406",
        "quantity": 2,
        "cartonNumber": "1",
        "demandNumber": "",
        "trackingType": "",
        "trackingNumber": "",
        "po": "7006307900",
        "shipmentID": ""
      },
      {
        "deliveryLineNumber": 50,
        "sku": "VN0A4RBGEEI10XS",
        "upc": "192826804624",
        "quantity": 2,
        "cartonNumber": "1",
        "demandNumber": "",
        "trackingType": "",
        "trackingNumber": "",
        "po": "7006307900",
        "shipmentID": ""
      },
      {
        "deliveryLineNumber": 51,
        "sku": "VN0A4RBGEEI10XL",
        "upc": "192826805669",
        "quantity": 1,
        "cartonNumber": "1",
        "demandNumber": "",
        "trackingType": "",
        "trackingNumber": "",
        "po": "7006307900",
        "shipmentID": ""
      },
      {
        "deliveryLineNumber": 52,
        "sku": "VN0A4RBGEEI100S",
        "upc": "192826804808",
        "quantity": 5,
        "cartonNumber": "1",
        "demandNumber": "",
        "trackingType": "",
        "trackingNumber": "",
        "po": "7006307900",
        "shipmentID": ""
      },
      {
        "deliveryLineNumber": 53,
        "sku": "VN0A4RBGEEI100M",
        "upc": "192826804990",
        "quantity": 5,
        "cartonNumber": "1",
        "demandNumber": "",
        "trackingType": "",
        "trackingNumber": "",
        "po": "7006307900",
        "shipmentID": ""
      },
      {
        "deliveryLineNumber": 54,
        "sku": "VN0A4RBGEEI100L",
        "upc": "192826805256",
        "quantity": 2,
        "cartonNumber": "1",
        "demandNumber": "",
        "trackingType": "",
        "trackingNumber": "",
        "po": "7006307900",
        "shipmentID": ""
      },
      {
        "deliveryLineNumber": 55,
        "sku": "VN0A4RBCLKZ10XS",
        "upc": "192826809698",
        "quantity": 2,
        "cartonNumber": "1",
        "demandNumber": "",
        "trackingType": "",
        "trackingNumber": "",
        "po": "7006307900",
        "shipmentID": ""
      },
      {
        "deliveryLineNumber": 56,
        "sku": "VN0A4RBCLKZ10XL",
        "upc": "192826809797",
        "quantity": 1,
        "cartonNumber": "1",
        "demandNumber": "",
        "trackingType": "",
        "trackingNumber": "",
        "po": "7006307900",
        "shipmentID": ""
      },
      {
        "deliveryLineNumber": 57,
        "sku": "VN0A4RBCLKZ100S",
        "upc": "192826808424",
        "quantity": 10,
        "cartonNumber": "1",
        "demandNumber": "",
        "trackingType": "",
        "trackingNumber": "",
        "po": "7006307900",
        "shipmentID": ""
      },
      {
        "deliveryLineNumber": 58,
        "sku": "VN0A4RBCLKZ100M",
        "upc": "192826808752",
        "quantity": 5,
        "cartonNumber": "1",
        "demandNumber": "",
        "trackingType": "",
        "trackingNumber": "",
        "po": "7006307900",
        "shipmentID": ""
      },
      {
        "deliveryLineNumber": 59,
        "sku": "VN0A4RBCLKZ100L",
        "upc": "192826809360",
        "quantity": 2,
        "cartonNumber": "1",
        "demandNumber": "",
        "trackingType": "",
        "trackingNumber": "",
        "po": "7006307900",
        "shipmentID": ""
      },
      {
        "deliveryLineNumber": 60,
        "sku": "VN0A4RBAWHT10XS",
        "upc": "192826813695",
        "quantity": 2,
        "cartonNumber": "1",
        "demandNumber": "",
        "trackingType": "",
        "trackingNumber": "",
        "po": "7006307900",
        "shipmentID": ""
      },
      {
        "deliveryLineNumber": 61,
        "sku": "VN0A4RBAWHT10XL",
        "upc": "192826813978",
        "quantity": 3,
        "cartonNumber": "1",
        "demandNumber": "",
        "trackingType": "",
        "trackingNumber": "",
        "po": "7006307900",
        "shipmentID": ""
      },
      {
        "deliveryLineNumber": 62,
        "sku": "VN0A4RBAWHT100S",
        "upc": "192826813725",
        "quantity": 4,
        "cartonNumber": "1",
        "demandNumber": "",
        "trackingType": "",
        "trackingNumber": "",
        "po": "7006307900",
        "shipmentID": ""
      },
      {
        "deliveryLineNumber": 63,
        "sku": "VN0A4RBAWHT100M",
        "upc": "192826813763",
        "quantity": 10,
        "cartonNumber": "1",
        "demandNumber": "",
        "trackingType": "",
        "trackingNumber": "",
        "po": "7006307900",
        "shipmentID": ""
      },
      {
        "deliveryLineNumber": 64,
        "sku": "VN0A4RBAWHT100L",
        "upc": "192826813879",
        "quantity": 7,
        "cartonNumber": "1",
        "demandNumber": "",
        "trackingType": "",
        "trackingNumber": "",
        "po": "7006307900",
        "shipmentID": ""
      },
      {
        "deliveryLineNumber": 65,
        "sku": "VN0A4RB8WHT10XS",
        "upc": "192826813039",
        "quantity": 1,
        "cartonNumber": "1",
        "demandNumber": "",
        "trackingType": "",
        "trackingNumber": "",
        "po": "7006307900",
        "shipmentID": ""
      },
      {
        "deliveryLineNumber": 66,
        "sku": "VN0A4RB8WHT10XL",
        "upc": "192826813411",
        "quantity": 2,
        "cartonNumber": "1",
        "demandNumber": "",
        "trackingType": "",
        "trackingNumber": "",
        "po": "7006307900",
        "shipmentID": ""
      },
      {
        "deliveryLineNumber": 67,
        "sku": "VN0A4RB8WHT100S",
        "upc": "192826813138",
        "quantity": 2,
        "cartonNumber": "1",
        "demandNumber": "",
        "trackingType": "",
        "trackingNumber": "",
        "po": "7006307900",
        "shipmentID": ""
      }
    ]
  }
]