[
  {
    "id": "1",
    "order_number": "0085001674",
    "product_code": "VN00018T6BT102000M",
    "order_qty": "5",
    "sys_created_on": "2020-08-12 17:16:37",
    "qty_on_hand": "45",
    "qty_allocated": "0"
  },
  {
    "id": "2",
    "order_number": "0085001674",
    "product_code": "VN00018T6BT101500M",
    "order_qty": "10",
    "sys_created_on": "2020-08-12 17:16:37",
    "qty_on_hand": "90",
    "qty_allocated": "0"
  },
  {
    "id": "3",
    "order_number": "0085001674",
    "product_code": "VN00018T6BT101000M",
    "order_qty": "15",
    "sys_created_on": "2020-08-12 17:16:37",
    "qty_on_hand": "135",
    "qty_allocated": "0"
  }
]