<?xml version="1.0" encoding="UTF-8" ?><Request>
    <TransId>0000904969</TransId>
    <AccountId>11388</AccountId>
    <ShipInfo>
        <PlantId>1162</PlantId>
        <ExternDocId>2675</ExternDocId>
        <EcomOrderId>VANSHKCN000000516</EcomOrderId>
        <CarrierName>FEDEX</CarrierName>
        <TrackingNo>393322189516</TrackingNo>
        <Weight>0</Weight>
        <Cube>0</Cube>
        <CompletedDate>20200602172726</CompletedDate>
        <FinalFlag>1</FinalFlag>
        <TotalLines>1</TotalLines>
        <CurrReq>1</CurrReq>
        <TotalLeft>0</TotalLeft>
        <InvoiceInfo>
            <InvoiceItem>
                <SNo></SNo>
                <InvoiceNo></InvoiceNo>
                <Amount>690</Amount>
                <Type></Type>
                <Title></Title>
                <Content></Content>
                <InvoiceDate></InvoiceDate>
            </InvoiceItem>
        </InvoiceInfo>
        <ShipDetailInfo>
            <ItemInfo>
                <CartonNo>1</CartonNo>
                <OrderItemLine>607</OrderItemLine>
                <ItemId>VN0A4BV6V4Z106500M</ItemId>
                <ItemQty>2</ItemQty>
                <UserDefines></UserDefines>
            </ItemInfo>
        </ShipDetailInfo>
        <CartonInfo>
            <Carton>
                <CartonNo>1</CartonNo>
                <TrackingNo></TrackingNo>
                <Weight>0</Weight>
                <Cube>0</Cube>
                <CartonType></CartonType>
            </Carton>
        </CartonInfo>
    </ShipInfo>
</Request>