<?xml version="1.0" encoding="utf-8"?>
<ivc_export>
	<ivc_master>
		<OrderNumber>UQO-UQ00310027</OrderNumber>
		<DisplayOrderNumber>UQ00310027</DisplayOrderNumber>
		<ClientCode>UQO</ClientCode>
		<WarehouseID>QSAUSF</WarehouseID>
		<LoadID>UQO-UQ00310027</LoadID>
		<CustomerPONumber>200339480</CustomerPONumber>
		<StoreOrderNumber/>
		<ShipToCustCode/>
		<PartialShipmentFlag>Y</PartialShipmentFlag>
		<CancelOrderFlag>N</CancelOrderFlag>
		<Status />
		<SplitStatus />
		<UserID>TESTID</UserID>
		<Process>SHIPCONFIRM</Process>
		<ShipDate>Jan  5 2017  3:31PM</ShipDate>
		<ProNumber>TEST12345678</ProNumber>
		<SealNumber />
		<CarrierName>EPARCEL</CarrierName>
		<TrackingURL>http://www.auspost.com.au/track/track.html?id=TEST12345678</TrackingURL>
		<ivc_ship_details>
			<ivc_ship_detail>
				<ShipRefNumber />
				<TrackingNumber>TEST12345678</TrackingNumber>
				<ManifestNumber />
				<ConsignmentNumber />
				<Account />
				<CarrierCode />
				<CarrierSCAC />
				<TotalPrice />
				<InsurancePrice />
			</ivc_ship_detail>
		</ivc_ship_details>
		<ivc_master_comments>
		</ivc_master_comments>
		<ivc_details>
			<ivc_detail>
				<LineNumber>3</LineNumber>
				<ItemNumber>UQO-2000081483141</ItemNumber>
				<DisplayItemNumber>2000081483141</DisplayItemNumber>
				<LotNumber/>
				<TotalQuantity>1</TotalQuantity>
				<QuantityPicked>1</QuantityPicked>
				<QuantityShipped>1</QuantityShipped>
				<HUID/>
				<Tracking/>
				<UOM>EA</UOM>
				<Attribute1/>
				<Attribute2/>
				<Attribute3/>
				<Attribute4/>
				<Attribute5/>
				<Attribute6/>
				<Attribute7/>
				<Attribute8/>
				<Attribute9/>
				<Attribute10/>
				<Attribute11/>
				<ivc_serial_details>
					<SerialNumber />
				</ivc_serial_details>
				<ivc_detail_comments>
					<ivc_detail_comment>
						<CommentType>P Discounted Price</CommentType>
						<CommentSequence>1</CommentSequence>
						<DateEntered>Dec 21 2016 10:51AM</DateEntered>
						<CommentText>4.90</CommentText>
					</ivc_detail_comment>
					<ivc_detail_comment>
						<CommentType>R Discounted Price Curr</CommentType>
						<CommentSequence>2</CommentSequence>
						<DateEntered>Dec 21 2016 10:51AM</DateEntered>
						<CommentText>AUD</CommentText>
					</ivc_detail_comment>
				</ivc_detail_comments>
			</ivc_detail>
			<ivc_detail>
				<LineNumber>6</LineNumber>
				<ItemNumber>UQO-2000081657191</ItemNumber>
				<DisplayItemNumber>2000081657191</DisplayItemNumber>
				<LotNumber/>
				<TotalQuantity>1</TotalQuantity>
				<QuantityPicked>1</QuantityPicked>
				<QuantityShipped>1</QuantityShipped>
				<HUID/>
				<Tracking/>
				<UOM>EA</UOM>
				<Attribute1/>
				<Attribute2/>
				<Attribute3/>
				<Attribute4/>
				<Attribute5/>
				<Attribute6/>
				<Attribute7/>
				<Attribute8/>
				<Attribute9/>
				<Attribute10/>
				<Attribute11/>
				<ivc_serial_details>
					<SerialNumber />
				</ivc_serial_details>
				<ivc_detail_comments>
					<ivc_detail_comment>
						<CommentType>R Discounted Price Curr</CommentType>
						<CommentSequence>2</CommentSequence>
						<DateEntered>Dec 21 2016 10:51AM</DateEntered>
						<CommentText>AUD</CommentText>
					</ivc_detail_comment>
					<ivc_detail_comment>
						<CommentType>P Discounted Price</CommentType>
						<CommentSequence>1</CommentSequence>
						<DateEntered>Dec 21 2016 10:51AM</DateEntered>
						<CommentText>9.90</CommentText>
					</ivc_detail_comment>
				</ivc_detail_comments>
			</ivc_detail>
			<ivc_detail>
				<LineNumber>4</LineNumber>
				<ItemNumber>UQO-2000083297173</ItemNumber>
				<DisplayItemNumber>2000083297173</DisplayItemNumber>
				<LotNumber/>
				<TotalQuantity>1</TotalQuantity>
				<QuantityPicked>1</QuantityPicked>
				<QuantityShipped>1</QuantityShipped>
				<HUID/>
				<Tracking/>
				<UOM>EA</UOM>
				<Attribute1/>
				<Attribute2/>
				<Attribute3/>
				<Attribute4/>
				<Attribute5/>
				<Attribute6/>
				<Attribute7/>
				<Attribute8/>
				<Attribute9/>
				<Attribute10/>
				<Attribute11/>
				<ivc_serial_details>
					<SerialNumber />
				</ivc_serial_details>
				<ivc_detail_comments>
					<ivc_detail_comment>
						<CommentType>P Discounted Price</CommentType>
						<CommentSequence>1</CommentSequence>
						<DateEntered>Dec 21 2016 10:51AM</DateEntered>
						<CommentText>9.90</CommentText>
					</ivc_detail_comment>
					<ivc_detail_comment>
						<CommentType>R Discounted Price Curr</CommentType>
						<CommentSequence>2</CommentSequence>
						<DateEntered>Dec 21 2016 10:51AM</DateEntered>
						<CommentText>AUD</CommentText>
					</ivc_detail_comment>
				</ivc_detail_comments>
			</ivc_detail>
			<ivc_detail>
				<LineNumber>5</LineNumber>
				<ItemNumber>UQO-2000082792303</ItemNumber>
				<DisplayItemNumber>2000082792303</DisplayItemNumber>
				<LotNumber/>
				<TotalQuantity>1</TotalQuantity>
				<QuantityPicked>1</QuantityPicked>
				<QuantityShipped>1</QuantityShipped>
				<HUID/>
				<Tracking/>
				<UOM>EA</UOM>
				<Attribute1/>
				<Attribute2/>
				<Attribute3/>
				<Attribute4/>
				<Attribute5/>
				<Attribute6/>
				<Attribute7/>
				<Attribute8/>
				<Attribute9/>
				<Attribute10/>
				<Attribute11/>
				<ivc_serial_details>
					<SerialNumber />
				</ivc_serial_details>
				<ivc_detail_comments>
					<ivc_detail_comment>
						<CommentType>P Discounted Price</CommentType>
						<CommentSequence>1</CommentSequence>
						<DateEntered>Dec 21 2016 10:51AM</DateEntered>
						<CommentText>19.90</CommentText>
					</ivc_detail_comment>
					<ivc_detail_comment>
						<CommentType>R Discounted Price Curr</CommentType>
						<CommentSequence>2</CommentSequence>
						<DateEntered>Dec 21 2016 10:51AM</DateEntered>
						<CommentText>AUD</CommentText>
					</ivc_detail_comment>
				</ivc_detail_comments>
			</ivc_detail>
			<ivc_detail>
				<LineNumber>2</LineNumber>
				<ItemNumber>UQO-2000080069438</ItemNumber>
				<DisplayItemNumber>2000080069438</DisplayItemNumber>
				<LotNumber/>
				<TotalQuantity>1</TotalQuantity>
				<QuantityPicked>1</QuantityPicked>
				<QuantityShipped>1</QuantityShipped>
				<HUID/>
				<Tracking/>
				<UOM>EA</UOM>
				<Attribute1/>
				<Attribute2/>
				<Attribute3/>
				<Attribute4/>
				<Attribute5/>
				<Attribute6/>
				<Attribute7/>
				<Attribute8/>
				<Attribute9/>
				<Attribute10/>
				<Attribute11/>
				<ivc_serial_details>
					<SerialNumber />
				</ivc_serial_details>
				<ivc_detail_comments>
					<ivc_detail_comment>
						<CommentType>R Discounted Price Curr</CommentType>
						<CommentSequence>2</CommentSequence>
						<DateEntered>Dec 21 2016 10:51AM</DateEntered>
						<CommentText>AUD</CommentText>
					</ivc_detail_comment>
					<ivc_detail_comment>
						<CommentType>P Discounted Price</CommentType>
						<CommentSequence>1</CommentSequence>
						<DateEntered>Dec 21 2016 10:51AM</DateEntered>
						<CommentText>4.90</CommentText>
					</ivc_detail_comment>
				</ivc_detail_comments>
			</ivc_detail>
		</ivc_details>
	</ivc_master>
</ivc_export>