<?xml version="1.0" encoding="UTF-8" ?>
<Request>
    <TransId>0000910186</TransId>
    <AccountId>11388</AccountId>
    <ReceiveInfo>
        <PlantId>1162</PlantId>
        <ExternDocId>992</ExternDocId>
        <EcomReceiveId>RVMY000000139</EcomReceiveId>
        <EcomOrderId>VANSMY1000000733</EcomOrderId>
        <CompletedDate>20200728122939</CompletedDate>
        <CarrierName>FEDEX</CarrierName>
        <TrackingNo>791068262703</TrackingNo>
        <FinalFlag>1</FinalFlag>
        <TotalLines>1</TotalLines>
        <CurrReq>1</CurrReq>
        <TotalLeft>0</TotalLeft>
        <ReceiveDetailInfo>
            <ItemInfo>
                <ReceiveItemLine>13745</ReceiveItemLine>
                <ItemId>VN000D3HY28109500M</ItemId>
                <ItemQty>1</ItemQty>
                <ReceivedQty>1</ReceivedQty>
                <ItemStatus>UR</ItemStatus>
                <UserDefines/>
            </ItemInfo>
        </ReceiveDetailInfo>
    </ReceiveInfo>
</Request>