﻿<?xml version="1.0" encoding="utf-8"?>
<ShipConfirmation>
  <ConfirmationHeader>
    <OrderID>SOIM300029</OrderID>
    <MerchantID>HCK</MerchantID>
    <WarehouseID>QSHKKT</WarehouseID>
    <Carrier>EZYPARCELS</Carrier>
    <TrackingURL>http://www.quantiumaspac.com/tracker/trackapi.aspx?trackno=471041</TrackingURL>
  </ConfirmationHeader>
  <ConfirmationDetail>
    <ShipmentDetail>
      <ShipmentLine>
        <LineNumber>1</LineNumber>
        <ShipDate>09/25/2015 15:42:43</ShipDate>
        <TrackingNumber>471041</TrackingNumber>
        <TotalWeight>1.</TotalWeight>
        <TotalVolume>0.</TotalVolume>
      </ShipmentLine>
    </ShipmentDetail>
    <ItemDetail>
      <ItemLine>
        <LineNumber>1</LineNumber>
        <SKU>TESTSKUB</SKU>
        <LotNumber></LotNumber>
        <QuantityShipped>1</QuantityShipped>
        <InventoryStatus>OK</InventoryStatus>
        <ExpiryDate>01/01/1900 12:00:00</ExpiryDate>
        <SerialDetail />
      </ItemLine>
    </ItemDetail>
  </ConfirmationDetail>
</ShipConfirmation>