<?xml version="1.0" encoding="UTF-8"?>
<orders customerOrderNumber="CKKD800161945" id="CKKD800161945" date="2020-10-28 03:26:35">
    <customer>
        <emailAddress>xxxcho99@naver.com</emailAddress>
        <addresses>
            <address type="BILLING">
                <firstName>초은</firstName>
                <lastName>김</lastName>
                <address1>도봉로96가길32</address1>
                <address2>디에스빌103호</address2>
                <city>강북구</city>
                <state>Seoul</state>
                <postalCode>01057</postalCode>
                <country>KR</country>
                <phone>
                    <type>UNKNOWN</type>
                    <number>010-8672-8027</number>
                </phone>
            </address>
            <address type="SHIPPING">
                <firstName>초은</firstName>
                <lastName>김</lastName>
                <address1>도봉로96가길32</address1>
                <address2>디에스빌103호</address2>
                <city>강북구</city>
                <state>Seoul</state>
                <postalCode>01057</postalCode>
                <country>KR</country>
                <phone>
                    <type>UNKNOWN</type>
                    <number>010-8672-8027</number>
                </phone>
            </address>
        </addresses>
        <subscriptions>
            <list id="Master" name="Master">
                <status>SUBSCRIBED</status>
            </list>
        </subscriptions>
    </customer>
    <lines>
        <line id="CKKD800161945|011334496100|1">
            <quantity>1.0</quantity>
            <product id="011334496100" catalog="CK" type="simple">
                <sku>011334496100</sku>
                <description>테크 CK 모노그램 로고 핸드폰 케이스</description>
                <price currency="KRW">29500.00</price>
            </product>
            <gift>
                <message/>
            </gift>
        </line>
    </lines>
    <discount type="COUPON">
        <code/>
        <message/>
        <amount currency="KRW">0</amount>
    </discount>
    <lineTotal currency="KRW">29500</lineTotal>
    <shipping currency="KRW">2500</shipping>
    <tax>
        <code>VAT</code>
        <amount type="percentage" rate="0" currency="KRW">0</amount>
    </tax>
    <total currency="KRW">32000</total>
    <payment creditMemo="online">Adyen</payment>
    <store id="88" code="CK" platform="DEMANDWARE">
        <name>Example</name>
        <url>http://www.example.com</url>
    </store>
    <extValue type="varchar" name="shipmentMethod">korea-shipping</extValue>
    <extValue type="varchar" name="customPaymentMethod">Adyen</extValue>
    <extValue type="varchar" name="orderDiscountCode"/>
    <extValue type="varchar" name="orderSiteId">calvinklein-kr</extValue>
    <extValue type="decimal" name="customTax">0.00</extValue>
    <extValue type="decimal" name="customTaxPercentage">0.00</extValue>
    <extValue type="decimal" name="customTaxThreshold">0.00</extValue>
</orders>