<?xml version="1.0" encoding="UTF-8"?>
<!DOCTYPE cXML SYSTEM "http://xml.cXML.org/schemas/cXML/1.2.023/cXML.dtd">
<cXML payloadID="MU-00069359" timestamp="2016-08-03T23:43:32+08:00" xml:lang="en-US">
	<Header>
		<From>
			<Credential domain="SupplizerNetworkId">
				<Identity>01</Identity>
			</Credential>
		</From>
		<To>
			<Credential domain="UQO">
				<Identity>02</Identity>
			</Credential>
		</To>
		<Sender>
			<Credential domain="SupplizerNetworkId">
				<Identity>01</Identity>
				<SharedSecret>prettyboyfloyd</SharedSecret>
			</Credential>
			<UserAgent>Supplizer 1.0</UserAgent>
		</Sender>
	</Header>
	<Request deploymentMode="test">
		<OrderRequest>
			<OrderRequestHeader orderID="MU-00069359" orderDate="2016-08-03T23:43:30+08:00" type="new">
				<Total>
					<Money currency="USD">0</Money>
				</Total>
				<ShipTo>
					<Address>
						<Name xml:lang="en-US">SPeCommerce</Name>
						<PostalAddress name="endUser">
							<DeliverTo>SPeCommerce</DeliverTo>
							<DeliverTo>10 Eunos Rd 8</DeliverTo>
							<Street>#07-01</Street>
							<City>kuantan</City>
							<State/>
							<PostalCode>25000</PostalCode>
							<Country isoCountryCode="MY">Malaysia</Country>
						</PostalAddress>
					</Address>
				</ShipTo>
				<CustomerBillTo>
					<Address>
						<Name xml:lang="en-US">SPeCommerce</Name>
						<PostalAddress name="customerBilling">
							<Street>#07-01</Street>
							<StreetAdditional>10 Eunos Rd 8</StreetAdditional>
							<City>kuantan</City>
							<State/>
							<PostalCode>25000</PostalCode>
							<Country isoCountryCode="MY">Malaysia</Country>
						</PostalAddress>
					</Address>
					<Email/>
					<Phone name="Cell">
						<TelephoneNumber>88889999</TelephoneNumber>
					</Phone>
				</CustomerBillTo>
				<BillTo>
					<Address>
						<Name xml:lang="en-US">SingPost eCommerce Pvt Ltd</Name>
						<PostalAddress name="Headerquarters">
							<Street>10 Eunos Road 8</Street>
							<City>Singapore</City>
							<State/>
							<PostalCode>408600</PostalCode>
							<Country isoCountryCode="SG"/>
						</PostalAddress>
						<Phone name="Office">
							<TelephoneNumber>
								<CountryCode isoCountryCode="SG">65</CountryCode>
								<AreaOrCityCode/>
								<Number/>
							</TelephoneNumber>
						</Phone>
					</Address>
				</BillTo>
				<Shipping>
					<Money currency="MYR">0</Money>
					<Description xml:lang="en-US">SING CG</Description>
				</Shipping>
				<Contact role="endUser">
					<Name xml:lang="en-US">SPeCommerce</Name>
					<Email>test@example.net</Email>
					<Phone name="Cell">
						<TelephoneNumber>
							<CountryCode isoCountryCode="MY">60</CountryCode>
							<AreaOrCityCode>012</AreaOrCityCode>
							<Number>88889999</Number>
						</TelephoneNumber>
					</Phone>
				</Contact>
				<CustomerOrder>
					<LineTotal>
						<Money currency="MYR">53.20</Money>
					</LineTotal>
					<Promotion type="COUPON" code="">
						<Discount type="" rate="">
							<Money currency="MYR">0.00</Money>
						</Discount>
					</Promotion>
					<ShippingCharge carrier="">
						<Money currency="MYR">20.00</Money>
					</ShippingCharge>
					<OrderTotal>
						<Money currency="MYR">73.20</Money>
					</OrderTotal>
				</CustomerOrder>
				<Extrinsic name="CustomerOrderNumber">200092363</Extrinsic>
				<Extrinsic name="VendorId">15</Extrinsic>
				<Extrinsic name="VendorName">Uniqlo-MY</Extrinsic>
			</OrderRequestHeader>
			<ItemOut quantity="1" lineNumber="2000079173559">
				<ItemID>
					<SupplierPartID>2000079173559</SupplierPartID>
				</ItemID>
				<ItemDetail>
					<UnitPrice>
						<Money currency="MYR">0.00</Money>
					</UnitPrice>
					<Description xml:lang="en-US">MEN Pile Colour Block Short So|Red|No Control|</Description>
					<UnitOfMeasure>EA</UnitOfMeasure>
					<Classification domain="UNSPSC">000000</Classification>
					<Extrinsic name="DropShipFee">0.00</Extrinsic>
					<Extrinsic name="retail">13.30</Extrinsic>
					<Extrinsic name="retailCurrencyCode">MYR</Extrinsic>
				</ItemDetail>
			</ItemOut>
			<ItemOut quantity="1" lineNumber="2000085652239">
				<ItemID>
					<SupplierPartID>2000085652239</SupplierPartID>
				</ItemID>
				<ItemDetail>
					<UnitPrice>
						<Money currency="MYR">0.00</Money>
					</UnitPrice>
					<Description xml:lang="en-US">MEN Pile Mesh Short Socks|DARK GRAY|No Control|</Description>
					<UnitOfMeasure>EA</UnitOfMeasure>
					<Classification domain="UNSPSC">000000</Classification>
					<Extrinsic name="DropShipFee">0.00</Extrinsic>
					<Extrinsic name="retail">13.30</Extrinsic>
					<Extrinsic name="retailCurrencyCode">MYR</Extrinsic>
				</ItemDetail>
			</ItemOut>
			<ItemOut quantity="1" lineNumber="2000085652246">
				<ItemID>
					<SupplierPartID>2000085652246</SupplierPartID>
				</ItemID>
				<ItemDetail>
					<UnitPrice>
						<Money currency="MYR">0.00</Money>
					</UnitPrice>
					<Description xml:lang="en-US">MEN Pile Mesh Short Socks|BLACK|No Control|</Description>
					<UnitOfMeasure>EA</UnitOfMeasure>
					<Classification domain="UNSPSC">000000</Classification>
					<Extrinsic name="DropShipFee">0.00</Extrinsic>
					<Extrinsic name="retail">13.30</Extrinsic>
					<Extrinsic name="retailCurrencyCode">MYR</Extrinsic>
				</ItemDetail>
			</ItemOut>
			<ItemOut quantity="1" lineNumber="2000085928754">
				<ItemID>
					<SupplierPartID>2000085928754</SupplierPartID>
				</ItemID>
				<ItemDetail>
					<UnitPrice>
						<Money currency="MYR">0.00</Money>
					</UnitPrice>
					<Description xml:lang="en-US">MEN Slub Short Socks|DARK GRAY|No Control|</Description>
					<UnitOfMeasure>EA</UnitOfMeasure>
					<Classification domain="UNSPSC">000000</Classification>
					<Extrinsic name="DropShipFee">0.00</Extrinsic>
					<Extrinsic name="retail">13.30</Extrinsic>
					<Extrinsic name="retailCurrencyCode">MYR</Extrinsic>
				</ItemDetail>
			</ItemOut>
		</OrderRequest>
	</Request>
</cXML>