<?xml version="1.0" encoding="UTF-8"?>
<DeliveryOrder>
    <TransactionType>NEW</TransactionType>
    <OrderHeader>
        <OrderID>TU-00494869</OrderID>
        <AlternateOrderID>200567061</AlternateOrderID>
        <MerchantID>UQT</MerchantID>
        <WarehouseID>QSTHBN</WarehouseID>
        <OrderType>Sales Orders</OrderType>
        <PartialOrder>N</PartialOrder>
        <PreOrder>N</PreOrder>
        <BackOrder>N</BackOrder>
        <VIPOrder>N</VIPOrder>
        <DisplayableOrderID>200567061</DisplayableOrderID>
        <DisplayableOrderDate>06/12/2019 09:59:22</DisplayableOrderDate>
        <CustomerPO>200567061</CustomerPO>
    </OrderHeader>
    <OrderDetail>
        <ShippingInformation>
            <ShipToAddress>
                <Name>Supawee Piamduaytham</Name>
                <AddressLine1>888 หมู่ 10 ต.ทุ่งคอก</AddressLine1>
                <AddressLine2></AddressLine2>
                <AddressLine3></AddressLine3>
                <City>สองพี่น้อง</City>
                <State>Suphanburi</State>
                <PostalCode>72190</PostalCode>
                <CountryName>Thailand</CountryName>
                <CountryCode>TH</CountryCode>
                <ContactNo>+66922659156</ContactNo>
                <Email>supawee.p@gmail.com</Email>
                <ShipToAttention />
            </ShipToAddress>
            <Carrier>EZYPARCELS2</Carrier>
            <ShippingMethod>QSDDP1</ShippingMethod>
            <PickupTime />
            <NonDeliveryInstructions />
            <EarliestShipDate>06/12/2019 09:59:22</EarliestShipDate>
            <LatestShipDate />
            <BOLNumber />
            <MasterBOLNumber />
            <Comments>
                <Comment>
                    <CommentSequence>1</CommentSequence>
                    <CommentType>P Total Price</CommentType>
                    <CommentValue>1760.00</CommentValue>
                </Comment>
                <Comment>
                    <CommentSequence>2</CommentSequence>
                    <CommentType>Shipping Fee</CommentType>
                    <CommentValue>0.00</CommentValue>
                </Comment>
            </Comments>
        </ShippingInformation>
        <BillingInformation>
            <BillToAddress>
                <Name>Supawee Piamduaytham</Name>
                <AddressLine1>888 หมู่ 10 ต.ทุ่งคอก</AddressLine1>
                <AddressLine2></AddressLine2>
                <AddressLine3></AddressLine3>
                <City>สองพี่น้อง</City>
                <State>Suphanburi</State>
                <PostalCode>72190</PostalCode>
                <CountryName>Thailand</CountryName>
                <CountryCode>TH</CountryCode>
                <ContactNo>+66922659156</ContactNo>
                <Email />
            </BillToAddress>
            <FreightCost>1760.00</FreightCost>
            <PromoCode />
            <DiscountAmount>0.00</DiscountAmount>
            <TaxAmount>115.14</TaxAmount>
            <Currency>THB</Currency>
        </BillingInformation>
        <Customs>
            <ShipmentCategory>Game</ShipmentCategory>
            <EnhancedLiabilityInsurance>N</EnhancedLiabilityInsurance>
            <InsuranceAmount />
            <CODFlag>N</CODFlag>
            <CODAmount />
            <CODOption>N</CODOption>
            <Currency>THB</Currency>
        </Customs>
        <ValueAddedService>
            <GiftWrap>N</GiftWrap>
            <BubbleWrap>N</BubbleWrap>
            <PaperStuffing>N</PaperStuffing>
            <SecuritySeal>N</SecuritySeal>
            <GiftBox>N</GiftBox>
            <GiftMessage></GiftMessage>
        </ValueAddedService>
        <ItemDetail>
            <ItemLine>
                <LineNumber>1</LineNumber>
                <SKU>2000124365892</SKU>
                <ProductName>WOMEN เสื้อ คอสูง แขนยาว|Blue|M|</ProductName>
                <Quantity>1</Quantity>
                <InventoryStatus>OK</InventoryStatus>
                <UnitUOM>EA</UnitUOM>
                <ItemBillingInformation>
                    <RetailPrice>290.00</RetailPrice>
                    <CostPrice>290.00</CostPrice>
                    <PromoCode />
                    <DiscountAmount />
                    <TaxAmount />
                    <Currency>THB</Currency>
                </ItemBillingInformation>
            </ItemLine>
            <ItemLine>
                <LineNumber>2</LineNumber>
                <SKU>2000123900629</SKU>
                <ProductName>WOMEN เสื้อคอสูง ผ้าฝ้าย แขนยา|GRAY|S|</ProductName>
                <Quantity>1</Quantity>
                <InventoryStatus>OK</InventoryStatus>
                <UnitUOM>EA</UnitUOM>
                <ItemBillingInformation>
                    <RetailPrice>290.00</RetailPrice>
                    <CostPrice>290.00</CostPrice>
                    <PromoCode />
                    <DiscountAmount />
                    <TaxAmount />
                    <Currency>THB</Currency>
                </ItemBillingInformation>
            </ItemLine>
            <ItemLine>
                <LineNumber>3</LineNumber>
                <SKU>2000124203118</SKU>
                <ProductName>WOMEN IDLF เชิ้ต ผ้าฝ้าย แขนยา|NAVY|XS|</ProductName>
                <Quantity>1</Quantity>
                <InventoryStatus>OK</InventoryStatus>
                <UnitUOM>EA</UnitUOM>
                <ItemBillingInformation>
                    <RetailPrice>590.00</RetailPrice>
                    <CostPrice>590.00</CostPrice>
                    <PromoCode />
                    <DiscountAmount />
                    <TaxAmount />
                    <Currency>THB</Currency>
                </ItemBillingInformation>
            </ItemLine>
            <ItemLine>
                <LineNumber>4</LineNumber>
                <SKU>2000122604849</SKU>
                <ProductName>WOMEN กางเกง EZY ขา 5 ส่วน|GRAY|L|</ProductName>
                <Quantity>1</Quantity>
                <InventoryStatus>OK</InventoryStatus>
                <UnitUOM>EA</UnitUOM>
                <ItemBillingInformation>
                    <RetailPrice>590.00</RetailPrice>
                    <CostPrice>590.00</CostPrice>
                    <PromoCode />
                    <DiscountAmount />
                    <TaxAmount />
                    <Currency>THB</Currency>
                </ItemBillingInformation>
            </ItemLine>
        </ItemDetail>
    </OrderDetail>
</DeliveryOrder>