<?xml version="1.0" encoding="utf-8"?>
<ShipConfirmation>
	<ConfirmationHeader>
		<OrderID>CL-9000003</OrderID>
		<MerchantID>HCL</MerchantID>
		<WarehouseID>QSHKKT</WarehouseID>
		<Carrier>EZYPARCELS</Carrier>
		<TrackingURL>http://www.quantiumaspac.com/tracker/trackapi.aspx?trackno=TRACK33333</TrackingURL>
	</ConfirmationHeader>
	<ConfirmationDetail>
		<ShipmentDetail>
			<ShipmentLine>
				<LineNumber>1</LineNumber>
				<ShipDate>11/03/2015 16:39:00</ShipDate>
				<TrackingNumber>TRACK33333</TrackingNumber>
				<TotalWeight>0.</TotalWeight>
				<TotalVolume>0.</TotalVolume>
			</ShipmentLine>
		</ShipmentDetail>
		<ItemDetail>
			<ItemLine>
				<LineNumber>2</LineNumber>
				<SKU>3380810505108</SKU>
				<LotNumber/>
				<QuantityShipped>4</QuantityShipped>
				<InventoryStatus>OK</InventoryStatus>
				<ExpiryDate>01/01/1900 12:00:00</ExpiryDate>
				<SerialDetail>
					<SerialNumber>SN33333333</SerialNumber>
                                        <SerialNumber>SN44444444</SerialNumber>
                                        <SerialNumber>SN55555555</SerialNumber>
                                        <SerialNumber>SN66666666</SerialNumber>
				</SerialDetail>
			</ItemLine>
			<ItemLine>
				<LineNumber>1</LineNumber>
				<SKU>3380813033103</SKU>
				<LotNumber/>
				<QuantityShipped>1</QuantityShipped>
				<InventoryStatus>OK</InventoryStatus>
				<ExpiryDate>01/01/1900 12:00:00</ExpiryDate>
				<SerialDetail />
			</ItemLine>
		</ItemDetail>
	</ConfirmationDetail>
</ShipConfirmation>