<?xml version="1.0" encoding="UTF-8" ?>
<Request>
	<TransId>0000913706</TransId>
	<AccountId>11388</AccountId>
	<ReceiveInfo>
		<PlantId>1162</PlantId>
		<ExternDocId>0088366999</ExternDocId>
		<EcomReceiveId>0088366999</EcomReceiveId>
		<EcomOrderId>0088366999</EcomOrderId>
		<CompletedDate>20200804182735</CompletedDate>
		<CarrierName>FEDEX</CarrierName>
		<TrackingNo/>
		<FinalFlag>1</FinalFlag>
		<TotalLines>3</TotalLines>
		<CurrReq>3</CurrReq>
		<TotalLeft>0</TotalLeft>
		<ReceiveDetailInfo>			
			<ItemInfo>
				<ReceiveItemLine>14765</ReceiveItemLine>
				<ItemId>VN000D3HBKA111500M</ItemId>
				<ItemQty>100</ItemQty>
				<ReceivedQty>100</ReceivedQty>
				<ItemStatus>UR</ItemStatus>
				<UserDefines/>
			</ItemInfo>
			<ItemInfo>
				<ReceiveItemLine>14766</ReceiveItemLine>
				<ItemId>VN000D3HBKA113000M</ItemId>
				<ItemQty>100</ItemQty>
				<ReceivedQty>100</ReceivedQty>
				<ItemStatus>UR</ItemStatus>
				<UserDefines/>
			</ItemInfo>
                        <ItemInfo>
				<ReceiveItemLine>14766</ReceiveItemLine>
				<ItemId>VN000D3HBKA114000M</ItemId>
				<ItemQty>100</ItemQty>
				<ReceivedQty>100</ReceivedQty>
				<ItemStatus>UR</ItemStatus>
				<UserDefines/>
			</ItemInfo>
		</ReceiveDetailInfo>
	</ReceiveInfo>
</Request>