<?xml version="1.0" encoding="UTF-8"?>
<Request>
    <TransId>892743</TransId>
    <AccountId>11388</AccountId>
    <ReceiveInfo>
        <PlantId>1162</PlantId>
        <ExternDocId>743</ExternDocId>
        <EcomReceiveId>RVHKCN000000088</EcomReceiveId>
        <EcomOrderId>VANSHKCN1000000605</EcomOrderId>
        <StoreName />
        <DocType>R</DocType>
        <CarrierName />
        <TrackingNo />
        <BuyerInfo>
            <BuyerId>36</BuyerId>
            <BuyerName />
            <Zip />
            <Mobile />
            <Tel />
            <State />
            <City />
            <Province />
            <Address>,</Address>
        </BuyerInfo>
        <Comments>
            <Comment1 />
            <Comment2 />
        </Comments>
        <FinalFlag>1</FinalFlag>
        <TotalLines>2</TotalLines>
        <CurrReq>2</CurrReq>
        <TotalLeft>0</TotalLeft>
        <ReceiveDetailInfo>
            <ItemInfo>
                <ReceiveItemLine>2263</ReceiveItemLine>
                <ItemId>VN0A49T5WHT10XL</ItemId>
                <ItemQty>2</ItemQty>
                <UnitPrice />
                <Comments />
            </ItemInfo>
            <ItemInfo>
                <ReceiveItemLine>2265</ReceiveItemLine>
                <ItemId>VN0A48B6WHT10XL</ItemId>
                <ItemQty>1</ItemQty>
                <UnitPrice />
                <Comments />
            </ItemInfo>
        </ReceiveDetailInfo>
    </ReceiveInfo>
</Request>