<?xml version="1.0" encoding="UTF-8"?>
<orders xmlns="http://www.demandware.com/xml/impex/order/2006-10-31">
    <order order-no="UA043041">
        <order-date>2015-11-09T07:52:45.000Z</order-date>
        <created-by>storefront</created-by>
        <original-order-no>UA043041</original-order-no>
        <currency>SGD</currency>
        <customer-locale>en_SG</customer-locale>
        <taxation>gross</taxation>
        <invoice-no>00058574</invoice-no>
        <customer>
            <customer-no>00297090</customer-no>
            <customer-name>Laura Young</customer-name>
            <customer-email>young43898@sas.edu.sg</customer-email>
            <billing-address>
                <first-name>Laura</first-name>
                <last-name>Young</last-name>
                <address1>99 Woodgrove Avenue at</address1>
                <address2>Woodhaven</address2>
                <city>Singapore</city>
                <postal-code>737822</postal-code>
                <country-code>SG</country-code>
                <phone>6581182084</phone>
            </billing-address>
        </customer>
        <status>
            <order-status>NEW</order-status>
            <shipping-status>NOT_SHIPPED</shipping-status>
            <confirmation-status>NOT_CONFIRMED</confirmation-status>
            <payment-status>PAID</payment-status>
        </status>
        <current-order-no>UA043041</current-order-no>
        <product-lineitems>
            <product-lineitem>
                <net-price>111.21</net-price>
                <tax>7.79</tax>
                <gross-price>119.00</gross-price>
                <base-price>119.00</base-price>
                <lineitem-text>Men's UA Jet Basketball Shoes </lineitem-text>
                <tax-basis>119.00</tax-basis>
                <position>1</position>
                <product-id>888728073922</product-id>
                <product-name>Men's UA Jet Basketball Shoes </product-name>
                <quantity unit="1">1.0</quantity>
                <tax-rate>0.07</tax-rate>
                <shipment-id>00040541</shipment-id>
                <gift>false</gift>
                <custom-attributes>
                    <custom-attribute attribute-id="proratedOrderLevelDiscount">0.0</custom-attribute>
                    <custom-attribute attribute-id="sku">1259015-020-8</custom-attribute>
                </custom-attributes>
            </product-lineitem>
        </product-lineitems>
        <shipping-lineitems>
            <shipping-lineitem>
                <net-price>0.00</net-price>
                <tax>0.00</tax>
                <gross-price>0.00</gross-price>
                <base-price>0.00</base-price>
                <lineitem-text>Shipping</lineitem-text>
                <tax-basis>0.00</tax-basis>
                <item-id>STANDARD_SHIPPING</item-id>
                <shipment-id>00040541</shipment-id>
                <tax-rate>0.07</tax-rate>
            </shipping-lineitem>
        </shipping-lineitems>
        <shipments>
            <shipment shipment-id="00040541">
                <status>
                    <shipping-status>NOT_SHIPPED</shipping-status>
                </status>
                <shipping-method>SG-express-shipping</shipping-method>
                <shipping-address>
                    <first-name>Laura</first-name>
                    <last-name>Young</last-name>
                    <address1>99 Woodgrove Avenue at</address1>
                    <address2>Woodhaven</address2>
                    <city>Singapore</city>
                    <postal-code>737822</postal-code>
                    <country-code>SG</country-code>
                    <phone>6581182084</phone>
                    <custom-attributes>
                        <custom-attribute attribute-id="validationStatus">Verified</custom-attribute>
                    </custom-attributes>
                </shipping-address>
                <gift>false</gift>
                <totals>
                    <merchandize-total>
                        <net-price>111.21</net-price>
                        <tax>7.79</tax>
                        <gross-price>119.00</gross-price>
                    </merchandize-total>
                    <adjusted-merchandize-total>
                        <net-price>111.21</net-price>
                        <tax>7.79</tax>
                        <gross-price>119.00</gross-price>
                    </adjusted-merchandize-total>
                    <shipping-total>
                        <net-price>0.00</net-price>
                        <tax>0.00</tax>
                        <gross-price>0.00</gross-price>
                    </shipping-total>
                    <adjusted-shipping-total>
                        <net-price>0.00</net-price>
                        <tax>0.00</tax>
                        <gross-price>0.00</gross-price>
                    </adjusted-shipping-total>
                    <shipment-total>
                        <net-price>111.21</net-price>
                        <tax>7.79</tax>
                        <gross-price>119.00</gross-price>
                    </shipment-total>
                </totals>
            </shipment>
        </shipments>
        <totals>
            <merchandize-total>
                <net-price>111.21</net-price>
                <tax>7.79</tax>
                <gross-price>119.00</gross-price>
            </merchandize-total>
            <adjusted-merchandize-total>
                <net-price>111.21</net-price>
                <tax>7.79</tax>
                <gross-price>119.00</gross-price>
            </adjusted-merchandize-total>
            <shipping-total>
                <net-price>0.00</net-price>
                <tax>0.00</tax>
                <gross-price>0.00</gross-price>
            </shipping-total>
            <adjusted-shipping-total>
                <net-price>0.00</net-price>
                <tax>0.00</tax>
                <gross-price>0.00</gross-price>
            </adjusted-shipping-total>
            <order-total>
                <net-price>111.21</net-price>
                <tax>7.79</tax>
                <gross-price>119.00</gross-price>
            </order-total>
        </totals>
        <payments>
            <payment>
                <custom-method>
                    <method-name>Adyen</method-name>
                </custom-method>
                <amount>119.00</amount>
                <processor-id>Adyen</processor-id>
            </payment>
        </payments>
        <notes>
            <note>
                <created-by>storefront</created-by>
                <creation-date>2015-11-09T07:55:02.000Z</creation-date>
                <subject>Adyen Payment Notification</subject>
                <text>AdyenNotification v 4d - Payment info (Called from : 91.212.42.11)
================================================================
reason : 421249:0715:9/2017
eventDate : 2015-11-09T07:55:02.40Z
merchantReference : UA043041
currency : SGD
pspReference : 4714470556761182
merchantAccountCode : SPEC_UA_SG
eventCode : AUTHORISATION
value : 11900
operations : CANCEL,CAPTURE,REFUND
success : true
paymentMethod : mc
live : true</text>
            </note>
            <note>
                <created-by>storefront</created-by>
                <creation-date>2015-11-09T07:55:03.000Z</creation-date>
                <subject>Adyen Payment Completion</subject>
                <text>Auth Result:AUTHORISED</text>
            </note>
            <note>
                <created-by>storefront</created-by>
                <creation-date>2015-11-09T07:57:11.000Z</creation-date>
                <subject>Adyen Payment Notification</subject>
                <text>AdyenNotification v 4d - Payment info (Called from : 82.199.90.162)
================================================================
reason : 421249:0715:9/2017
eventDate : 2015-11-09T07:55:18.24Z
merchantReference : UA043041
currency : SGD
pspReference : 4714470556761182
merchantAccountCode : SPEC_UA_SG
eventCode : AUTHORISATION
value : 11900
operations : CANCEL,CAPTURE,REFUND
success : true
paymentMethod : mc
live : true</text>
            </note>
        </notes>
        <custom-attributes>
            <custom-attribute attribute-id="Adyen_eventCode">AUTHORISATION</custom-attribute>
            <custom-attribute attribute-id="Adyen_paymentMethod">mc</custom-attribute>
            <custom-attribute attribute-id="Adyen_pspReference">4714470556761182</custom-attribute>
            <custom-attribute attribute-id="Adyen_value">11900</custom-attribute>
            <custom-attribute attribute-id="customerCountry">SG</custom-attribute>
            <custom-attribute attribute-id="customerLocale">en_SG</custom-attribute>
        </custom-attributes>
    </order>

    <order order-no="UA043101">
        <order-date>2015-11-09T07:55:07.000Z</order-date>
        <created-by>storefront</created-by>
        <original-order-no>UA043101</original-order-no>
        <currency>SGD</currency>
        <customer-locale>en_SG</customer-locale>
        <taxation>gross</taxation>
        <invoice-no>00057747</invoice-no>
        <customer>
            <customer-no>00297001</customer-no>
            <customer-name>Peter Klein</customer-name>
            <customer-email>pklein37@gmail.com</customer-email>
            <billing-address>
                <first-name>Peter</first-name>
                <last-name>Klein</last-name>
                <address1>10 Mount Sophia</address1>
                <address2>8@Mount Sophia #09-32</address2>
                <city>Singapore</city>
                <postal-code>228459</postal-code>
                <country-code>SG</country-code>
                <phone>81622660</phone>
            </billing-address>
        </customer>
        <status>
            <order-status>NEW</order-status>
            <shipping-status>NOT_SHIPPED</shipping-status>
            <confirmation-status>NOT_CONFIRMED</confirmation-status>
            <payment-status>PAID</payment-status>
        </status>
        <current-order-no>UA043101</current-order-no>
        <product-lineitems>
            <product-lineitem>
                <net-price>55.14</net-price>
                <tax>3.86</tax>
                <gross-price>59.00</gross-price>
                <base-price>59.00</base-price>
                <lineitem-text>Men's UA Raid Exo 8" Shorts</lineitem-text>
                <tax-basis>59.00</tax-basis>
                <position>1</position>
                <product-id>888376922252</product-id>
                <product-name>Men's UA Raid Exo 8" Shorts</product-name>
                <quantity unit="1">1.0</quantity>
                <tax-rate>0.07</tax-rate>
                <shipment-id>00040247</shipment-id>
                <gift>false</gift>
                <custom-attributes>
                    <custom-attribute attribute-id="proratedOrderLevelDiscount">0.0</custom-attribute>
                    <custom-attribute attribute-id="sku">1264050-002-LG</custom-attribute>
                </custom-attributes>
            </product-lineitem>
            <product-lineitem>
                <net-price>15.89</net-price>
                <tax>1.11</tax>
                <gross-price>17.00</gross-price>
                <base-price>17.00</base-price>
                <lineitem-text>Men's UA Speedform™ No Show Socks</lineitem-text>
                <tax-basis>17.00</tax-basis>
                <position>2</position>
                <product-id>783466239701</product-id>
                <product-name>Men's UA Speedform™ No Show Socks</product-name>
                <quantity unit="1">1.0</quantity>
                <tax-rate>0.07</tax-rate>
                <shipment-id>00040247</shipment-id>
                <gift>false</gift>
                <custom-attributes>
                    <custom-attribute attribute-id="proratedOrderLevelDiscount">0.0</custom-attribute>
                    <custom-attribute attribute-id="sku">1256249-001-LG</custom-attribute>
                </custom-attributes>
            </product-lineitem>
        </product-lineitems>
        <shipping-lineitems>
            <shipping-lineitem>
                <net-price>0.00</net-price>
                <tax>0.00</tax>
                <gross-price>0.00</gross-price>
                <base-price>0.00</base-price>
                <lineitem-text>Shipping</lineitem-text>
                <tax-basis>0.00</tax-basis>
                <item-id>STANDARD_SHIPPING</item-id>
                <shipment-id>00040247</shipment-id>
                <tax-rate>0.07</tax-rate>
            </shipping-lineitem>
        </shipping-lineitems>
        <shipments>
            <shipment shipment-id="00040247">
                <status>
                    <shipping-status>NOT_SHIPPED</shipping-status>
                </status>
                <shipping-method>SG-express-shipping</shipping-method>
                <shipping-address>
                    <first-name>Peter</first-name>
                    <last-name>Klein</last-name>
                    <address1>10 Mount Sophia</address1>
                    <address2>8@Mount Sophia #09-32</address2>
                    <city>Singapore</city>
                    <postal-code>228459</postal-code>
                    <country-code>SG</country-code>
                    <phone>81622660</phone>
                    <custom-attributes>
                        <custom-attribute attribute-id="validationStatus">Invalid</custom-attribute>
                    </custom-attributes>
                </shipping-address>
                <gift>false</gift>
                <totals>
                    <merchandize-total>
                        <net-price>71.03</net-price>
                        <tax>4.97</tax>
                        <gross-price>76.00</gross-price>
                    </merchandize-total>
                    <adjusted-merchandize-total>
                        <net-price>71.03</net-price>
                        <tax>4.97</tax>
                        <gross-price>76.00</gross-price>
                    </adjusted-merchandize-total>
                    <shipping-total>
                        <net-price>0.00</net-price>
                        <tax>0.00</tax>
                        <gross-price>0.00</gross-price>
                    </shipping-total>
                    <adjusted-shipping-total>
                        <net-price>0.00</net-price>
                        <tax>0.00</tax>
                        <gross-price>0.00</gross-price>
                    </adjusted-shipping-total>
                    <shipment-total>
                        <net-price>71.03</net-price>
                        <tax>4.97</tax>
                        <gross-price>76.00</gross-price>
                    </shipment-total>
                </totals>
            </shipment>
        </shipments>
        <totals>
            <merchandize-total>
                <net-price>71.03</net-price>
                <tax>4.97</tax>
                <gross-price>76.00</gross-price>
            </merchandize-total>
            <adjusted-merchandize-total>
                <net-price>71.03</net-price>
                <tax>4.97</tax>
                <gross-price>76.00</gross-price>
            </adjusted-merchandize-total>
            <shipping-total>
                <net-price>0.00</net-price>
                <tax>0.00</tax>
                <gross-price>0.00</gross-price>
            </shipping-total>
            <adjusted-shipping-total>
                <net-price>0.00</net-price>
                <tax>0.00</tax>
                <gross-price>0.00</gross-price>
            </adjusted-shipping-total>
            <order-total>
                <net-price>71.03</net-price>
                <tax>4.97</tax>
                <gross-price>76.00</gross-price>
            </order-total>
        </totals>
        <payments>
            <payment>
                <custom-method>
                    <method-name>Adyen</method-name>
                </custom-method>
                <amount>76.00</amount>
                <processor-id>Adyen</processor-id>
            </payment>
        </payments>
        <notes>
            <note>
                <created-by>storefront</created-by>
                <creation-date>2015-11-09T07:56:38.000Z</creation-date>
                <subject>Adyen Payment Notification</subject>
                <text>AdyenNotification v 4d - Payment info (Called from : 91.212.42.11)
================================================================
reason : 000035:9572:10/2020
eventDate : 2015-11-09T07:56:37.97Z
merchantReference : UA043101
currency : SGD
pspReference : 4414470557512843
merchantAccountCode : SPEC_UA_SG
eventCode : AUTHORISATION
value : 7600
operations : CANCEL,CAPTURE,REFUND
success : true
paymentMethod : visa
live : true</text>
            </note>
            <note>
                <created-by>storefront</created-by>
                <creation-date>2015-11-09T07:56:39.055Z</creation-date>
                <subject>Adyen Payment Completion</subject>
                <text>Auth Result:AUTHORISED</text>
            </note>
            <note>
                <created-by>storefront</created-by>
                <creation-date>2015-11-09T07:57:11.000Z</creation-date>
                <subject>Adyen Payment Notification</subject>
                <text>AdyenNotification v 4d - Payment info (Called from : 82.199.90.162)
================================================================
reason : 000035:9572:10/2020
eventDate : 2015-11-09T07:56:49.80Z
merchantReference : UA043101
currency : SGD
pspReference : 4414470557512843
merchantAccountCode : SPEC_UA_SG
eventCode : AUTHORISATION
value : 7600
operations : CANCEL,CAPTURE,REFUND
success : true
paymentMethod : visa
live : true</text>
            </note>
        </notes>
        <custom-attributes>
            <custom-attribute attribute-id="Adyen_eventCode">AUTHORISATION</custom-attribute>
            <custom-attribute attribute-id="Adyen_paymentMethod">visa</custom-attribute>
            <custom-attribute attribute-id="Adyen_pspReference">4414470557512843</custom-attribute>
            <custom-attribute attribute-id="Adyen_value">7600</custom-attribute>
            <custom-attribute attribute-id="customerCountry">SG</custom-attribute>
            <custom-attribute attribute-id="customerLocale">en_SG</custom-attribute>
        </custom-attributes>
    </order>

</orders>
