<?xml version="1.0" encoding="utf-8"?>
<ivc_export>
	<ivc_master>
		<OrderNumber>UQO-UQ00299077</OrderNumber>
		<DisplayOrderNumber>UQ00299077</DisplayOrderNumber>
		<ClientCode>UQO</ClientCode>
		<WarehouseID>QSAUSF</WarehouseID>
		<LoadID>UQO-UQ00299077</LoadID>
		<CustomerPONumber>200327461</CustomerPONumber>
		<StoreOrderNumber/>
		<ShipToCustCode/>
		<PartialShipmentFlag>Y</PartialShipmentFlag>
		<CancelOrderFlag>N</CancelOrderFlag>
		<Status />
		<SplitStatus />
		<UserID />
		<Process>SHIPCONFIRM</Process>
		<ShipDate>Dec 16 2016  6:39PM</ShipDate>
		<ProNumber>CPAR45T0027950</ProNumber>
		<SealNumber />
		<CarrierName>COURIERS PLEASE</CarrierName>
		<TrackingURL>https://www.couriersplease.com.au/Tools/Track?no=CPAR45T0027950</TrackingURL>
		<ivc_ship_details>
			<ivc_ship_detail>
				<ShipRefNumber />
				<TrackingNumber>CPAR45T0027950</TrackingNumber>
				<ManifestNumber />
				<ConsignmentNumber />
				<Account />
				<CarrierCode />
				<CarrierSCAC />
				<TotalPrice />
				<InsurancePrice />
			</ivc_ship_detail>
		</ivc_ship_details>
		<ivc_master_comments>
		</ivc_master_comments>
		<ivc_details>
			<ivc_detail>
				<LineNumber>1</LineNumber>
				<ItemNumber>UQO-2000083772397</ItemNumber>
				<DisplayItemNumber>2000083772397</DisplayItemNumber>
				<LotNumber/>
				<TotalQuantity>1</TotalQuantity>
				<QuantityPicked>1</QuantityPicked>
				<QuantityShipped>1</QuantityShipped>
				<HUID/>
				<Tracking/>
				<UOM>EA</UOM>
				<Attribute1/>
				<Attribute2/>
				<Attribute3/>
				<Attribute4/>
				<Attribute5/>
				<Attribute6/>
				<Attribute7/>
				<Attribute8/>
				<Attribute9/>
				<Attribute10/>
				<Attribute11/>
				<ivc_serial_details>
					<SerialNumber />
				</ivc_serial_details>
				<ivc_detail_comments>
					<ivc_detail_comment>
						<CommentType>R Discounted Price Curr</CommentType>
						<CommentSequence>2</CommentSequence>
						<DateEntered>Dec  4 2016  6:46AM</DateEntered>
						<CommentText>AUD</CommentText>
					</ivc_detail_comment>
					<ivc_detail_comment>
						<CommentType>P Discounted Price</CommentType>
						<CommentSequence>1</CommentSequence>
						<DateEntered>Dec  4 2016  6:46AM</DateEntered>
						<CommentText>29.90</CommentText>
					</ivc_detail_comment>
				</ivc_detail_comments>
			</ivc_detail>
		</ivc_details>
	</ivc_master>
</ivc_export>                                                              