<?xml version="1.0" encoding="UTF-8"?>
<orders xmlns="http://www.demandware.com/xml/impex/order/2006-10-31">
	<order order-no="CKTD00000503">
		<order-date>2016-06-15T09:27:52.784Z</order-date>
		<created-by>storefront</created-by>
		<original-order-no>CKTD00000503</original-order-no>
		<currency>HKD</currency>
		<customer-locale>default</customer-locale>
		<taxation>net</taxation>
		<invoice-no>CKTD00002503</invoice-no>
		<customer>
			<customer-no>00011501</customer-no>
			<customer-name>Zann Low</customer-name>
			<customer-email>zann@singpost.com</customer-email>
			<billing-address>
				<first-name>Zann</first-name>
				<last-name>Low</last-name>
				<address1>Test</address1>
				<city>HK</city>
				<postal-code>123456</postal-code>
				<state-code>Kinmen County</state-code>
				<country-code>TW</country-code>
				<phone>9384-6800</phone>
			</billing-address>
		</customer>
		<status>
			<order-status>NEW</order-status>
			<shipping-status>NOT_SHIPPED</shipping-status>
			<confirmation-status>CONFIRMED</confirmation-status>
			<payment-status>PAID</payment-status>
		</status>
		<current-order-no>CKTD00000503</current-order-no>
		<product-lineitems>
			<product-lineitem>
				<net-price>660.00</net-price>
				<tax>99.00</tax>
				<gross-price>759.00</gross-price>
				<base-price>330.00</base-price>
				<lineitem-text>CK BLACK BIKINI</lineitem-text>
				<tax-basis>660.00</tax-basis>
				<position>1</position>
				<product-id>034497807675</product-id>
				<product-name>CK BLACK BIKINI</product-name>
				<quantity unit="">2.0</quantity>
				<tax-rate>0.15</tax-rate>
				<shipment-id>CKTD00002503</shipment-id>
				<gift>false</gift>
				<custom-attributes>
					<custom-attribute attribute-id="EAN">034497807675</custom-attribute>
				</custom-attributes>
				<price-adjustments>
					<price-adjustment>
						<net-price>-330.00</net-price>
						<tax>-49.50</tax>
						<gross-price>-379.50</gross-price>
						<base-price>-330.00</base-price>
						<lineitem-text>CKEMP - Employee Sale</lineitem-text>
						<tax-basis>-330.00</tax-basis>
						<promotion-id>CKEMP - Employee Sale</promotion-id>
						<campaign-id>CK Employee Sale</campaign-id>
					</price-adjustment>
				</price-adjustments>
			</product-lineitem>
			<product-lineitem>
				<net-price>690.00</net-price>
				<tax>103.50</tax>
				<gross-price>793.50</gross-price>
				<base-price>690.00</base-price>
				<lineitem-text>SHIRRED MESH TIGHT</lineitem-text>
				<tax-basis>690.00</tax-basis>
				<position>2</position>
				<product-id>036182139450</product-id>
				<product-name>SHIRRED MESH TIGHT</product-name>
				<quantity unit="">1.0</quantity>
				<tax-rate>0.15</tax-rate>
				<shipment-id>CKTD00002503</shipment-id>
				<gift>false</gift>
				<custom-attributes>
					<custom-attribute attribute-id="EAN">036182139450</custom-attribute>
				</custom-attributes>
				<price-adjustments>
					<price-adjustment>
						<net-price>-345.00</net-price>
						<tax>-51.75</tax>
						<gross-price>-396.75</gross-price>
						<base-price>-345.00</base-price>
						<lineitem-text>CKEMP - Employee Sale</lineitem-text>
						<tax-basis>-345.00</tax-basis>
						<promotion-id>CKEMP - Employee Sale</promotion-id>
						<campaign-id>CK Employee Sale</campaign-id>
					</price-adjustment>
				</price-adjustments>
			</product-lineitem>
			<product-lineitem>
				<net-price>990.00</net-price>
				<tax>148.50</tax>
				<gross-price>1138.50</gross-price>
				<base-price>990.00</base-price>
				<lineitem-text>BAMEO POLO </lineitem-text>
				<tax-basis>990.00</tax-basis>
				<position>3</position>
				<product-id>036182022134</product-id>
				<product-name>BAMEO POLO </product-name>
				<quantity unit="">1.0</quantity>
				<tax-rate>0.15</tax-rate>
				<shipment-id>CKTD00002503</shipment-id>
				<gift>false</gift>
				<custom-attributes>
					<custom-attribute attribute-id="EAN">036182022134</custom-attribute>
				</custom-attributes>
				<price-adjustments>
					<price-adjustment>
						<net-price>-495.00</net-price>
						<tax>-74.25</tax>
						<gross-price>-569.25</gross-price>
						<base-price>-495.00</base-price>
						<lineitem-text>CKEMP - Employee Sale</lineitem-text>
						<tax-basis>-495.00</tax-basis>
						<promotion-id>CKEMP - Employee Sale</promotion-id>
						<campaign-id>CK Employee Sale</campaign-id>
					</price-adjustment>
				</price-adjustments>
			</product-lineitem>
			<product-lineitem>
				<net-price>1490.00</net-price>
				<tax>223.50</tax>
				<gross-price>1713.50</gross-price>
				<base-price>1490.00</base-price>
				<lineitem-text>EXPOSED WEAVE SLIM ZIP AROUND WALLET</lineitem-text>
				<tax-basis>1490.00</tax-basis>
				<position>4</position>
				<product-id>036182119667</product-id>
				<product-name>EXPOSED WEAVE SLIM ZIP AROUND WALLET</product-name>
				<quantity unit="">1.0</quantity>
				<tax-rate>0.15</tax-rate>
				<shipment-id>CKTD00002503</shipment-id>
				<gift>false</gift>
				<custom-attributes>
					<custom-attribute attribute-id="EAN">036182119667</custom-attribute>
				</custom-attributes>
				<price-adjustments>
					<price-adjustment>
						<net-price>-745.00</net-price>
						<tax>-111.75</tax>
						<gross-price>-856.75</gross-price>
						<base-price>-745.00</base-price>
						<lineitem-text>CKEMP - Employee Sale</lineitem-text>
						<tax-basis>-745.00</tax-basis>
						<promotion-id>CKEMP - Employee Sale</promotion-id>
						<campaign-id>CK Employee Sale</campaign-id>
					</price-adjustment>
				</price-adjustments>
			</product-lineitem>
			<product-lineitem>
				<net-price>850.00</net-price>
				<tax>127.50</tax>
				<gross-price>977.50</gross-price>
				<base-price>850.00</base-price>
				<lineitem-text>TRACK TANK - LIMITED EDITION CAPSULE</lineitem-text>
				<tax-basis>850.00</tax-basis>
				<position>5</position>
				<product-id>036182175601</product-id>
				<product-name>TRACK TANK - LIMITED EDITION CAPSULE</product-name>
				<quantity unit="">1.0</quantity>
				<tax-rate>0.15</tax-rate>
				<shipment-id>CKTD00002503</shipment-id>
				<gift>false</gift>
				<custom-attributes>
					<custom-attribute attribute-id="EAN">036182175601</custom-attribute>
				</custom-attributes>
			</product-lineitem>
			<product-lineitem>
				<net-price>0.00</net-price>
				<tax>0.00</tax>
				<gross-price>0.00</gross-price>
				<base-price>0.00</base-price>
				<lineitem-text>JUSTIN BIEBER LIMITED EDITION BOOKLET</lineitem-text>
				<tax-basis>0.00</tax-basis>
				<position>6</position>
				<product-id>GWP0006</product-id>
				<product-name>JUSTIN BIEBER LIMITED EDITION BOOKLET</product-name>
				<quantity unit="">1.0</quantity>
				<tax-rate>0.15</tax-rate>
				<shipment-id>CKTD00002503</shipment-id>
				<gift>false</gift>
				<custom-attributes>
					<custom-attribute attribute-id="EAN">GWP0006</custom-attribute>
				</custom-attributes>
				<price-adjustments>
					<price-adjustment>
						<net-price>0.00</net-price>
						<tax>0.00</tax>
						<gross-price>0.00</gross-price>
						<base-price>0.00</base-price>
						<lineitem-text>160620 GWP Justin Bieber Booklet</lineitem-text>
						<tax-basis>0.00</tax-basis>
						<promotion-id>160620 GWP Justin Bieber Booklet</promotion-id>
						<campaign-id>160620 GWP Justin Bieber Booklet</campaign-id>
					</price-adjustment>
				</price-adjustments>
			</product-lineitem>
		</product-lineitems>
		<shipping-lineitems>
			<shipping-lineitem>
				<net-price>150.00</net-price>
				<tax>22.50</tax>
				<gross-price>172.50</gross-price>
				<base-price>150.00</base-price>
				<lineitem-text>Shipping</lineitem-text>
				<tax-basis>150.00</tax-basis>
				<price-adjustments>
					<price-adjustment>
						<net-price>-150.00</net-price>
						<tax>0.00</tax>
						<gross-price>-150.00</gross-price>
						<base-price>-150.00</base-price>
						<lineitem-text>16-contd: Free Shipping 1000</lineitem-text>
						<tax-basis>-150.00</tax-basis>
						<promotion-id>16-contd: Free Shipping 1000</promotion-id>
						<campaign-id>16-contd: Global Free Shipping</campaign-id>
					</price-adjustment>
				</price-adjustments>
				<item-id>STANDARD_SHIPPING</item-id>
				<shipment-id>CKTD00002503</shipment-id>
				<tax-rate>0.15</tax-rate>
			</shipping-lineitem>
		</shipping-lineitems>
		<shipments>
			<shipment shipment-id="CKTD00002503">
				<status>
					<shipping-status>NOT_SHIPPED</shipping-status>
				</status>
				<shipping-method>taiwan-shipping</shipping-method>
				<shipping-address>
					<first-name>Zann</first-name>
					<last-name>Low</last-name>
					<address1>Test</address1>
					<city>HK</city>
					<postal-code>123456</postal-code>
					<state-code>Kinmen County</state-code>
					<country-code>TW</country-code>
					<phone>9384-6800</phone>
				</shipping-address>
				<gift>false</gift>
				<totals>
					<merchandize-total>
						<net-price>4680.00</net-price>
						<tax>702.00</tax>
						<gross-price>5382.00</gross-price>
					</merchandize-total>
					<adjusted-merchandize-total>
						<net-price>2765.00</net-price>
						<tax>414.75</tax>
						<gross-price>3179.75</gross-price>
					</adjusted-merchandize-total>
					<shipping-total>
						<net-price>150.00</net-price>
						<tax>22.50</tax>
						<gross-price>172.50</gross-price>
					</shipping-total>
					<adjusted-shipping-total>
						<net-price>0.00</net-price>
						<tax>22.50</tax>
						<gross-price>22.50</gross-price>
					</adjusted-shipping-total>
					<shipment-total>
						<net-price>2765.00</net-price>
						<tax>437.25</tax>
						<gross-price>3202.25</gross-price>
					</shipment-total>
				</totals>
			</shipment>
		</shipments>
		<totals>
			<merchandize-total>
				<net-price>4680.00</net-price>
				<tax>702.00</tax>
				<gross-price>5382.00</gross-price>
				<price-adjustments>
					<price-adjustment>
						<net-price>-100.00</net-price>
						<tax>-15.00</tax>
						<gross-price>-115.00</gross-price>
						<base-price>-100.00</base-price>
						<lineitem-text>UATTW2016 - $100 HKD off purchase</lineitem-text>
						<tax-basis>-100.00</tax-basis>
						<promotion-id>Test UATTW2016 - $100 HKD off purchase</promotion-id>
						<campaign-id>Test UAT 2016</campaign-id>
						<coupon-id>UATTW2016</coupon-id>
					</price-adjustment>
				</price-adjustments>
			</merchandize-total>
			<adjusted-merchandize-total>
				<net-price>2665.00</net-price>
				<tax>399.75</tax>
				<gross-price>3064.75</gross-price>
			</adjusted-merchandize-total>
			<shipping-total>
				<net-price>150.00</net-price>
				<tax>22.50</tax>
				<gross-price>172.50</gross-price>
			</shipping-total>
			<adjusted-shipping-total>
				<net-price>0.00</net-price>
				<tax>22.50</tax>
				<gross-price>22.50</gross-price>
			</adjusted-shipping-total>
			<order-total>
				<net-price>2665.00</net-price>
				<tax>422.25</tax>
				<gross-price>3087.25</gross-price>
			</order-total>
		</totals>
		<payments>
			<payment>
				<credit-card>
					<card-type>VISA</card-type>
					<card-number>XXXX-XXXX-XXXX-1111</card-number>
					<card-holder>test</card-holder>
					<expiration-month>1</expiration-month>
					<expiration-year>2019</expiration-year>
				</credit-card>
				<amount>3087.25</amount>
				<processor-id>CYBERSOURCE_CREDIT</processor-id>
				<transaction-id>4659828735046965801015</transaction-id>
			</payment>
		</payments>
	</order>

</orders>
