{
    "base_currency_code": "MYR",
    "base_discount_amount": 0,
    "base_grand_total": 75,
    "base_discount_tax_compensation_amount": 0,
    "base_shipping_amount": 40,
    "base_shipping_discount_amount": 0,
    "base_shipping_discount_tax_compensation_amnt": 0,
    "base_shipping_incl_tax": 40,
    "base_shipping_tax_amount": 0,
    "base_subtotal": 35,
    "base_subtotal_incl_tax": 35,
    "base_tax_amount": 0,
    "base_total_due": 75,
    "base_to_global_rate": 0,
    "base_to_order_rate": 1,
    "billing_address_id": 50,
    "created_at": "2019-12-11 10:51:05",
    "customer_dob": "2006-12-22 00:00:00",
    "customer_email": "manish@singpsot.com",
    "customer_firstname": "Manish",
    "customer_gender": 1,
    "customer_group_id": 1,
    "customer_id": 7,
    "customer_is_guest": 0,
    "customer_lastname": "Mittal",
    "customer_note_notify": 1,
    "discount_amount": 0,
    "email_sent": 1,
    "entity_id": 25,
    "global_currency_code": "SGD",
    "grand_total": 75,
    "discount_tax_compensation_amount": 0,
    "increment_id": "VANSMY000000581",
    "is_virtual": 0,
    "order_currency_code": "MYR",
    "protect_code": "95687965f8c62294f8fbb54eaf2dd6cc",
    "quote_id": 50,
    "remote_ip": "127.0.0.1",
    "shipping_amount": 40,
    "shipping_description": "Flat Rate - Fixed",
    "shipping_discount_amount": 0,
    "shipping_discount_tax_compensation_amount": 0,
    "shipping_incl_tax": 40,
    "shipping_tax_amount": 0,
    "state": "pending_payment",
    "status": "order_submitted",
    "store_currency_code": "MYR",
    "store_id": 2,
    "store_name": "Malaysia\nVANS MY Store\nVANS MY E",
    "store_to_base_rate": 0,
    "store_to_order_rate": 0,
    "subtotal": 35,
    "subtotal_incl_tax": 35,
    "tax_amount": 0,
    "total_due": 75,
    "total_item_count": 1,
    "total_qty_ordered": 1,
    "updated_at": "2019-12-12 08:49:04",
    "weight": 0,
    "x_forwarded_for": "116.12.250.1, 10.22.21.154",
    "items": [{
            "amount_refunded": 0,
            "base_amount_refunded": 0,
            "base_discount_amount": 0,
            "base_discount_invoiced": 0,
            "base_discount_tax_compensation_amount": 0,
            "base_original_price": 35,
            "base_price": 35,
            "base_price_incl_tax": 35,
            "base_row_invoiced": 0,
            "base_row_total": 35,
            "base_row_total_incl_tax": 35,
            "base_tax_amount": 0,
            "base_tax_invoiced": 0,
            "created_at": "2019-12-11 10:51:05",
            "discount_amount": 0,
            "discount_invoiced": 0,
            "discount_percent": 0,
            "free_shipping": 0,
            "discount_tax_compensation_amount": 0,
            "is_qty_decimal": 0,
            "is_virtual": 0,
            "item_id": 51,
            "name": "Ticker Sock ",
            "no_discount": 0,
            "order_id": 25,
            "original_price": 35,
            "price": 35,
            "price_incl_tax": 35,
            "product_id": 15716,
            "product_type": "configurable",
            "qty_canceled": 0,
            "qty_invoiced": 0,
            "qty_ordered": 1,
            "qty_refunded": 0,
            "qty_returned": 0,
            "qty_shipped": 0,
            "quote_item_id": 97,
            "row_invoiced": 0,
            "row_total": 35,
            "row_total_incl_tax": 35,
            "row_weight": 0,
            "sku": "VN0A49ZDJ4E10OS",
            "store_id": 2,
            "tax_amount": 0,
            "tax_invoiced": 0,
            "tax_percent": 0,
            "updated_at": "2019-12-11 10:51:05",
            "extension_attributes": {
                "hs_code": "61159500"
            }
        }, {
            "amount_refunded": 0,
            "base_amount_refunded": 0,
            "base_discount_amount": 0,
            "base_discount_invoiced": 0,
            "base_price": 0,
            "base_row_invoiced": 0,
            "base_row_total": 0,
            "base_tax_amount": 0,
            "base_tax_invoiced": 0,
            "created_at": "2019-12-11 10:51:05",
            "discount_amount": 0,
            "discount_invoiced": 0,
            "discount_percent": 0,
            "free_shipping": 0,
            "is_qty_decimal": 0,
            "is_virtual": 0,
            "item_id": 52,
            "name": "Ticker Sock",
            "no_discount": 0,
            "order_id": 25,
            "original_price": 0,
            "parent_item_id": 51,
            "price": 0,
            "product_id": 14940,
            "product_type": "simple",
            "qty_canceled": 0,
            "qty_invoiced": 0,
            "qty_ordered": 1,
            "qty_refunded": 0,
            "qty_returned": 0,
            "qty_shipped": 0,
            "quote_item_id": 98,
            "row_invoiced": 0,
            "row_total": 0,
            "row_weight": 0,
            "sku": "VN0A49ZDJ4E10OS",
            "store_id": 2,
            "tax_amount": 0,
            "tax_invoiced": 0,
            "tax_percent": 0,
            "updated_at": "2019-12-11 10:51:05",
            "parent_item": {
                "amount_refunded": 0,
                "base_amount_refunded": 0,
                "base_discount_amount": 0,
                "base_discount_invoiced": 0,
                "base_discount_tax_compensation_amount": 0,
                "base_original_price": 35,
                "base_price": 35,
                "base_price_incl_tax": 35,
                "base_row_invoiced": 0,
                "base_row_total": 35,
                "base_row_total_incl_tax": 35,
                "base_tax_amount": 0,
                "base_tax_invoiced": 0,
                "created_at": "2019-12-11 10:51:05",
                "discount_amount": 0,
                "discount_invoiced": 0,
                "discount_percent": 0,
                "free_shipping": 0,
                "discount_tax_compensation_amount": 0,
                "is_qty_decimal": 0,
                "is_virtual": 0,
                "item_id": 51,
                "name": "Ticker Sock ",
                "no_discount": 0,
                "order_id": 25,
                "original_price": 35,
                "price": 35,
                "price_incl_tax": 35,
                "product_id": 15716,
                "product_type": "configurable",
                "qty_canceled": 0,
                "qty_invoiced": 0,
                "qty_ordered": 1,
                "qty_refunded": 0,
                "qty_returned": 0,
                "qty_shipped": 0,
                "quote_item_id": 97,
                "row_invoiced": 0,
                "row_total": 35,
                "row_total_incl_tax": 35,
                "row_weight": 0,
                "sku": "VN0A49ZDJ4E10OS",
                "store_id": 2,
                "tax_amount": 0,
                "tax_invoiced": 0,
                "tax_percent": 0,
                "updated_at": "2019-12-11 10:51:05",
                "extension_attributes": {
                    "hs_code": "61159500"
                }
            },
            "extension_attributes": {
                "hs_code": "61159500"
            }
        }],
    "billing_address": {
        "address_type": "billing",
        "city": "MY",
        "company": "SingPost eCommerce Pte Ltd",
        "country_id": "MY",
        "email": "manish@singpsot.com",
        "entity_id": 50,
        "firstname": "Manish",
        "lastname": "Mittal",
        "parent_id": 25,
        "postcode": "40860",
        "prefix": "Mr",
        "region": "Melaka",
        "region_code": "Melaka",
        "region_id": 574,
        "street": ["10 Eunos Rd ", "02-04"],
        "telephone": "97255737"
    },
    "payment": {
        "account_status": null,
        "additional_information": ["VI", "1", "PAY WITH CREDIT \/ DEBIT CARD", "", "853576140453396F", "1 Address matches, postal code doesn't", "1 Matches", "64937", "10\/2020", null],
        "amount_authorized": 75,
        "amount_ordered": 75,
        "base_amount_authorized": 75,
        "base_amount_ordered": 75,
        "base_shipping_amount": 40,
        "cc_exp_year": "0",
        "cc_last4": "2909",
        "cc_ss_start_month": "0",
        "cc_ss_start_year": "0",
        "cc_trans_id": "853576140453396F",
        "cc_type": "VI",
        "entity_id": 25,
        "last_trans_id": "853576140453396F",
        "method": "adyen_cc",
        "parent_id": 25,
        "shipping_amount": 40
    },
    "status_histories": [{
            "comment": "Capture Mode set to Manual",
            "created_at": "2019-12-12 08:49:04",
            "entity_id": 79,
            "entity_name": "order",
            "is_customer_notified": null,
            "is_visible_on_front": 0,
            "parent_id": 25,
            "status": "order_submitted"
        }, {
            "comment": "Payment is authorised waiting for capture",
            "created_at": "2019-12-12 08:49:04",
            "entity_id": 78,
            "entity_name": "order",
            "is_customer_notified": null,
            "is_visible_on_front": 0,
            "parent_id": 25,
            "status": "order_submitted"
        }, {
            "comment": "Adyen HTTP Notification(s): <br \/> eventCode: AUTHORISATION <br \/> pspReference: 853576140453396F <br \/> paymentMethod: mc <br \/> success: true <br \/>reason:mc  ",
            "created_at": "2019-12-12 08:49:04",
            "entity_id": 77,
            "entity_name": "order",
            "is_customer_notified": null,
            "is_visible_on_front": 0,
            "parent_id": 25,
            "status": "order_submitted"
        }, {
            "comment": "Created billing agreement #8315319951275211.",
            "created_at": "2019-12-11 10:53:06",
            "entity_id": 55,
            "entity_name": "order",
            "is_customer_notified": null,
            "is_visible_on_front": 0,
            "parent_id": 25,
            "status": "order_submitted"
        }, {
            "comment": "Adyen HTTP Notification(s): <br \/> eventCode: RECURRING_CONTRACT <br \/> pspReference: 8315319951275211 <br \/> paymentMethod: visa <br \/> success: true <br \/>reason:visa  ",
            "created_at": "2019-12-11 10:53:06",
            "entity_id": 54,
            "entity_name": "order",
            "is_customer_notified": null,
            "is_visible_on_front": 0,
            "parent_id": 25,
            "status": "order_submitted"
        }, {
            "comment": "Capture Mode set to Manual",
            "created_at": "2019-12-11 10:52:04",
            "entity_id": 50,
            "entity_name": "order",
            "is_customer_notified": null,
            "is_visible_on_front": 0,
            "parent_id": 25,
            "status": "order_submitted"
        }, {
            "comment": "Payment is authorised waiting for capture",
            "created_at": "2019-12-11 10:52:04",
            "entity_id": 49,
            "entity_name": "order",
            "is_customer_notified": null,
            "is_visible_on_front": 0,
            "parent_id": 25,
            "status": "order_submitted"
        }, {
            "comment": "Adyen HTTP Notification(s): <br \/> eventCode: AUTHORISATION <br \/> pspReference: 853576061460705G <br \/> paymentMethod: visa <br \/> success: true <br \/>reason:visa  ",
            "created_at": "2019-12-11 10:52:04",
            "entity_id": 48,
            "entity_name": "order",
            "is_customer_notified": null,
            "is_visible_on_front": 0,
            "parent_id": 25,
            "status": "payment_review"
        }, {
            "comment": "We will authorize MYR75.00 after the payment is approved at the payment gateway. Transaction ID: \"853576061460705G\"",
            "created_at": "2019-12-11 10:51:05",
            "entity_id": 44,
            "entity_name": "order",
            "is_customer_notified": null,
            "is_visible_on_front": 0,
            "parent_id": 25,
            "status": "payment_review"
        }, {
            "comment": "Adyen Result response:<br \/> authResult: Authorised<br \/> pspReference: 853576061460705G",
            "created_at": "2019-12-11 10:51:05",
            "entity_id": 43,
            "entity_name": "order",
            "is_customer_notified": null,
            "is_visible_on_front": 0,
            "parent_id": 25
        }, {
            "comment": "Notice: Undefined index: expiryDate in \/spdata\/specapps\/vansstg\/vendor\/adyen\/module-payment\/Model\/Billing\/Agreement.php on line 212",
            "created_at": "2019-12-11 10:51:05",
            "entity_id": 42,
            "entity_name": "order",
            "is_customer_notified": null,
            "is_visible_on_front": 0,
            "parent_id": 25
        }],
    "extension_attributes": {
        "shipping_assignments": [{
                "shipping": {
                    "address": {
                        "address_type": "shipping",
                        "city": "MY",
                        "company": "SingPost eCommerce Pte Ltd",
                        "country_id": "MY",
                        "customer_address_id": 7,
                        "email": "manish@singpsot.com",
                        "entity_id": 49,
                        "firstname": "Manish",
                        "lastname": "Mittal",
                        "parent_id": 25,
                        "postcode": "40860",
                        "prefix": "Mr",
                        "region": "Melaka",
                        "region_code": "Melaka",
                        "region_id": 574,
                        "street": ["10 Eunos Rd ", "02-04"],
                        "telephone": "97255737"
                    },
                    "method": "flatrate_flatrate",
                    "total": {
                        "base_shipping_amount": 40,
                        "base_shipping_discount_amount": 0,
                        "base_shipping_discount_tax_compensation_amnt": 0,
                        "base_shipping_incl_tax": 40,
                        "base_shipping_tax_amount": 0,
                        "shipping_amount": 40,
                        "shipping_discount_amount": 0,
                        "shipping_discount_tax_compensation_amount": 0,
                        "shipping_incl_tax": 40,
                        "shipping_tax_amount": 0
                    }
                },
                "items": [{
                        "amount_refunded": 0,
                        "base_amount_refunded": 0,
                        "base_discount_amount": 0,
                        "base_discount_invoiced": 0,
                        "base_discount_tax_compensation_amount": 0,
                        "base_original_price": 35,
                        "base_price": 35,
                        "base_price_incl_tax": 35,
                        "base_row_invoiced": 0,
                        "base_row_total": 35,
                        "base_row_total_incl_tax": 35,
                        "base_tax_amount": 0,
                        "base_tax_invoiced": 0,
                        "created_at": "2019-12-11 10:51:05",
                        "discount_amount": 0,
                        "discount_invoiced": 0,
                        "discount_percent": 0,
                        "free_shipping": 0,
                        "discount_tax_compensation_amount": 0,
                        "is_qty_decimal": 0,
                        "is_virtual": 0,
                        "item_id": 51,
                        "name": "Ticker Sock ",
                        "no_discount": 0,
                        "order_id": 25,
                        "original_price": 35,
                        "price": 35,
                        "price_incl_tax": 35,
                        "product_id": 15716,
                        "product_type": "configurable",
                        "qty_canceled": 0,
                        "qty_invoiced": 0,
                        "qty_ordered": 1,
                        "qty_refunded": 0,
                        "qty_returned": 0,
                        "qty_shipped": 0,
                        "quote_item_id": 97,
                        "row_invoiced": 0,
                        "row_total": 35,
                        "row_total_incl_tax": 35,
                        "row_weight": 0,
                        "sku": "VN0A49ZDJ4E10OS",
                        "store_id": 2,
                        "tax_amount": 0,
                        "tax_invoiced": 0,
                        "tax_percent": 0,
                        "updated_at": "2019-12-11 10:51:05"
                    }, {
                        "amount_refunded": 0,
                        "base_amount_refunded": 0,
                        "base_discount_amount": 0,
                        "base_discount_invoiced": 0,
                        "base_price": 0,
                        "base_row_invoiced": 0,
                        "base_row_total": 0,
                        "base_tax_amount": 0,
                        "base_tax_invoiced": 0,
                        "created_at": "2019-12-11 10:51:05",
                        "discount_amount": 0,
                        "discount_invoiced": 0,
                        "discount_percent": 0,
                        "free_shipping": 0,
                        "is_qty_decimal": 0,
                        "is_virtual": 0,
                        "item_id": 52,
                        "name": "Ticker Sock",
                        "no_discount": 0,
                        "order_id": 25,
                        "original_price": 0,
                        "parent_item_id": 51,
                        "price": 0,
                        "product_id": 14940,
                        "product_type": "simple",
                        "qty_canceled": 0,
                        "qty_invoiced": 0,
                        "qty_ordered": 1,
                        "qty_refunded": 0,
                        "qty_returned": 0,
                        "qty_shipped": 0,
                        "quote_item_id": 98,
                        "row_invoiced": 0,
                        "row_total": 0,
                        "row_weight": 0,
                        "sku": "VN0A49ZDJ4E10OS",
                        "store_id": 2,
                        "tax_amount": 0,
                        "tax_invoiced": 0,
                        "tax_percent": 0,
                        "updated_at": "2019-12-11 10:51:05",
                        "parent_item": {
                            "amount_refunded": 0,
                            "base_amount_refunded": 0,
                            "base_discount_amount": 0,
                            "base_discount_invoiced": 0,
                            "base_discount_tax_compensation_amount": 0,
                            "base_original_price": 35,
                            "base_price": 35,
                            "base_price_incl_tax": 35,
                            "base_row_invoiced": 0,
                            "base_row_total": 35,
                            "base_row_total_incl_tax": 35,
                            "base_tax_amount": 0,
                            "base_tax_invoiced": 0,
                            "created_at": "2019-12-11 10:51:05",
                            "discount_amount": 0,
                            "discount_invoiced": 0,
                            "discount_percent": 0,
                            "free_shipping": 0,
                            "discount_tax_compensation_amount": 0,
                            "is_qty_decimal": 0,
                            "is_virtual": 0,
                            "item_id": 51,
                            "name": "Ticker Sock ",
                            "no_discount": 0,
                            "order_id": 25,
                            "original_price": 35,
                            "price": 35,
                            "price_incl_tax": 35,
                            "product_id": 15716,
                            "product_type": "configurable",
                            "qty_canceled": 0,
                            "qty_invoiced": 0,
                            "qty_ordered": 1,
                            "qty_refunded": 0,
                            "qty_returned": 0,
                            "qty_shipped": 0,
                            "quote_item_id": 97,
                            "row_invoiced": 0,
                            "row_total": 35,
                            "row_total_incl_tax": 35,
                            "row_weight": 0,
                            "sku": "VN0A49ZDJ4E10OS",
                            "store_id": 2,
                            "tax_amount": 0,
                            "tax_invoiced": 0,
                            "tax_percent": 0,
                            "updated_at": "2019-12-11 10:51:05"
                        }
                    }]
            }],
        "gift_cards": [],
        "base_gift_cards_amount": 0,
        "gift_cards_amount": 0,
        "gw_base_price": "0.0000",
        "gw_price": "0.0000",
        "gw_items_base_price": "0.0000",
        "gw_items_price": "0.0000",
        "gw_card_base_price": "0.0000",
        "gw_card_price": "0.0000"
    }
}