<?xml version="1.0" encoding="UTF-8"?>
<DeliveryOrder>
	<TransactionType>NEW</TransactionType>
	<OrderHeader>
		<OrderID>CL-00000427</OrderID>
		<AlternateOrderID>3001305</AlternateOrderID>
		<MerchantID>HCL</MerchantID>
		<WarehouseID>QSHKKT</WarehouseID>
		<OrderType>Sales Orders</OrderType>
		<PartialOrder>N</PartialOrder>
		<PreOrder>N</PreOrder>
		<BackOrder>N</BackOrder>
		<VIPOrder>N</VIPOrder>
		<DisplayableOrderID>3001305</DisplayableOrderID>
		<DisplayableOrderDate>02/04/2016 02:20:37</DisplayableOrderDate>
	</OrderHeader>
	<OrderDetail>
		<ShippingInformation>
			<ShipToAddress>
				<Name>elizabeth smith</Name>
				<AddressLine1>test</AddressLine1>
				<AddressLine2>test</AddressLine2>
				<AddressLine3>test</AddressLine3>
				<City>Hong Kong</City>
				<State>Cyberport</State>
				<PostalCode>-</PostalCode>
				<CountryName>Hong Kong</CountryName>
				<CountryCode>HK</CountryCode>
				<ContactNo>12345678</ContactNo>
				<Email>elizabeths@clarinsusa.com</Email>
				<ShipToAttention/>
			</ShipToAddress>
			<Carrier>EZYPARCELS</Carrier>
			<ShippingMethod>EZYPRPDCTC</ShippingMethod>
			<PickupTime/>
			<NonDeliveryInstructions/>
			<EarliestShipDate>11/30/-0001 00:00:00</EarliestShipDate>
			<LatestShipDate/>
			<BOLNumber/>
			<MasterBOLNumber/>
			<Comments>
				<Comment>
					<CommentSequence>1</CommentSequence>
					<CommentType>P Total Price</CommentType>
					<CommentValue>520.00</CommentValue>
				</Comment>
				<Comment>
					<CommentSequence>2</CommentSequence>
					<CommentType>Shipping Fee</CommentType>
					<CommentValue>30.00</CommentValue>
				</Comment>
			</Comments>
		</ShippingInformation>
		<BillingInformation>
			<BillToAddress>
				<Name>test test</Name>
				<AddressLine1>test</AddressLine1>
				<AddressLine2/>
				<AddressLine3/>
				<City>test</City>
				<State/>
				<PostalCode>-</PostalCode>
				<CountryName>Grenada</CountryName>
				<CountryCode>GD</CountryCode>
				<ContactNo>12345678</ContactNo>
				<Email/>
			</BillToAddress>
			<FreightCost>550.00</FreightCost>
			<PromoCode/>
			<DiscountAmount>0.00</DiscountAmount>
			<TaxAmount>0.00</TaxAmount>
			<Currency>HKD</Currency>
		</BillingInformation>
		<Customs>
			<ShipmentCategory>Game</ShipmentCategory>
			<EnhancedLiabilityInsurance>N</EnhancedLiabilityInsurance>
			<InsuranceAmount/>
			<CODFlag>N</CODFlag>
			<CODAmount/>
			<CODOption>N</CODOption>
			<Currency>HKD</Currency>
		</Customs>
		<ValueAddedService>
			<GiftWrap>N</GiftWrap>
			<BubbleWrap>N</BubbleWrap>
			<PaperStuffing>N</PaperStuffing>
			<SecuritySeal>N</SecuritySeal>
			<GiftMessage/>
		</ValueAddedService>
		<ItemDetail>
			<ItemLine>
				<LineNumber>1</LineNumber>
				<SKU>3380811566191</SKU>
				<ProductName>Body Lift Cellulite Control</ProductName>
				<Quantity>1</Quantity>
				<InventoryStatus>OK</InventoryStatus>
				<UnitUOM>EA</UnitUOM>
				<ItemBillingInformation>
					<RetailPrice>520.00</RetailPrice>
					<CostPrice>520.00</CostPrice>
					<PromoCode/>
					<DiscountAmount/>
					<TaxAmount/>
					<Currency>HKD</Currency>
				</ItemBillingInformation>
			</ItemLine>
			<ItemLine>
				<LineNumber>2</LineNumber>
				<SKU>3380811591506</SKU>
				<ProductName>Body Shaping Cream 30 ml</ProductName>
				<Quantity>1</Quantity>
				<InventoryStatus>OK</InventoryStatus>
				<UnitUOM>EA</UnitUOM>
				<ItemBillingInformation>
					<RetailPrice>0.00</RetailPrice>
					<CostPrice>0.00</CostPrice>
					<PromoCode/>
					<DiscountAmount/>
					<TaxAmount/>
					<Currency>HKD</Currency>
				</ItemBillingInformation>
			</ItemLine>
		</ItemDetail>
	</OrderDetail>
</DeliveryOrder>
