SNDDR,,,,AID-00000002,2015-12-22 14:56:05,SpeedPost,PX900649435SG,http://www.speedpost.com.sg,1,4055341696685,1
SNDDR,,,,AID-00000002,2015-12-22 14:56:05,SpeedPost,PX900649435SG,http://www.speedpost.com.sg,1,4055017371601,1
SNDDR,,,,AID-00000002,2015-12-22 14:56:05,SpeedPost,PX900649435SG,http://www.speedpost.com.sg,1,4056561922622,1
SNDDR,,,,AID-00000002,2015-12-22 14:56:05,SpeedPost,PX900649435SG,http://www.speedpost.com.sg,1,4055017305477,1
SNDDR,,,,AID-00000002,2015-12-22 14:56:05,SpeedPost,PX900649435SG,http://www.speedpost.com.sg,1,4055014972993,1
SNDDR,,,,AID-00000004,2015-12-24 11:00:00,SpeedPost,PX900652267SG,http://www.speedpost.com.sg,1,4054714358038,1
SNDDR,,,,AID-00000005,2015-12-24 11:00:00,SpeedPost,PX900652219SG,http://www.speedpost.com.sg,1,4055017164777,1
SNDDR,,,,AID-00000005,2015-12-24 11:00:00,SpeedPost,PX900652219SG,http://www.speedpost.com.sg,1,4055017298298,1