{
    "voucher_platform": 0,
    "voucher": 5035.64,
    "warehouse_code": "dropshipping",
    "order_number": 47651569998311,
    "voucher_seller": 5035.64,
    "created_at": "2021-02-15 16:05:26 +0800",
    "voucher_code": "10544849060326",
    "gift_option": false,
    "shipping_fee_discount_platform": 0,
    "customer_last_name": "",
    "updated_at": "2021-02-15 20:39:31 +0800",
    "promised_shipping_times": "",
    "price": "5,036.00",
    "national_registration_number": "",
    "shipping_fee_original": 1.49,
    "payment_method": "MIXEDCARD",
    "customer_first_name": "Eyebell Senthilram Parameswaran ",
    "shipping_fee_discount_seller": 1.49,
    "shipping_fee": 0,
    "branch_number": "",
    "tax_code": "",
    "items_count": 2,
    "delivery_info": "",
    "statuses": ["canceled"],
    "address_billing": {
        "country": "Singapore",
        "address3": "Singapore",
        "phone": "6596378653",
        "address2": "",
        "city": "Singapore",
        "address1": "10 EUNOS ROAD 8,#07-31 SingPost Center",
        "post_code": "408600",
        "phone2": "",
        "last_name": "",
        "address5": "408600",
        "address4": "Singapore",
        "first_name": "Eyebell Senthilram Parameswaran"
    },
    "extra_attributes": "",
    "order_id": 47651569998311,
    "gift_message": "",
    "remarks": "",
    "address_shipping": {
        "country": "Singapore",
        "address3": "Singapore",
        "phone": "6596378653",
        "address2": "",
        "city": "Singapore",
        "address1": "Singapore,40  Geylang  Eunos,10 EUNOS ROAD 8,10 Eunos Road 8 #01-105, Singapore Post Centre",
        "post_code": "408600",
        "phone2": "",
        "last_name": "",
        "address5": "408600",
        "address4": "Singapore",
        "first_name": "Eyebell Senthilram Parameswaran"
    },
    "items": [{
            "tax_amount": 0,
            "reason": "Seller was unable to reserve your stock",
            "sla_time_stamp": "2021-02-17T23:59:59+08:00",
            "purchase_order_id": "",
            "voucher_seller": 35.64,
            "voucher_code_seller": "10544849060326",
            "voucher_code": "10544849060326",
            "package_id": "",
            "variation": "",
            "voucher_code_platform": "",
            "purchase_order_number": "",
            "sku": "14000939",
            "invoice_number": "47651569998311",
            "order_type": "Normal",
            "cancel_return_initiator": "cancellation-seller",
            "shop_sku": "925832587_SGAMZ-3271084641",
            "stage_pay_status": "",
            "tracking_code_pre": "",
            "order_item_id": 47651570098311,
            "shop_id": "BRAND'S Health Supplements",
            "order_flag": "NORMAL",
            "name": "[Made In Japan] BRAND'S\u00ae InnerShine RubyCollagen Jelly Strips 10s, Astaxanthin, Marine Fish Collagen, Supple Skin",
            "order_id": 47651569998311,
            "status": "canceled",
            "paid_price": 0.36,
            "product_main_image": "https:\/\/sg-live.slatic.net\/p\/mdc\/9aedacdd3a9bcf53d9af1a25de4331a4.jpg",
            "voucher_platform": 0,
            "product_detail_url": "https:\/\/www.lazada.sg\/products\/i925832587-s3271084641.html?urlFlag=true&mp=1",
            "promised_shipping_time": "",
            "warehouse_code": "dropshipping",
            "shipping_type": "Dropshipping",
            "created_at": "2021-02-15 16:05:26 +0800",
            "updated_at": "2021-02-15 20:39:31 +0800",
            "currency": "SGD",
            "shipping_provider_type": "standard",
            "shipping_fee_original": 0.74,
            "is_digital": 0,
            "item_price": 36,
            "shipping_service_cost": 0,
            "tracking_code": "",
            "shipping_fee_discount_seller": 0.74,
            "shipping_amount": 0,
            "reason_detail": "",
            "return_status": "",
            "shipment_provider": "",
            "voucher_amount": 35.64,
            "digital_delivery_info": "",
            "extra_attributes": ""
        }, {
            "tax_amount": 0,
            "reason": "Seller was unable to reserve your stock",
            "sla_time_stamp": "2021-02-17T23:59:59+08:00",
            "purchase_order_id": "",
            "voucher_seller": 5000,
            "voucher_code_seller": "10544849060326",
            "voucher_code": "10544849060326",
            "package_id": "",
            "variation": "",
            "voucher_code_platform": "",
            "purchase_order_number": "",
            "sku": "18001465",
            "invoice_number": "47651569998311",
            "order_type": "Normal",
            "cancel_return_initiator": "cancellation-seller",
            "shop_sku": "943114860_SGAMZ-3344766475",
            "stage_pay_status": "",
            "tracking_code_pre": "",
            "order_item_id": 47651570198311,
            "shop_id": "BRAND'S Health Supplements",
            "order_flag": "NORMAL",
            "name": "[Not For Sale] BRAND'S\u00ae Pre+Probiotics 5 day trial kit",
            "order_id": 47651569998311,
            "status": "canceled",
            "paid_price": 0,
            "product_main_image": "https:\/\/sg-live.slatic.net\/p\/mdc\/24bfa19ece6a3433c782e26e3acc40c0.jpg",
            "voucher_platform": 0,
            "product_detail_url": "https:\/\/www.lazada.sg\/products\/i943114860-s3344766475.html?urlFlag=true&mp=1",
            "promised_shipping_time": "",
            "warehouse_code": "dropshipping",
            "shipping_type": "Dropshipping",
            "created_at": "2021-02-15 16:05:26 +0800",
            "updated_at": "2021-02-15 20:39:30 +0800",
            "currency": "SGD",
            "shipping_provider_type": "standard",
            "shipping_fee_original": 0.75,
            "is_digital": 0,
            "item_price": 5000,
            "shipping_service_cost": 0,
            "tracking_code": "",
            "shipping_fee_discount_seller": 0.75,
            "shipping_amount": 0,
            "reason_detail": "",
            "return_status": "",
            "shipment_provider": "",
            "voucher_amount": 5000,
            "digital_delivery_info": "",
            "extra_attributes": ""
        }]
}