
  {
    "outboundDeliveryType": "TransferOut",
    "sendingStoreCode": "006091",
    "deliveryNoteNumber": "0087903380",
    "deliveryDate": "2020-03-12",
    "replenishmentFlag": "0",
    "deliveryRemarks": "",
    "numberOfDeliveryItems": 429,
    "inventoryType": "0",
    "numberOfCartons": 1,
    "receivingStore": {
      "receivingStoreCode": "HV7002",
      "receivingStoreContactPerson": "",
      "receivingStoreContactPhone": "",
      "receivingStoreAddress": "DD122 LOT 111 YUNG YUEN ROAD, WING NING TSUEN PING SHAN, YUEN LONG 852 YUEN LONG HK"
    },
    "deliveryItems": [
      {
        "deliveryLineNumber": 1,
        "sku": "VN0A47TW7051025",
        "upc": "193391180342",
        "quantity": 1,
        "cartonNumber": "1"
      },
      {
        "deliveryLineNumber": 2,
        "sku": "VN0A47TW7051026",
        "upc": "193391178783",
        "quantity": 2,
        "cartonNumber": "1"
      },
      {
        "deliveryLineNumber": 3,
        "sku": "VN0A47TW7051027",
        "upc": "193391179186",
        "quantity": 3,
        "cartonNumber": "1"
      },
      {
        "deliveryLineNumber": 4,
        "sku": "VN0A47TW7051028",
        "upc": "193391179582",
        "quantity": 3,
        "cartonNumber": "1"
      },
      {
        "deliveryLineNumber": 5,
        "sku": "VN0A47TW7051029",
        "upc": "193391180519",
        "quantity": 2,
        "cartonNumber": "1"
      },
      {
        "deliveryLineNumber": 6,
        "sku": "VN0A47TW7051030",
        "upc": "193391180717",
        "quantity": 1,
        "cartonNumber": "1"
      },
      {
        "deliveryLineNumber": 7,
        "sku": "VN0A47U4BLK100M",
        "upc": "193391106755",
        "quantity": 1,
        "cartonNumber": "1"
      },
      {
        "deliveryLineNumber": 8,
        "sku": "VN0A47U4BLK100S",
        "upc": "193391106656",
        "quantity": 3,
        "cartonNumber": "1"
      },
      {
        "deliveryLineNumber": 9,
        "sku": "VN0A47U4BLK10XS",
        "upc": "193391106557",
        "quantity": 2,
        "cartonNumber": "1"
      },
      {
        "deliveryLineNumber": 10,
        "sku": "VN0A489MKCZ100L",
        "upc": "193391395609",
        "quantity": 1,
        "cartonNumber": "1"
      },
      {
        "deliveryLineNumber": 11,
        "sku": "VN0A489MKCZ100M",
        "upc": "193391395432",
        "quantity": 1,
        "cartonNumber": "1"
      },
      {
        "deliveryLineNumber": 12,
        "sku": "VN0A489MKCZ100S",
        "upc": "193391395326",
        "quantity": 2,
        "cartonNumber": "1"
      },
      {
        "deliveryLineNumber": 13,
        "sku": "VN0A489MKCZ10XL",
        "upc": "193391395746",
        "quantity": 1,
        "cartonNumber": "1"
      },
      {
        "deliveryLineNumber": 14,
        "sku": "VN0A489MKCZ10XS",
        "upc": "193391395180",
        "quantity": 1,
        "cartonNumber": "1"
      },
      {
        "deliveryLineNumber": 15,
        "sku": "VN0A489TBLK100L",
        "upc": "193391393087",
        "quantity": 3,
        "cartonNumber": "1"
      },
      {
        "deliveryLineNumber": 16,
        "sku": "VN0A489TBLK100M",
        "upc": "193391392820",
        "quantity": 7,
        "cartonNumber": "1"
      },
      {
        "deliveryLineNumber": 17,
        "sku": "VN0A489TBLK100S",
        "upc": "193391392677",
        "quantity": 6,
        "cartonNumber": "1"
      },
      {
        "deliveryLineNumber": 18,
        "sku": "VN0A489TBLK10XL",
        "upc": "193391393223",
        "quantity": 1,
        "cartonNumber": "1"
      },
      {
        "deliveryLineNumber": 19,
        "sku": "VN0A489TBLK10XS",
        "upc": "193391392554",
        "quantity": 1,
        "cartonNumber": "1"
      },
      {
        "deliveryLineNumber": 20,
        "sku": "VN0A489VTTZ100L",
        "upc": "193391394428",
        "quantity": 3,
        "cartonNumber": "1"
      },
      {
        "deliveryLineNumber": 21,
        "sku": "VN0A489VTTZ100M",
        "upc": "193391394268",
        "quantity": 4,
        "cartonNumber": "1"
      },
      {
        "deliveryLineNumber": 22,
        "sku": "VN0A489VTTZ100S",
        "upc": "193391394077",
        "quantity": 5,
        "cartonNumber": "1"
      },
      {
        "deliveryLineNumber": 23,
        "sku": "VN0A489VTTZ10XL",
        "upc": "193391394527",
        "quantity": 1,
        "cartonNumber": "1"
      },
      {
        "deliveryLineNumber": 24,
        "sku": "VN0A489VTTZ10XS",
        "upc": "193391393889",
        "quantity": 1,
        "cartonNumber": "1"
      },
      {
        "deliveryLineNumber": 25,
        "sku": "VN0A48A4BLK10OS",
        "upc": "193392301098",
        "quantity": 17,
        "cartonNumber": "1"
      },
      {
        "deliveryLineNumber": 26,
        "sku": "VN0A48A8WHT100L",
        "upc": "193392302255",
        "quantity": 2,
        "cartonNumber": "1"
      },
      {
        "deliveryLineNumber": 27,
        "sku": "VN0A47SE7D51030",
        "upc": "193391178530",
        "quantity": 1,
        "cartonNumber": "1"
      },
      {
        "deliveryLineNumber": 28,
        "sku": "VN0A4572TR4100M",
        "upc": "193390187045",
        "quantity": 2,
        "cartonNumber": "1"
      },
      {
        "deliveryLineNumber": 29,
        "sku": "VN0A4572TR4100S",
        "upc": "193390186994",
        "quantity": 2,
        "cartonNumber": "1"
      },
      {
        "deliveryLineNumber": 30,
        "sku": "VN0A4572TR410XS",
        "upc": "193390186963",
        "quantity": 1,
        "cartonNumber": "1"
      },
      {
        "deliveryLineNumber": 31,
        "sku": "VN0A458CSQ4100LREG",
        "upc": "193391175577",
        "quantity": 1,
        "cartonNumber": "1"
      },
      {
        "deliveryLineNumber": 32,
        "sku": "VN0A458CSQ4100MREG",
        "upc": "193391175263",
        "quantity": 2,
        "cartonNumber": "1"
      },
      {
        "deliveryLineNumber": 33,
        "sku": "VN0A458CSQ4100SREG",
        "upc": "193391175034",
        "quantity": 3,
        "cartonNumber": "1"
      },
      {
        "deliveryLineNumber": 34,
        "sku": "VN0A45E9BLK10OS",
        "upc": "847223054249",
        "quantity": 22,
        "cartonNumber": "1"
      },
      {
        "deliveryLineNumber": 35,
        "sku": "VN0A45JASWA104500M",
        "upc": "194112422826",
        "quantity": 3,
        "cartonNumber": "1"
      },
      {
        "deliveryLineNumber": 36,
        "sku": "VN0A45JASWA105000M",
        "upc": "194112422840",
        "quantity": 3,
        "cartonNumber": "1"
      },
      {
        "deliveryLineNumber": 37,
        "sku": "VN0A45JASWA105500M",
        "upc": "194112422864",
        "quantity": 5,
        "cartonNumber": "1"
      },
      {
        "deliveryLineNumber": 38,
        "sku": "VN0A45JASWA106000M",
        "upc": "194112422888",
        "quantity": 3,
        "cartonNumber": "1"
      },
      {
        "deliveryLineNumber": 39,
        "sku": "VN0A45JASWA107000M",
        "upc": "194112422925",
        "quantity": 3,
        "cartonNumber": "1"
      },
      {
        "deliveryLineNumber": 40,
        "sku": "VN0A45JCSXD104500M",
        "upc": "772259470094",
        "quantity": 4,
        "cartonNumber": "1"
      },
      {
        "deliveryLineNumber": 41,
        "sku": "VN0A45JCSXD105000M",
        "upc": "772259470155",
        "quantity": 5,
        "cartonNumber": "1"
      },
      {
        "deliveryLineNumber": 42,
        "sku": "VN0A45JCSXD105500M",
        "upc": "772259470209",
        "quantity": 6,
        "cartonNumber": "1"
      },
      {
        "deliveryLineNumber": 43,
        "sku": "VN0A45JCSXD106000M",
        "upc": "772259470261",
        "quantity": 5,
        "cartonNumber": "1"
      },
      {
        "deliveryLineNumber": 44,
        "sku": "VN0A45JCSXD107000M",
        "upc": "772259470391",
        "quantity": 5,
        "cartonNumber": "1"
      },
      {
        "deliveryLineNumber": 45,
        "sku": "VN0A45JUSXR106500M",
        "upc": "772259482646",
        "quantity": 4,
        "cartonNumber": "1"
      },
      {
        "deliveryLineNumber": 46,
        "sku": "VN0A45JUSXR107000M",
        "upc": "772259482653",
        "quantity": 6,
        "cartonNumber": "1"
      },
      {
        "deliveryLineNumber": 47,
        "sku": "VN0A45JUSXR107500M",
        "upc": "772259482707",
        "quantity": 1,
        "cartonNumber": "1"
      },
      {
        "deliveryLineNumber": 48,
        "sku": "VN0A45JUSXR109500M",
        "upc": "772259482769",
        "quantity": 3,
        "cartonNumber": "1"
      },
      {
        "deliveryLineNumber": 49,
        "sku": "VN0A47SE7D51025",
        "upc": "193391178172",
        "quantity": 1,
        "cartonNumber": "1"
      },
      {
        "deliveryLineNumber": 50,
        "sku": "VN0A47SE7D51026",
        "upc": "193391178271",
        "quantity": 2,
        "cartonNumber": "1"
      },
      {
        "deliveryLineNumber": 51,
        "sku": "VN0A47SE7D51027",
        "upc": "193391178356",
        "quantity": 3,
        "cartonNumber": "1"
      },
      {
        "deliveryLineNumber": 52,
        "sku": "VN0A47SE7D51028",
        "upc": "193391178424",
        "quantity": 3,
        "cartonNumber": "1"
      },
      {
        "deliveryLineNumber": 53,
        "sku": "VN0A47SE7D51029",
        "upc": "193391178486",
        "quantity": 2,
        "cartonNumber": "1"
      },
      {
        "deliveryLineNumber": 54,
        "sku": "VN0A48A8WHT100M",
        "upc": "193392302156",
        "quantity": 3,
        "cartonNumber": "1"
      },
      {
        "deliveryLineNumber": 55,
        "sku": "VN0A48B5TTZ100M",
        "upc": "193392300404",
        "quantity": 17,
        "cartonNumber": "1"
      },
      {
        "deliveryLineNumber": 56,
        "sku": "VN0A48B5TTZ100S",
        "upc": "193392300206",
        "quantity": 10,
        "cartonNumber": "1"
      },
      {
        "deliveryLineNumber": 57,
        "sku": "VN0A48B5TTZ10XL",
        "upc": "193391399775",
        "quantity": 4,
        "cartonNumber": "1"
      },
      {
        "deliveryLineNumber": 58,
        "sku": "VN0A48B5TTZ10XS",
        "upc": "193391399607",
        "quantity": 3,
        "cartonNumber": "1"
      },
      {
        "deliveryLineNumber": 59,
        "sku": "VN0A48B6WHT100L",
        "upc": "193391399928",
        "quantity": 9,
        "cartonNumber": "1"
      },
      {
        "deliveryLineNumber": 60,
        "sku": "VN0A48B6WHT100M",
        "upc": "193391399652",
        "quantity": 14,
        "cartonNumber": "1"
      },
      {
        "deliveryLineNumber": 61,
        "sku": "VN0A48B6WHT100S",
        "upc": "193391399553",
        "quantity": 8,
        "cartonNumber": "1"
      },
      {
        "deliveryLineNumber": 62,
        "sku": "VN0A48B6WHT10XL",
        "upc": "193392300107",
        "quantity": 4,
        "cartonNumber": "1"
      },
      {
        "deliveryLineNumber": 63,
        "sku": "VN0A48B9BLK100L",
        "upc": "193392306710",
        "quantity": 4,
        "cartonNumber": "1"
      },
      {
        "deliveryLineNumber": 64,
        "sku": "VN0A48B9BLK100M",
        "upc": "193392306666",
        "quantity": 8,
        "cartonNumber": "1"
      },
      {
        "deliveryLineNumber": 65,
        "sku": "VN0A48B9BLK100S",
        "upc": "193392306642",
        "quantity": 6,
        "cartonNumber": "1"
      },
      {
        "deliveryLineNumber": 66,
        "sku": "VN0A48B9BLK10XL",
        "upc": "193392306765",
        "quantity": 3,
        "cartonNumber": "1"
      },
      {
        "deliveryLineNumber": 67,
        "sku": "VN0A48B9WHT100L",
        "upc": "193392307458",
        "quantity": 4,
        "cartonNumber": "1"
      },
      {
        "deliveryLineNumber": 68,
        "sku": "VN0A48B9WHT100M",
        "upc": "193392307328",
        "quantity": 8,
        "cartonNumber": "1"
      },
      {
        "deliveryLineNumber": 69,
        "sku": "VN0A48B9WHT100S",
        "upc": "193392307229",
        "quantity": 6,
        "cartonNumber": "1"
      },
      {
        "deliveryLineNumber": 70,
        "sku": "VN0A48B9WHT10XL",
        "upc": "193392307533",
        "quantity": 3,
        "cartonNumber": "1"
      },
      {
        "deliveryLineNumber": 71,
        "sku": "VN0A48BAIZQ100L",
        "upc": "193392307540",
        "quantity": 4,
        "cartonNumber": "1"
      },
      {
        "deliveryLineNumber": 72,
        "sku": "VN0A48BAIZQ100M",
        "upc": "193392307434",
        "quantity": 8,
        "cartonNumber": "1"
      },
      {
        "deliveryLineNumber": 73,
        "sku": "VN0A48BAIZQ100S",
        "upc": "193392307342",
        "quantity": 6,
        "cartonNumber": "1"
      },
      {
        "deliveryLineNumber": 74,
        "sku": "VN0A48BAIZQ10XS",
        "upc": "193392307243",
        "quantity": 3,
        "cartonNumber": "1"
      },
      {
        "deliveryLineNumber": 75,
        "sku": "VN0A48BHWHT100M",
        "upc": "193392309407",
        "quantity": 6,
        "cartonNumber": "1"
      },
      {
        "deliveryLineNumber": 76,
        "sku": "VN0A48BHWHT100S",
        "upc": "193392309322",
        "quantity": 8,
        "cartonNumber": "1"
      },
      {
        "deliveryLineNumber": 77,
        "sku": "VN0A48BHWHT10XS",
        "upc": "193392309230",
        "quantity": 5,
        "cartonNumber": "1"
      },
      {
        "deliveryLineNumber": 78,
        "sku": "VN0A48BIBLK100L",
        "upc": "193392304952",
        "quantity": 5,
        "cartonNumber": "1"
      },
      {
        "deliveryLineNumber": 79,
        "sku": "VN0A48BIBLK100M",
        "upc": "193392304884",
        "quantity": 9,
        "cartonNumber": "1"
      },
      {
        "deliveryLineNumber": 80,
        "sku": "VN0A48BIBLK100S",
        "upc": "193392304860",
        "quantity": 5,
        "cartonNumber": "1"
      },
      {
        "deliveryLineNumber": 81,
        "sku": "VN0A48B5TTZ100L",
        "upc": "193392300657",
        "quantity": 11,
        "cartonNumber": "1"
      },
      {
        "deliveryLineNumber": 82,
        "sku": "VN0A48A8WHT100S",
        "upc": "193392302057",
        "quantity": 3,
        "cartonNumber": "1"
      },
      {
        "deliveryLineNumber": 83,
        "sku": "VN0A48ATBLK100L",
        "upc": "193391397566",
        "quantity": 16,
        "cartonNumber": "1"
      },
      {
        "deliveryLineNumber": 84,
        "sku": "VN0A48ATBLK100M",
        "upc": "193391397528",
        "quantity": 23,
        "cartonNumber": "1"
      },
      {
        "deliveryLineNumber": 85,
        "sku": "VN0A48ATBLK100S",
        "upc": "193391397504",
        "quantity": 16,
        "cartonNumber": "1"
      },
      {
        "deliveryLineNumber": 86,
        "sku": "VN0A48ATBLK10XL",
        "upc": "193391397641",
        "quantity": 7,
        "cartonNumber": "1"
      },
      {
        "deliveryLineNumber": 87,
        "sku": "VN0A48ATBLK10XS",
        "upc": "193391397481",
        "quantity": 3,
        "cartonNumber": "1"
      },
      {
        "deliveryLineNumber": 88,
        "sku": "VN0A48ATWHT100L",
        "upc": "193391398266",
        "quantity": 11,
        "cartonNumber": "1"
      },
      {
        "deliveryLineNumber": 89,
        "sku": "VN0A48ATWHT100M",
        "upc": "193391398150",
        "quantity": 17,
        "cartonNumber": "1"
      },
      {
        "deliveryLineNumber": 90,
        "sku": "VN0A48ATWHT100S",
        "upc": "193391398037",
        "quantity": 10,
        "cartonNumber": "1"
      },
      {
        "deliveryLineNumber": 91,
        "sku": "VN0A48ATWHT10XL",
        "upc": "193391398280",
        "quantity": 3,
        "cartonNumber": "1"
      },
      {
        "deliveryLineNumber": 92,
        "sku": "VN0A48ATWHT10XS",
        "upc": "193391397917",
        "quantity": 2,
        "cartonNumber": "1"
      },
      {
        "deliveryLineNumber": 93,
        "sku": "VN0A48B1BLK100L",
        "upc": "193391399461",
        "quantity": 16,
        "cartonNumber": "1"
      },
      {
        "deliveryLineNumber": 94,
        "sku": "VN0A48B1BLK100M",
        "upc": "193391399423",
        "quantity": 24,
        "cartonNumber": "1"
      },
      {
        "deliveryLineNumber": 95,
        "sku": "VN0A48B1BLK100S",
        "upc": "193391399362",
        "quantity": 16,
        "cartonNumber": "1"
      },
      {
        "deliveryLineNumber": 96,
        "sku": "VN0A48B1BLK10XL",
        "upc": "193391399485",
        "quantity": 7,
        "cartonNumber": "1"
      },
      {
        "deliveryLineNumber": 97,
        "sku": "VN0A48B1BLK10XS",
        "upc": "193391399294",
        "quantity": 2,
        "cartonNumber": "1"
      },
      {
        "deliveryLineNumber": 98,
        "sku": "VN0A48B1WHT100L",
        "upc": "193391398860",
        "quantity": 15,
        "cartonNumber": "1"
      },
      {
        "deliveryLineNumber": 99,
        "sku": "VN0A48B1WHT100M",
        "upc": "193391398662",
        "quantity": 25,
        "cartonNumber": "1"
      },
      {
        "deliveryLineNumber": 100,
        "sku": "VN0A48B1WHT100S",
        "upc": "193391398532",
        "quantity": 16,
        "cartonNumber": "1"
      },
      {
        "deliveryLineNumber": 101,
        "sku": "VN0A48B1WHT10XL",
        "upc": "193391399034",
        "quantity": 6,
        "cartonNumber": "1"
      },
      {
        "deliveryLineNumber": 102,
        "sku": "VN0A48B1WHT10XS",
        "upc": "193391398396",
        "quantity": 3,
        "cartonNumber": "1"
      },
      {
        "deliveryLineNumber": 103,
        "sku": "VN0A48B4BLK100L",
        "upc": "193392300084",
        "quantity": 11,
        "cartonNumber": "1"
      },
      {
        "deliveryLineNumber": 104,
        "sku": "VN0A48B4BLK100M",
        "upc": "193391399812",
        "quantity": 17,
        "cartonNumber": "1"
      },
      {
        "deliveryLineNumber": 105,
        "sku": "VN0A48B4BLK100S",
        "upc": "193391399621",
        "quantity": 10,
        "cartonNumber": "1"
      },
      {
        "deliveryLineNumber": 106,
        "sku": "VN0A48B4BLK10XL",
        "upc": "193392300244",
        "quantity": 4,
        "cartonNumber": "1"
      },
      {
        "deliveryLineNumber": 107,
        "sku": "VN0A48B4BLK10XS",
        "upc": "193391399560",
        "quantity": 2,
        "cartonNumber": "1"
      },
      {
        "deliveryLineNumber": 108,
        "sku": "VN0A3QSAFTZ100M",
        "upc": "190852974366",
        "quantity": 8,
        "cartonNumber": "1"
      },
      {
        "deliveryLineNumber": 109,
        "sku": "VN0A3QSAFTZ100S",
        "upc": "190852974076",
        "quantity": 8,
        "cartonNumber": "1"
      },
      {
        "deliveryLineNumber": 110,
        "sku": "VN0A3QSAFTZ10XL",
        "upc": "190852974908",
        "quantity": 2,
        "cartonNumber": "1"
      },
      {
        "deliveryLineNumber": 111,
        "sku": "VN0A3QSAFTZ10XS",
        "upc": "190852973826",
        "quantity": 2,
        "cartonNumber": "1"
      },
      {
        "deliveryLineNumber": 112,
        "sku": "VN0A3TXI9E1100L",
        "upc": "680975324839",
        "quantity": 2,
        "cartonNumber": "1"
      },
      {
        "deliveryLineNumber": 113,
        "sku": "VN0A3TXI9E1100M",
        "upc": "680975324815",
        "quantity": 5,
        "cartonNumber": "1"
      },
      {
        "deliveryLineNumber": 114,
        "sku": "VN0A3TXI9E1100S",
        "upc": "680975324792",
        "quantity": 3,
        "cartonNumber": "1"
      },
      {
        "deliveryLineNumber": 115,
        "sku": "VN0A3TXI9E110XL",
        "upc": "680975324853",
        "quantity": 2,
        "cartonNumber": "1"
      },
      {
        "deliveryLineNumber": 116,
        "sku": "VN0A3W2GBLK100L",
        "upc": "192826006547",
        "quantity": 2,
        "cartonNumber": "1"
      },
      {
        "deliveryLineNumber": 117,
        "sku": "VN0A3W2GBLK100M",
        "upc": "192826006448",
        "quantity": 2,
        "cartonNumber": "1"
      },
      {
        "deliveryLineNumber": 118,
        "sku": "VN0A3W2GBLK100S",
        "upc": "192826006332",
        "quantity": 2,
        "cartonNumber": "1"
      },
      {
        "deliveryLineNumber": 119,
        "sku": "VN0A3WLMT2Y104000M",
        "upc": "772259496322",
        "quantity": 1,
        "cartonNumber": "1"
      },
      {
        "deliveryLineNumber": 120,
        "sku": "VN0A3WLMT2Y105000M",
        "upc": "772259496681",
        "quantity": 2,
        "cartonNumber": "1"
      },
      {
        "deliveryLineNumber": 121,
        "sku": "VN0A3WLMT2Y106000M",
        "upc": "772259497046",
        "quantity": 2,
        "cartonNumber": "1"
      },
      {
        "deliveryLineNumber": 122,
        "sku": "VN0A3WLMT2Y107000M",
        "upc": "772259497404",
        "quantity": 3,
        "cartonNumber": "1"
      },
      {
        "deliveryLineNumber": 123,
        "sku": "VN0A3WLMT2Y108000M",
        "upc": "772259497855",
        "quantity": 3,
        "cartonNumber": "1"
      },
      {
        "deliveryLineNumber": 124,
        "sku": "VN0A3WLMT2Y109000M",
        "upc": "772259498210",
        "quantity": 3,
        "cartonNumber": "1"
      },
      {
        "deliveryLineNumber": 125,
        "sku": "VN0A3WLMT2Y110000M",
        "upc": "772259498524",
        "quantity": 2,
        "cartonNumber": "1"
      },
      {
        "deliveryLineNumber": 126,
        "sku": "VN0A3WLPT94105000M",
        "upc": "194112430272",
        "quantity": 4,
        "cartonNumber": "1"
      },
      {
        "deliveryLineNumber": 127,
        "sku": "VN0A3WLPT94105500M",
        "upc": "194112430357",
        "quantity": 5,
        "cartonNumber": "1"
      },
      {
        "deliveryLineNumber": 128,
        "sku": "VN0A3WLPT94106000M",
        "upc": "194112430463",
        "quantity": 4,
        "cartonNumber": "1"
      },
      {
        "deliveryLineNumber": 129,
        "sku": "VN0A3WLPT94107000M",
        "upc": "194112430661",
        "quantity": 2,
        "cartonNumber": "1"
      },
      {
        "deliveryLineNumber": 130,
        "sku": "VN0A3WLPT94107500M",
        "upc": "194112430760",
        "quantity": 3,
        "cartonNumber": "1"
      },
      {
        "deliveryLineNumber": 131,
        "sku": "VN0A3WLPT94108500M",
        "upc": "194112430968",
        "quantity": 3,
        "cartonNumber": "1"
      },
      {
        "deliveryLineNumber": 132,
        "sku": "VN0A3WLPT94109000M",
        "upc": "194112431064",
        "quantity": 6,
        "cartonNumber": "1"
      },
      {
        "deliveryLineNumber": 133,
        "sku": "VN0A3WLPT94110000M",
        "upc": "194112431262",
        "quantity": 3,
        "cartonNumber": "1"
      },
      {
        "deliveryLineNumber": 134,
        "sku": "VN0A3QSAFTZ100L",
        "upc": "190852974649",
        "quantity": 4,
        "cartonNumber": "1"
      },
      {
        "deliveryLineNumber": 135,
        "sku": "VN0A2RR1TIO104500M",
        "upc": "680975244229",
        "quantity": 2,
        "cartonNumber": "1"
      },
      {
        "deliveryLineNumber": 136,
        "sku": "VN0A2RR1TIO105000M",
        "upc": "680975244427",
        "quantity": 3,
        "cartonNumber": "1"
      },
      {
        "deliveryLineNumber": 137,
        "sku": "VN0A2RR1TIO105500M",
        "upc": "680975244632",
        "quantity": 5,
        "cartonNumber": "1"
      },
      {
        "deliveryLineNumber": 138,
        "sku": "VN0A2RR1TIO106000M",
        "upc": "680975244830",
        "quantity": 4,
        "cartonNumber": "1"
      },
      {
        "deliveryLineNumber": 139,
        "sku": "VN0A2RR1TIO106500M",
        "upc": "680975245011",
        "quantity": 2,
        "cartonNumber": "1"
      },
      {
        "deliveryLineNumber": 140,
        "sku": "VN0A2RR1TIO107000M",
        "upc": "680975245196",
        "quantity": 4,
        "cartonNumber": "1"
      },
      {
        "deliveryLineNumber": 141,
        "sku": "VN0A2RR1TIO107500M",
        "upc": "680975245400",
        "quantity": 2,
        "cartonNumber": "1"
      },
      {
        "deliveryLineNumber": 142,
        "sku": "VN0A2RR1TIO108500M",
        "upc": "680975245813",
        "quantity": 6,
        "cartonNumber": "1"
      },
      {
        "deliveryLineNumber": 143,
        "sku": "VN0A2RR1TIO109000M",
        "upc": "680975246001",
        "quantity": 6,
        "cartonNumber": "1"
      },
      {
        "deliveryLineNumber": 144,
        "sku": "VN0A2RR1TIO110000M",
        "upc": "680975246551",
        "quantity": 3,
        "cartonNumber": "1"
      },
      {
        "deliveryLineNumber": 145,
        "sku": "VN0A2RR1TIO112000M",
        "upc": "680975246780",
        "quantity": 1,
        "cartonNumber": "1"
      },
      {
        "deliveryLineNumber": 146,
        "sku": "VN0A347VSYD107500M",
        "upc": "680975200355",
        "quantity": 2,
        "cartonNumber": "1"
      },
      {
        "deliveryLineNumber": 147,
        "sku": "VN0A347VSYD108500M",
        "upc": "680975200669",
        "quantity": 6,
        "cartonNumber": "1"
      },
      {
        "deliveryLineNumber": 148,
        "sku": "VN0A347VSYD109000M",
        "upc": "680975200812",
        "quantity": 5,
        "cartonNumber": "1"
      },
      {
        "deliveryLineNumber": 149,
        "sku": "VN0A347VSYD109500M",
        "upc": "680975201093",
        "quantity": 6,
        "cartonNumber": "1"
      },
      {
        "deliveryLineNumber": 150,
        "sku": "VN0A347VSYD110000M",
        "upc": "680975201239",
        "quantity": 5,
        "cartonNumber": "1"
      },
      {
        "deliveryLineNumber": 151,
        "sku": "VN0A347VSYD111000M",
        "upc": "680975201550",
        "quantity": 3,
        "cartonNumber": "1"
      },
      {
        "deliveryLineNumber": 152,
        "sku": "VN0A3HPZTSX100L",
        "upc": "193390194418",
        "quantity": 2,
        "cartonNumber": "1"
      },
      {
        "deliveryLineNumber": 153,
        "sku": "VN0A3HPZTSX100M",
        "upc": "193390194289",
        "quantity": 2,
        "cartonNumber": "1"
      },
      {
        "deliveryLineNumber": 154,
        "sku": "VN0A3HPZTSX100S",
        "upc": "193390194128",
        "quantity": 2,
        "cartonNumber": "1"
      },
      {
        "deliveryLineNumber": 155,
        "sku": "VN0A3I5SHU010OS",
        "upc": "847223031554",
        "quantity": 15,
        "cartonNumber": "1"
      },
      {
        "deliveryLineNumber": 156,
        "sku": "VN0A3QSABLK100L",
        "upc": "190852973567",
        "quantity": 5,
        "cartonNumber": "1"
      },
      {
        "deliveryLineNumber": 157,
        "sku": "VN0A3QSABLK100M",
        "upc": "190852973543",
        "quantity": 11,
        "cartonNumber": "1"
      },
      {
        "deliveryLineNumber": 158,
        "sku": "VN0A3QSABLK100S",
        "upc": "190852973482",
        "quantity": 9,
        "cartonNumber": "1"
      },
      {
        "deliveryLineNumber": 159,
        "sku": "VN0A3QSABLK10XL",
        "upc": "190852973581",
        "quantity": 2,
        "cartonNumber": "1"
      },
      {
        "deliveryLineNumber": 160,
        "sku": "VN0A3QSABLK10XS",
        "upc": "190852973376",
        "quantity": 3,
        "cartonNumber": "1"
      },
      {
        "deliveryLineNumber": 161,
        "sku": "VN0A3WLPV0D105000M",
        "upc": "194112432535",
        "quantity": 4,
        "cartonNumber": "1"
      },
      {
        "deliveryLineNumber": 162,
        "sku": "VN0A3WM9TE9111000M",
        "upc": "194112456098",
        "quantity": 2,
        "cartonNumber": "1"
      },
      {
        "deliveryLineNumber": 163,
        "sku": "VN0A3ZPNBLK100L",
        "upc": "193392305737",
        "quantity": 6,
        "cartonNumber": "1"
      },
      {
        "deliveryLineNumber": 164,
        "sku": "VN0A3ZPNBLK100M",
        "upc": "193392305607",
        "quantity": 9,
        "cartonNumber": "1"
      },
      {
        "deliveryLineNumber": 165,
        "sku": "VN0A3ZPNBLK100S",
        "upc": "193392305539",
        "quantity": 7,
        "cartonNumber": "1"
      },
      {
        "deliveryLineNumber": 166,
        "sku": "VN0A3ZPNBLK10XL",
        "upc": "193392305836",
        "quantity": 3,
        "cartonNumber": "1"
      },
      {
        "deliveryLineNumber": 167,
        "sku": "VN0A3ZPNDB0100L",
        "upc": "193392306123",
        "quantity": 5,
        "cartonNumber": "1"
      },
      {
        "deliveryLineNumber": 168,
        "sku": "VN0A3ZPNDB0100M",
        "upc": "193392306062",
        "quantity": 9,
        "cartonNumber": "1"
      },
      {
        "deliveryLineNumber": 169,
        "sku": "VN0A3ZPNDB0100S",
        "upc": "193392306048",
        "quantity": 7,
        "cartonNumber": "1"
      },
      {
        "deliveryLineNumber": 170,
        "sku": "VN0A3ZPNDB010XL",
        "upc": "193392306192",
        "quantity": 3,
        "cartonNumber": "1"
      },
      {
        "deliveryLineNumber": 171,
        "sku": "VN0A454AWHT100L",
        "upc": "193391134925",
        "quantity": 3,
        "cartonNumber": "1"
      },
      {
        "deliveryLineNumber": 172,
        "sku": "VN0A454AWHT100M",
        "upc": "193391134871",
        "quantity": 4,
        "cartonNumber": "1"
      },
      {
        "deliveryLineNumber": 173,
        "sku": "VN0A454AWHT100S",
        "upc": "193391134857",
        "quantity": 1,
        "cartonNumber": "1"
      },
      {
        "deliveryLineNumber": 174,
        "sku": "VN0A454AWHT10XL",
        "upc": "193391134949",
        "quantity": 1,
        "cartonNumber": "1"
      },
      {
        "deliveryLineNumber": 175,
        "sku": "VN0A454NWHT100L",
        "upc": "193391116044",
        "quantity": 3,
        "cartonNumber": "1"
      },
      {
        "deliveryLineNumber": 176,
        "sku": "VN0A454NWHT100M",
        "upc": "193391116020",
        "quantity": 3,
        "cartonNumber": "1"
      },
      {
        "deliveryLineNumber": 177,
        "sku": "VN0A454NWHT100S",
        "upc": "193391116006",
        "quantity": 3,
        "cartonNumber": "1"
      },
      {
        "deliveryLineNumber": 178,
        "sku": "VN0A454NWHT10XL",
        "upc": "193391116068",
        "quantity": 1,
        "cartonNumber": "1"
      },
      {
        "deliveryLineNumber": 179,
        "sku": "VN0A455HWHT100L",
        "upc": "193391118208",
        "quantity": 5,
        "cartonNumber": "1"
      },
      {
        "deliveryLineNumber": 180,
        "sku": "VN0A455HWHT100M",
        "upc": "193391118185",
        "quantity": 8,
        "cartonNumber": "1"
      },
      {
        "deliveryLineNumber": 181,
        "sku": "VN0A455HWHT100S",
        "upc": "193391118161",
        "quantity": 7,
        "cartonNumber": "1"
      },
      {
        "deliveryLineNumber": 182,
        "sku": "VN0A455HWHT10XL",
        "upc": "193391118246",
        "quantity": 3,
        "cartonNumber": "1"
      },
      {
        "deliveryLineNumber": 183,
        "sku": "VN0A455IBLK100L",
        "upc": "193391118598",
        "quantity": 3,
        "cartonNumber": "1"
      },
      {
        "deliveryLineNumber": 184,
        "sku": "VN0A455IBLK100M",
        "upc": "193391118550",
        "quantity": 3,
        "cartonNumber": "1"
      },
      {
        "deliveryLineNumber": 185,
        "sku": "VN0A455IBLK100S",
        "upc": "193391118529",
        "quantity": 3,
        "cartonNumber": "1"
      },
      {
        "deliveryLineNumber": 186,
        "sku": "VN0A455IBLK10XL",
        "upc": "193391118635",
        "quantity": 1,
        "cartonNumber": "1"
      },
      {
        "deliveryLineNumber": 187,
        "sku": "VN0A4572TR4100L",
        "upc": "193390187090",
        "quantity": 1,
        "cartonNumber": "1"
      },
      {
        "deliveryLineNumber": 188,
        "sku": "VN0A3WM9TE9110000M",
        "upc": "194112455893",
        "quantity": 2,
        "cartonNumber": "1"
      },
      {
        "deliveryLineNumber": 189,
        "sku": "VN0A3WLPV0D105500M",
        "upc": "194112432634",
        "quantity": 5,
        "cartonNumber": "1"
      },
      {
        "deliveryLineNumber": 190,
        "sku": "VN0A3WLPV0D106000M",
        "upc": "194112432733",
        "quantity": 4,
        "cartonNumber": "1"
      },
      {
        "deliveryLineNumber": 191,
        "sku": "VN0A3WLPV0D107000M",
        "upc": "194112432931",
        "quantity": 2,
        "cartonNumber": "1"
      },
      {
        "deliveryLineNumber": 192,
        "sku": "VN0A3WLPV0D107500M",
        "upc": "194112433013",
        "quantity": 3,
        "cartonNumber": "1"
      },
      {
        "deliveryLineNumber": 193,
        "sku": "VN0A3WLPV0D108500M",
        "upc": "194112433174",
        "quantity": 3,
        "cartonNumber": "1"
      },
      {
        "deliveryLineNumber": 194,
        "sku": "VN0A3WLPV0D109000M",
        "upc": "194112433259",
        "quantity": 6,
        "cartonNumber": "1"
      },
      {
        "deliveryLineNumber": 195,
        "sku": "VN0A3WLPV0D110000M",
        "upc": "194112433402",
        "quantity": 3,
        "cartonNumber": "1"
      },
      {
        "deliveryLineNumber": 196,
        "sku": "VN0A3WM9TE8104500M",
        "upc": "194112456401",
        "quantity": 2,
        "cartonNumber": "1"
      },
      {
        "deliveryLineNumber": 197,
        "sku": "VN0A3WM9TE8105000M",
        "upc": "194112456449",
        "quantity": 3,
        "cartonNumber": "1"
      },
      {
        "deliveryLineNumber": 198,
        "sku": "VN0A3WM9TE8105500M",
        "upc": "194112456463",
        "quantity": 5,
        "cartonNumber": "1"
      },
      {
        "deliveryLineNumber": 199,
        "sku": "VN0A3WM9TE8106000M",
        "upc": "194112456487",
        "quantity": 4,
        "cartonNumber": "1"
      },
      {
        "deliveryLineNumber": 200,
        "sku": "VN0A3WM9TE8106500M",
        "upc": "194112456500",
        "quantity": 2,
        "cartonNumber": "1"
      },
      {
        "deliveryLineNumber": 201,
        "sku": "VN0A3WM9TE8107000M",
        "upc": "194112456524",
        "quantity": 4,
        "cartonNumber": "1"
      },
      {
        "deliveryLineNumber": 202,
        "sku": "VN0A3WM9TE8107500M",
        "upc": "194112456548",
        "quantity": 3,
        "cartonNumber": "1"
      },
      {
        "deliveryLineNumber": 203,
        "sku": "VN0A3WM9TE8108500M",
        "upc": "194112456586",
        "quantity": 3,
        "cartonNumber": "1"
      },
      {
        "deliveryLineNumber": 204,
        "sku": "VN0A3WM9TE8109000M",
        "upc": "194112456609",
        "quantity": 6,
        "cartonNumber": "1"
      },
      {
        "deliveryLineNumber": 205,
        "sku": "VN0A3WM9TE8110000M",
        "upc": "194112456647",
        "quantity": 1,
        "cartonNumber": "1"
      },
      {
        "deliveryLineNumber": 206,
        "sku": "VN0A3WM9TE9104500M",
        "upc": "194112454711",
        "quantity": 2,
        "cartonNumber": "1"
      },
      {
        "deliveryLineNumber": 207,
        "sku": "VN0A3WM9TE9105000M",
        "upc": "194112454902",
        "quantity": 3,
        "cartonNumber": "1"
      },
      {
        "deliveryLineNumber": 208,
        "sku": "VN0A3WM9TE9105500M",
        "upc": "194112455008",
        "quantity": 5,
        "cartonNumber": "1"
      },
      {
        "deliveryLineNumber": 209,
        "sku": "VN0A3WM9TE9106000M",
        "upc": "194112455107",
        "quantity": 3,
        "cartonNumber": "1"
      },
      {
        "deliveryLineNumber": 210,
        "sku": "VN0A3WM9TE9106500M",
        "upc": "194112455206",
        "quantity": 2,
        "cartonNumber": "1"
      },
      {
        "deliveryLineNumber": 211,
        "sku": "VN0A3WM9TE9107000M",
        "upc": "194112455398",
        "quantity": 4,
        "cartonNumber": "1"
      },
      {
        "deliveryLineNumber": 212,
        "sku": "VN0A3WM9TE9107500M",
        "upc": "194112455299",
        "quantity": 4,
        "cartonNumber": "1"
      },
      {
        "deliveryLineNumber": 213,
        "sku": "VN0A3WM9TE9108500M",
        "upc": "194112455596",
        "quantity": 5,
        "cartonNumber": "1"
      },
      {
        "deliveryLineNumber": 214,
        "sku": "VN0A3WM9TE9109000M",
        "upc": "194112455695",
        "quantity": 6,
        "cartonNumber": "1"
      },
      {
        "deliveryLineNumber": 215,
        "sku": "VN0A48BIBLK10XL",
        "upc": "193392304990",
        "quantity": 3,
        "cartonNumber": "1"
      },
      {
        "deliveryLineNumber": 216,
        "sku": "VN0A4BV1T33110000M",
        "upc": "772259480802",
        "quantity": 1,
        "cartonNumber": "1"
      },
      {
        "deliveryLineNumber": 217,
        "sku": "VN0A4BV4TGO107000M",
        "upc": "772259433341",
        "quantity": 1,
        "cartonNumber": "1"
      },
      {
        "deliveryLineNumber": 218,
        "sku": "VN0A4BV4TGO107500M",
        "upc": "772259433464",
        "quantity": 3,
        "cartonNumber": "1"
      },
      {
        "deliveryLineNumber": 219,
        "sku": "VN0A4BV4TGO108500M",
        "upc": "772259433662",
        "quantity": 6,
        "cartonNumber": "1"
      },
      {
        "deliveryLineNumber": 220,
        "sku": "VN0A4BV4TGO109000M",
        "upc": "772259433747",
        "quantity": 5,
        "cartonNumber": "1"
      },
      {
        "deliveryLineNumber": 221,
        "sku": "VN0A4BV4TGO110000M",
        "upc": "772259433891",
        "quantity": 2,
        "cartonNumber": "1"
      },
      {
        "deliveryLineNumber": 222,
        "sku": "VN0A4BV4V9A107500M",
        "upc": "193394084319",
        "quantity": 1,
        "cartonNumber": "1"
      },
      {
        "deliveryLineNumber": 223,
        "sku": "VN0A4BV5V4Z106500M",
        "upc": "193394048380",
        "quantity": 1,
        "cartonNumber": "1"
      },
      {
        "deliveryLineNumber": 224,
        "sku": "VN0A4BV5V76105000M",
        "upc": "193394049530",
        "quantity": 2,
        "cartonNumber": "1"
      },
      {
        "deliveryLineNumber": 225,
        "sku": "VN0A4BV5V77105000M",
        "upc": "193394049066",
        "quantity": 1,
        "cartonNumber": "1"
      },
      {
        "deliveryLineNumber": 226,
        "sku": "VN0A4BV6T33104000M",
        "upc": "772259427500",
        "quantity": 3,
        "cartonNumber": "1"
      },
      {
        "deliveryLineNumber": 227,
        "sku": "VN0A4BV6T33104500M",
        "upc": "772259427609",
        "quantity": 4,
        "cartonNumber": "1"
      },
      {
        "deliveryLineNumber": 228,
        "sku": "VN0A4BV6T33105000M",
        "upc": "772259427708",
        "quantity": 4,
        "cartonNumber": "1"
      },
      {
        "deliveryLineNumber": 229,
        "sku": "VN0A4BV6T33105500M",
        "upc": "772259427791",
        "quantity": 8,
        "cartonNumber": "1"
      },
      {
        "deliveryLineNumber": 230,
        "sku": "VN0A4BV6T33106000M",
        "upc": "772259427890",
        "quantity": 8,
        "cartonNumber": "1"
      },
      {
        "deliveryLineNumber": 231,
        "sku": "VN0A4BV6T33106500M",
        "upc": "772259427999",
        "quantity": 4,
        "cartonNumber": "1"
      },
      {
        "deliveryLineNumber": 232,
        "sku": "VN0A4BV6T33107000M",
        "upc": "772259428095",
        "quantity": 6,
        "cartonNumber": "1"
      },
      {
        "deliveryLineNumber": 233,
        "sku": "VN0A4BV6T33107500M",
        "upc": "772259428194",
        "quantity": 4,
        "cartonNumber": "1"
      },
      {
        "deliveryLineNumber": 234,
        "sku": "VN0A4BV6T33108000M",
        "upc": "772259428316",
        "quantity": 5,
        "cartonNumber": "1"
      },
      {
        "deliveryLineNumber": 235,
        "sku": "VN0A4BV6T33108500M",
        "upc": "772259428484",
        "quantity": 6,
        "cartonNumber": "1"
      },
      {
        "deliveryLineNumber": 236,
        "sku": "VN0A4BV6T33109000M",
        "upc": "772259428668",
        "quantity": 8,
        "cartonNumber": "1"
      },
      {
        "deliveryLineNumber": 237,
        "sku": "VN0A4BV6T33109500M",
        "upc": "772259428842",
        "quantity": 4,
        "cartonNumber": "1"
      },
      {
        "deliveryLineNumber": 238,
        "sku": "VN0A4BV6T33110000M",
        "upc": "772259429023",
        "quantity": 6,
        "cartonNumber": "1"
      },
      {
        "deliveryLineNumber": 239,
        "sku": "VN0A4BV6T33110500M",
        "upc": "772259429207",
        "quantity": 3,
        "cartonNumber": "1"
      },
      {
        "deliveryLineNumber": 240,
        "sku": "VN0A4BV6T33111000M",
        "upc": "772259429382",
        "quantity": 2,
        "cartonNumber": "1"
      },
      {
        "deliveryLineNumber": 241,
        "sku": "VN0A4BV6TRL105000M",
        "upc": "772204279123",
        "quantity": 5,
        "cartonNumber": "1"
      },
      {
        "deliveryLineNumber": 242,
        "sku": "VN0A4BV1T33109000M",
        "upc": "772259480758",
        "quantity": 6,
        "cartonNumber": "1"
      },
      {
        "deliveryLineNumber": 243,
        "sku": "VN0A4BPMWHT10XL",
        "upc": "680975319873",
        "quantity": 6,
        "cartonNumber": "1"
      },
      {
        "deliveryLineNumber": 244,
        "sku": "VN0A4BPNBLK100L",
        "upc": "680975324662",
        "quantity": 6,
        "cartonNumber": "1"
      },
      {
        "deliveryLineNumber": 245,
        "sku": "VN0A4BPNBLK100M",
        "upc": "680975324617",
        "quantity": 9,
        "cartonNumber": "1"
      },
      {
        "deliveryLineNumber": 246,
        "sku": "VN0A4BPNBLK100S",
        "upc": "680975324549",
        "quantity": 7,
        "cartonNumber": "1"
      },
      {
        "deliveryLineNumber": 247,
        "sku": "VN0A4BPNBLK10XL",
        "upc": "680975324709",
        "quantity": 2,
        "cartonNumber": "1"
      },
      {
        "deliveryLineNumber": 248,
        "sku": "VN0A4BPS4N1100LREG",
        "upc": "680975314014",
        "quantity": 3,
        "cartonNumber": "1"
      },
      {
        "deliveryLineNumber": 249,
        "sku": "VN0A4BPS4N1100MREG",
        "upc": "680975313956",
        "quantity": 4,
        "cartonNumber": "1"
      },
      {
        "deliveryLineNumber": 250,
        "sku": "VN0A4BPS4N1100SREG",
        "upc": "680975313918",
        "quantity": 4,
        "cartonNumber": "1"
      },
      {
        "deliveryLineNumber": 251,
        "sku": "VN0A4BPS4N110XLREG",
        "upc": "680975314052",
        "quantity": 1,
        "cartonNumber": "1"
      },
      {
        "deliveryLineNumber": 252,
        "sku": "VN0A4BPSBLK100LREG",
        "upc": "680975313499",
        "quantity": 4,
        "cartonNumber": "1"
      },
      {
        "deliveryLineNumber": 253,
        "sku": "VN0A4BPSBLK100MREG",
        "upc": "680975313741",
        "quantity": 7,
        "cartonNumber": "1"
      },
      {
        "deliveryLineNumber": 254,
        "sku": "VN0A4BPSBLK100SREG",
        "upc": "680975313680",
        "quantity": 6,
        "cartonNumber": "1"
      },
      {
        "deliveryLineNumber": 255,
        "sku": "VN0A4BPSBLK10XLREG",
        "upc": "680975313550",
        "quantity": 1,
        "cartonNumber": "1"
      },
      {
        "deliveryLineNumber": 256,
        "sku": "VN0A4BPV98O10OS",
        "upc": "680975323757",
        "quantity": 30,
        "cartonNumber": "1"
      },
      {
        "deliveryLineNumber": 257,
        "sku": "VN0A4BPVBLK10OS",
        "upc": "680975323795",
        "quantity": 28,
        "cartonNumber": "1"
      },
      {
        "deliveryLineNumber": 258,
        "sku": "VN0A4BU5TYH107500M",
        "upc": "194112429061",
        "quantity": 3,
        "cartonNumber": "1"
      },
      {
        "deliveryLineNumber": 259,
        "sku": "VN0A4BU5TYH108500M",
        "upc": "194112429108",
        "quantity": 3,
        "cartonNumber": "1"
      },
      {
        "deliveryLineNumber": 260,
        "sku": "VN0A4BU5TYH109000M",
        "upc": "194112429122",
        "quantity": 3,
        "cartonNumber": "1"
      },
      {
        "deliveryLineNumber": 261,
        "sku": "VN0A4BU5TYH110000M",
        "upc": "194112429160",
        "quantity": 2,
        "cartonNumber": "1"
      },
      {
        "deliveryLineNumber": 262,
        "sku": "VN0A4BU5TYH111000M",
        "upc": "194112429207",
        "quantity": 2,
        "cartonNumber": "1"
      },
      {
        "deliveryLineNumber": 263,
        "sku": "VN0A4BU5TYH112000M",
        "upc": "194112429245",
        "quantity": 1,
        "cartonNumber": "1"
      },
      {
        "deliveryLineNumber": 264,
        "sku": "VN0A4BV1T33104000M",
        "upc": "772259480154",
        "quantity": 1,
        "cartonNumber": "1"
      },
      {
        "deliveryLineNumber": 265,
        "sku": "VN0A4BV1T33105000M",
        "upc": "772259480284",
        "quantity": 2,
        "cartonNumber": "1"
      },
      {
        "deliveryLineNumber": 266,
        "sku": "VN0A4BV1T33106000M",
        "upc": "772259480406",
        "quantity": 3,
        "cartonNumber": "1"
      },
      {
        "deliveryLineNumber": 267,
        "sku": "VN0A4BV1T33107000M",
        "upc": "772259480536",
        "quantity": 6,
        "cartonNumber": "1"
      },
      {
        "deliveryLineNumber": 268,
        "sku": "VN0A4BV1T33108000M",
        "upc": "772259480666",
        "quantity": 6,
        "cartonNumber": "1"
      },
      {
        "deliveryLineNumber": 269,
        "sku": "VN0A4BV6TRL105500M",
        "upc": "772204279147",
        "quantity": 6,
        "cartonNumber": "1"
      },
      {
        "deliveryLineNumber": 270,
        "sku": "VN0A4P3ITUH110000M",
        "upc": "194112412674",
        "quantity": 2,
        "cartonNumber": "1"
      },
      {
        "deliveryLineNumber": 271,
        "sku": "VN0A4P3ITUH110500M",
        "upc": "194112412735",
        "quantity": 1,
        "cartonNumber": "1"
      },
      {
        "deliveryLineNumber": 272,
        "sku": "VN0A4P3ITUH112000M",
        "upc": "194112412858",
        "quantity": 1,
        "cartonNumber": "1"
      },
      {
        "deliveryLineNumber": 273,
        "sku": "VN0A4P3ITUI104000M",
        "upc": "772204284844",
        "quantity": 1,
        "cartonNumber": "1"
      },
      {
        "deliveryLineNumber": 274,
        "sku": "VN0A4P3ITUI104500M",
        "upc": "772204284868",
        "quantity": 2,
        "cartonNumber": "1"
      },
      {
        "deliveryLineNumber": 275,
        "sku": "VN0A4P3ITUI105000M",
        "upc": "772204284882",
        "quantity": 2,
        "cartonNumber": "1"
      },
      {
        "deliveryLineNumber": 276,
        "sku": "VN0A4P3ITUI105500M",
        "upc": "772204284905",
        "quantity": 3,
        "cartonNumber": "1"
      },
      {
        "deliveryLineNumber": 277,
        "sku": "VN0A4P3ITUI106000M",
        "upc": "772204284929",
        "quantity": 3,
        "cartonNumber": "1"
      },
      {
        "deliveryLineNumber": 278,
        "sku": "VN0A4P3ITUI106500M",
        "upc": "772204284943",
        "quantity": 2,
        "cartonNumber": "1"
      },
      {
        "deliveryLineNumber": 279,
        "sku": "VN0A4P3ITUI107000M",
        "upc": "772204284967",
        "quantity": 3,
        "cartonNumber": "1"
      },
      {
        "deliveryLineNumber": 280,
        "sku": "VN0A4P3ITUK104000M",
        "upc": "772204284561",
        "quantity": 1,
        "cartonNumber": "1"
      },
      {
        "deliveryLineNumber": 281,
        "sku": "VN0A4P3ITUK104500M",
        "upc": "772204284585",
        "quantity": 2,
        "cartonNumber": "1"
      },
      {
        "deliveryLineNumber": 282,
        "sku": "VN0A4P3ITUK105000M",
        "upc": "772204284622",
        "quantity": 2,
        "cartonNumber": "1"
      },
      {
        "deliveryLineNumber": 283,
        "sku": "VN0A4P3ITUK105500M",
        "upc": "772204284608",
        "quantity": 3,
        "cartonNumber": "1"
      },
      {
        "deliveryLineNumber": 284,
        "sku": "VN0A4P3ITUK106000M",
        "upc": "772204284646",
        "quantity": 3,
        "cartonNumber": "1"
      },
      {
        "deliveryLineNumber": 285,
        "sku": "VN0A4P3ITUK106500M",
        "upc": "772204284660",
        "quantity": 2,
        "cartonNumber": "1"
      },
      {
        "deliveryLineNumber": 286,
        "sku": "VN0A4P3ITUK107000M",
        "upc": "772204284684",
        "quantity": 3,
        "cartonNumber": "1"
      },
      {
        "deliveryLineNumber": 287,
        "sku": "VN0A4P3LTWS107000M",
        "upc": "194112458351",
        "quantity": 1,
        "cartonNumber": "1"
      },
      {
        "deliveryLineNumber": 288,
        "sku": "VN0A4P3LTWS107500M",
        "upc": "194112458382",
        "quantity": 2,
        "cartonNumber": "1"
      },
      {
        "deliveryLineNumber": 289,
        "sku": "VN0A4P3LTWS108000M",
        "upc": "194112458429",
        "quantity": 3,
        "cartonNumber": "1"
      },
      {
        "deliveryLineNumber": 290,
        "sku": "VN0A4P3LTWS108500M",
        "upc": "194112458467",
        "quantity": 2,
        "cartonNumber": "1"
      },
      {
        "deliveryLineNumber": 291,
        "sku": "VN0A4P3LTWS109000M",
        "upc": "194112458504",
        "quantity": 5,
        "cartonNumber": "1"
      },
      {
        "deliveryLineNumber": 292,
        "sku": "VN0A4P3LTWS109500M",
        "upc": "194112458559",
        "quantity": 1,
        "cartonNumber": "1"
      },
      {
        "deliveryLineNumber": 293,
        "sku": "VN0A4P3LTWS110000M",
        "upc": "194112458580",
        "quantity": 3,
        "cartonNumber": "1"
      },
      {
        "deliveryLineNumber": 294,
        "sku": "VN0A4P3LTWS110500M",
        "upc": "194112458627",
        "quantity": 1,
        "cartonNumber": "1"
      },
      {
        "deliveryLineNumber": 295,
        "sku": "VN0A4P3LTWS111000M",
        "upc": "194112458658",
        "quantity": 2,
        "cartonNumber": "1"
      },
      {
        "deliveryLineNumber": 296,
        "sku": "VN0A4P3ITUH109500M",
        "upc": "194112412636",
        "quantity": 1,
        "cartonNumber": "1"
      },
      {
        "deliveryLineNumber": 297,
        "sku": "VN0A4BV6TRL106000M",
        "upc": "772204279161",
        "quantity": 5,
        "cartonNumber": "1"
      },
      {
        "deliveryLineNumber": 298,
        "sku": "VN0A4BV6TRL107000M",
        "upc": "772204279208",
        "quantity": 4,
        "cartonNumber": "1"
      },
      {
        "deliveryLineNumber": 299,
        "sku": "VN0A4BV6TSA105000M",
        "upc": "772204278560",
        "quantity": 4,
        "cartonNumber": "1"
      },
      {
        "deliveryLineNumber": 300,
        "sku": "VN0A4BV6TSA105500M",
        "upc": "772204278584",
        "quantity": 6,
        "cartonNumber": "1"
      },
      {
        "deliveryLineNumber": 301,
        "sku": "VN0A4BV6TSA106000M",
        "upc": "772204278607",
        "quantity": 4,
        "cartonNumber": "1"
      },
      {
        "deliveryLineNumber": 302,
        "sku": "VN0A4BV6TSA107000M",
        "upc": "772204278645",
        "quantity": 2,
        "cartonNumber": "1"
      },
      {
        "deliveryLineNumber": 303,
        "sku": "VN0A4BV6V4Z111000M",
        "upc": "679894026887",
        "quantity": 1,
        "cartonNumber": "1"
      },
      {
        "deliveryLineNumber": 304,
        "sku": "VN0A4CUIZTQ100M",
        "upc": "847223015875",
        "quantity": 3,
        "cartonNumber": "1"
      },
      {
        "deliveryLineNumber": 305,
        "sku": "VN0A4CUIZTQ100S",
        "upc": "847223015776",
        "quantity": 6,
        "cartonNumber": "1"
      },
      {
        "deliveryLineNumber": 306,
        "sku": "VN0A4CUIZTQ10XS",
        "upc": "847223015677",
        "quantity": 3,
        "cartonNumber": "1"
      },
      {
        "deliveryLineNumber": 307,
        "sku": "VN0A4CUNZTN100M",
        "upc": "847223020299",
        "quantity": 3,
        "cartonNumber": "1"
      },
      {
        "deliveryLineNumber": 308,
        "sku": "VN0A4CUNZTN100S",
        "upc": "847223020190",
        "quantity": 5,
        "cartonNumber": "1"
      },
      {
        "deliveryLineNumber": 309,
        "sku": "VN0A4CUNZTN10XS",
        "upc": "847223020091",
        "quantity": 3,
        "cartonNumber": "1"
      },
      {
        "deliveryLineNumber": 310,
        "sku": "VN0A4MCAZTQ100L",
        "upc": "847223025751",
        "quantity": 2,
        "cartonNumber": "1"
      },
      {
        "deliveryLineNumber": 311,
        "sku": "VN0A4MCAZTQ100M",
        "upc": "847223025430",
        "quantity": 4,
        "cartonNumber": "1"
      },
      {
        "deliveryLineNumber": 312,
        "sku": "VN0A4MCAZTQ100S",
        "upc": "847223025232",
        "quantity": 4,
        "cartonNumber": "1"
      },
      {
        "deliveryLineNumber": 313,
        "sku": "VN0A4MCAZTQ10XS",
        "upc": "847223025034",
        "quantity": 2,
        "cartonNumber": "1"
      },
      {
        "deliveryLineNumber": 314,
        "sku": "VN0A4MKZBLK100LREG",
        "upc": "193394385317",
        "quantity": 1,
        "cartonNumber": "1"
      },
      {
        "deliveryLineNumber": 315,
        "sku": "VN0A4MKZBLK100MREG",
        "upc": "193394385294",
        "quantity": 2,
        "cartonNumber": "1"
      },
      {
        "deliveryLineNumber": 316,
        "sku": "VN0A4MKZBLK100SREG",
        "upc": "193394385270",
        "quantity": 2,
        "cartonNumber": "1"
      },
      {
        "deliveryLineNumber": 317,
        "sku": "VN0A4MKZBLK10XSREG",
        "upc": "193394385256",
        "quantity": 1,
        "cartonNumber": "1"
      },
      {
        "deliveryLineNumber": 318,
        "sku": "VN0A4P3ITUH107000M",
        "upc": "194112412391",
        "quantity": 1,
        "cartonNumber": "1"
      },
      {
        "deliveryLineNumber": 319,
        "sku": "VN0A4P3ITUH107500M",
        "upc": "194112412452",
        "quantity": 2,
        "cartonNumber": "1"
      },
      {
        "deliveryLineNumber": 320,
        "sku": "VN0A4P3ITUH108000M",
        "upc": "194112412490",
        "quantity": 1,
        "cartonNumber": "1"
      },
      {
        "deliveryLineNumber": 321,
        "sku": "VN0A4P3ITUH108500M",
        "upc": "194112412551",
        "quantity": 2,
        "cartonNumber": "1"
      },
      {
        "deliveryLineNumber": 322,
        "sku": "VN0A4P3ITUH109000M",
        "upc": "194112412605",
        "quantity": 3,
        "cartonNumber": "1"
      },
      {
        "deliveryLineNumber": 323,
        "sku": "VN0A48CD4N1100M",
        "upc": "680975314571",
        "quantity": 8,
        "cartonNumber": "1"
      },
      {
        "deliveryLineNumber": 324,
        "sku": "VN0A48CD4N1100S",
        "upc": "680975314472",
        "quantity": 8,
        "cartonNumber": "1"
      },
      {
        "deliveryLineNumber": 325,
        "sku": "VN0A48CD4N110XL",
        "upc": "680975314779",
        "quantity": 2,
        "cartonNumber": "1"
      },
      {
        "deliveryLineNumber": 326,
        "sku": "VN0A48CD4N110XS",
        "upc": "680975314373",
        "quantity": 2,
        "cartonNumber": "1"
      },
      {
        "deliveryLineNumber": 327,
        "sku": "VN0A48CDBLK100L",
        "upc": "680975313871",
        "quantity": 5,
        "cartonNumber": "1"
      },
      {
        "deliveryLineNumber": 328,
        "sku": "VN0A48CDBLK100M",
        "upc": "680975313857",
        "quantity": 11,
        "cartonNumber": "1"
      },
      {
        "deliveryLineNumber": 329,
        "sku": "VN0A48CDBLK100S",
        "upc": "680975313833",
        "quantity": 9,
        "cartonNumber": "1"
      },
      {
        "deliveryLineNumber": 330,
        "sku": "VN0A48CDBLK10XL",
        "upc": "680975313925",
        "quantity": 2,
        "cartonNumber": "1"
      },
      {
        "deliveryLineNumber": 331,
        "sku": "VN0A48CDBLK10XS",
        "upc": "680975313819",
        "quantity": 3,
        "cartonNumber": "1"
      },
      {
        "deliveryLineNumber": 332,
        "sku": "VN0A48CEBLK100L",
        "upc": "680975314687",
        "quantity": 6,
        "cartonNumber": "1"
      },
      {
        "deliveryLineNumber": 333,
        "sku": "VN0A48CEBLK100M",
        "upc": "680975314588",
        "quantity": 11,
        "cartonNumber": "1"
      },
      {
        "deliveryLineNumber": 334,
        "sku": "VN0A48CEBLK100S",
        "upc": "680975314489",
        "quantity": 9,
        "cartonNumber": "1"
      },
      {
        "deliveryLineNumber": 335,
        "sku": "VN0A48CEBLK10XL",
        "upc": "680975314786",
        "quantity": 2,
        "cartonNumber": "1"
      },
      {
        "deliveryLineNumber": 336,
        "sku": "VN0A48CEBLK10XS",
        "upc": "680975314380",
        "quantity": 2,
        "cartonNumber": "1"
      },
      {
        "deliveryLineNumber": 337,
        "sku": "VN0A48CEWHT100L",
        "upc": "680975315912",
        "quantity": 5,
        "cartonNumber": "1"
      },
      {
        "deliveryLineNumber": 338,
        "sku": "VN0A48CEWHT100M",
        "upc": "680975315783",
        "quantity": 8,
        "cartonNumber": "1"
      },
      {
        "deliveryLineNumber": 339,
        "sku": "VN0A48CEWHT100S",
        "upc": "680975315738",
        "quantity": 7,
        "cartonNumber": "1"
      },
      {
        "deliveryLineNumber": 340,
        "sku": "VN0A48CEWHT10XL",
        "upc": "680975316018",
        "quantity": 2,
        "cartonNumber": "1"
      },
      {
        "deliveryLineNumber": 341,
        "sku": "VN0A48CEWHT10XS",
        "upc": "680975315653",
        "quantity": 2,
        "cartonNumber": "1"
      },
      {
        "deliveryLineNumber": 342,
        "sku": "VN0A48CJBLK100L",
        "upc": "680975316438",
        "quantity": 7,
        "cartonNumber": "1"
      },
      {
        "deliveryLineNumber": 343,
        "sku": "VN0A48CJBLK100M",
        "upc": "680975316414",
        "quantity": 9,
        "cartonNumber": "1"
      },
      {
        "deliveryLineNumber": 344,
        "sku": "VN0A48CJBLK100S",
        "upc": "680975316391",
        "quantity": 8,
        "cartonNumber": "1"
      },
      {
        "deliveryLineNumber": 345,
        "sku": "VN0A48CS4N1100L",
        "upc": "680975323153",
        "quantity": 3,
        "cartonNumber": "1"
      },
      {
        "deliveryLineNumber": 346,
        "sku": "VN0A48CS4N1100M",
        "upc": "680975323122",
        "quantity": 6,
        "cartonNumber": "1"
      },
      {
        "deliveryLineNumber": 347,
        "sku": "VN0A48CS4N1100S",
        "upc": "680975323085",
        "quantity": 7,
        "cartonNumber": "1"
      },
      {
        "deliveryLineNumber": 348,
        "sku": "VN0A48CS4N110XS",
        "upc": "680975323030",
        "quantity": 2,
        "cartonNumber": "1"
      },
      {
        "deliveryLineNumber": 349,
        "sku": "VN0A48CD4N1100L",
        "upc": "680975314670",
        "quantity": 4,
        "cartonNumber": "1"
      },
      {
        "deliveryLineNumber": 350,
        "sku": "VN0A48BTBLK100L",
        "upc": "193392309223",
        "quantity": 2,
        "cartonNumber": "1"
      },
      {
        "deliveryLineNumber": 351,
        "sku": "VN0A48BTBLK100M",
        "upc": "193392309094",
        "quantity": 2,
        "cartonNumber": "1"
      },
      {
        "deliveryLineNumber": 352,
        "sku": "VN0A48BTBLK100S",
        "upc": "193392309001",
        "quantity": 2,
        "cartonNumber": "1"
      },
      {
        "deliveryLineNumber": 353,
        "sku": "VN0A48C1BLK100L",
        "upc": "193392310717",
        "quantity": 4,
        "cartonNumber": "1"
      },
      {
        "deliveryLineNumber": 354,
        "sku": "VN0A48C1BLK100M",
        "upc": "193392310571",
        "quantity": 6,
        "cartonNumber": "1"
      },
      {
        "deliveryLineNumber": 355,
        "sku": "VN0A48C1BLK100S",
        "upc": "193392310526",
        "quantity": 6,
        "cartonNumber": "1"
      },
      {
        "deliveryLineNumber": 356,
        "sku": "VN0A48C1BLK10XS",
        "upc": "193392310502",
        "quantity": 2,
        "cartonNumber": "1"
      },
      {
        "deliveryLineNumber": 357,
        "sku": "VN0A48C1IZQ100L",
        "upc": "193392311356",
        "quantity": 3,
        "cartonNumber": "1"
      },
      {
        "deliveryLineNumber": 358,
        "sku": "VN0A48C1IZQ100M",
        "upc": "193392311240",
        "quantity": 6,
        "cartonNumber": "1"
      },
      {
        "deliveryLineNumber": 359,
        "sku": "VN0A48C1IZQ100S",
        "upc": "193392311141",
        "quantity": 6,
        "cartonNumber": "1"
      },
      {
        "deliveryLineNumber": 360,
        "sku": "VN0A48C1IZQ10XS",
        "upc": "193392311080",
        "quantity": 3,
        "cartonNumber": "1"
      },
      {
        "deliveryLineNumber": 361,
        "sku": "VN0A48C2BLK100L",
        "upc": "193392311417",
        "quantity": 2,
        "cartonNumber": "1"
      },
      {
        "deliveryLineNumber": 362,
        "sku": "VN0A48C2BLK100M",
        "upc": "193392311301",
        "quantity": 4,
        "cartonNumber": "1"
      },
      {
        "deliveryLineNumber": 363,
        "sku": "VN0A48C2BLK100S",
        "upc": "193392311219",
        "quantity": 3,
        "cartonNumber": "1"
      },
      {
        "deliveryLineNumber": 364,
        "sku": "VN0A48C2BLK10XS",
        "upc": "193392311127",
        "quantity": 1,
        "cartonNumber": "1"
      },
      {
        "deliveryLineNumber": 365,
        "sku": "VN0A48C2WHT100L",
        "upc": "193392311455",
        "quantity": 4,
        "cartonNumber": "1"
      },
      {
        "deliveryLineNumber": 366,
        "sku": "VN0A48C2WHT100M",
        "upc": "193392311332",
        "quantity": 5,
        "cartonNumber": "1"
      },
      {
        "deliveryLineNumber": 367,
        "sku": "VN0A48C2WHT100S",
        "upc": "193392311257",
        "quantity": 6,
        "cartonNumber": "1"
      },
      {
        "deliveryLineNumber": 368,
        "sku": "VN0A48C2WHT10XS",
        "upc": "193392311158",
        "quantity": 3,
        "cartonNumber": "1"
      },
      {
        "deliveryLineNumber": 369,
        "sku": "VN0A48C7BLK10OS",
        "upc": "680975324068",
        "quantity": 17,
        "cartonNumber": "1"
      },
      {
        "deliveryLineNumber": 370,
        "sku": "VN0A48C9BLK10OS",
        "upc": "680975324235",
        "quantity": 14,
        "cartonNumber": "1"
      },
      {
        "deliveryLineNumber": 371,
        "sku": "VN0A48C9M7Y10OS",
        "upc": "680975324358",
        "quantity": 11,
        "cartonNumber": "1"
      },
      {
        "deliveryLineNumber": 372,
        "sku": "VN0A48CD0HI100L",
        "upc": "680975314694",
        "quantity": 3,
        "cartonNumber": "1"
      },
      {
        "deliveryLineNumber": 373,
        "sku": "VN0A48CD0HI100M",
        "upc": "680975314595",
        "quantity": 6,
        "cartonNumber": "1"
      },
      {
        "deliveryLineNumber": 374,
        "sku": "VN0A48CD0HI100S",
        "upc": "680975314496",
        "quantity": 6,
        "cartonNumber": "1"
      },
      {
        "deliveryLineNumber": 375,
        "sku": "VN0A48CD0HI10XS",
        "upc": "680975314397",
        "quantity": 3,
        "cartonNumber": "1"
      },
      {
        "deliveryLineNumber": 376,
        "sku": "VN0A48CSBLK100L",
        "upc": "680975317848",
        "quantity": 5,
        "cartonNumber": "1"
      },
      {
        "deliveryLineNumber": 377,
        "sku": "VN0A4BGIBLK100M",
        "upc": "847223019309",
        "quantity": 2,
        "cartonNumber": "1"
      },
      {
        "deliveryLineNumber": 378,
        "sku": "VN0A4BGIBLK100S",
        "upc": "847223019200",
        "quantity": 8,
        "cartonNumber": "1"
      },
      {
        "deliveryLineNumber": 379,
        "sku": "VN0A4BGIBLK10XS",
        "upc": "847223019101",
        "quantity": 3,
        "cartonNumber": "1"
      },
      {
        "deliveryLineNumber": 380,
        "sku": "VN0A4BP3BLK10OS",
        "upc": "680975323856",
        "quantity": 18,
        "cartonNumber": "1"
      },
      {
        "deliveryLineNumber": 381,
        "sku": "VN0A4BP3ZUD10OS",
        "upc": "680975323863",
        "quantity": 12,
        "cartonNumber": "1"
      },
      {
        "deliveryLineNumber": 382,
        "sku": "VN0A4BP6FS8100L",
        "upc": "680975318944",
        "quantity": 2,
        "cartonNumber": "1"
      },
      {
        "deliveryLineNumber": 383,
        "sku": "VN0A4BP6FS8100M",
        "upc": "680975318906",
        "quantity": 5,
        "cartonNumber": "1"
      },
      {
        "deliveryLineNumber": 384,
        "sku": "VN0A4BP6FS8100S",
        "upc": "680975318869",
        "quantity": 4,
        "cartonNumber": "1"
      },
      {
        "deliveryLineNumber": 385,
        "sku": "VN0A4BP6FS810XL",
        "upc": "680975319002",
        "quantity": 1,
        "cartonNumber": "1"
      },
      {
        "deliveryLineNumber": 386,
        "sku": "VN0A4BPABLK100L",
        "upc": "680975320091",
        "quantity": 3,
        "cartonNumber": "1"
      },
      {
        "deliveryLineNumber": 387,
        "sku": "VN0A4BPABLK100M",
        "upc": "680975320497",
        "quantity": 5,
        "cartonNumber": "1"
      },
      {
        "deliveryLineNumber": 388,
        "sku": "VN0A4BPABLK100S",
        "upc": "680975320404",
        "quantity": 4,
        "cartonNumber": "1"
      },
      {
        "deliveryLineNumber": 389,
        "sku": "VN0A4BPABLK10XS",
        "upc": "680975320138",
        "quantity": 2,
        "cartonNumber": "1"
      },
      {
        "deliveryLineNumber": 390,
        "sku": "VN0A4BPFBLK10OS",
        "upc": "680975323719",
        "quantity": 16,
        "cartonNumber": "1"
      },
      {
        "deliveryLineNumber": 391,
        "sku": "VN0A4BPHBLK10OS",
        "upc": "680975323979",
        "quantity": 18,
        "cartonNumber": "1"
      },
      {
        "deliveryLineNumber": 392,
        "sku": "VN0A4BPM4N1100L",
        "upc": "680975319613",
        "quantity": 3,
        "cartonNumber": "1"
      },
      {
        "deliveryLineNumber": 393,
        "sku": "VN0A4BPM4N1100M",
        "upc": "680975319590",
        "quantity": 7,
        "cartonNumber": "1"
      },
      {
        "deliveryLineNumber": 394,
        "sku": "VN0A4BPM4N1100S",
        "upc": "680975319576",
        "quantity": 5,
        "cartonNumber": "1"
      },
      {
        "deliveryLineNumber": 395,
        "sku": "VN0A4BPM4N110XL",
        "upc": "680975319637",
        "quantity": 3,
        "cartonNumber": "1"
      },
      {
        "deliveryLineNumber": 396,
        "sku": "VN0A4BPMBLK100L",
        "upc": "680975319972",
        "quantity": 7,
        "cartonNumber": "1"
      },
      {
        "deliveryLineNumber": 397,
        "sku": "VN0A4BPMBLK100M",
        "upc": "680975319958",
        "quantity": 18,
        "cartonNumber": "1"
      },
      {
        "deliveryLineNumber": 398,
        "sku": "VN0A4BPMBLK100S",
        "upc": "680975319934",
        "quantity": 17,
        "cartonNumber": "1"
      },
      {
        "deliveryLineNumber": 399,
        "sku": "VN0A4BPMBLK10XL",
        "upc": "680975319996",
        "quantity": 6,
        "cartonNumber": "1"
      },
      {
        "deliveryLineNumber": 400,
        "sku": "VN0A4BPMWHT100L",
        "upc": "680975319859",
        "quantity": 6,
        "cartonNumber": "1"
      },
      {
        "deliveryLineNumber": 401,
        "sku": "VN0A4BPMWHT100M",
        "upc": "680975319835",
        "quantity": 12,
        "cartonNumber": "1"
      },
      {
        "deliveryLineNumber": 402,
        "sku": "VN0A4BPMWHT100S",
        "upc": "680975319811",
        "quantity": 12,
        "cartonNumber": "1"
      },
      {
        "deliveryLineNumber": 403,
        "sku": "VN0A4BGIBLK100L",
        "upc": "847223019408",
        "quantity": 3,
        "cartonNumber": "1"
      },
      {
        "deliveryLineNumber": 404,
        "sku": "VN0A48CSBLK100M",
        "upc": "680975318128",
        "quantity": 10,
        "cartonNumber": "1"
      },
      {
        "deliveryLineNumber": 405,
        "sku": "VN0A48CSBLK100S",
        "upc": "680975318104",
        "quantity": 11,
        "cartonNumber": "1"
      },
      {
        "deliveryLineNumber": 406,
        "sku": "VN0A48CSBLK10XL",
        "upc": "680975317893",
        "quantity": 2,
        "cartonNumber": "1"
      },
      {
        "deliveryLineNumber": 407,
        "sku": "VN0A48CSBLK10XS",
        "upc": "680975318050",
        "quantity": 2,
        "cartonNumber": "1"
      },
      {
        "deliveryLineNumber": 408,
        "sku": "VN0A49L7WHT100L",
        "upc": "679894053449",
        "quantity": 3,
        "cartonNumber": "1"
      },
      {
        "deliveryLineNumber": 409,
        "sku": "VN0A49L7WHT100M",
        "upc": "679894053401",
        "quantity": 7,
        "cartonNumber": "1"
      },
      {
        "deliveryLineNumber": 410,
        "sku": "VN0A49L7WHT100S",
        "upc": "679894053371",
        "quantity": 5,
        "cartonNumber": "1"
      },
      {
        "deliveryLineNumber": 411,
        "sku": "VN0A49L8CAR100L",
        "upc": "679894058949",
        "quantity": 3,
        "cartonNumber": "1"
      },
      {
        "deliveryLineNumber": 412,
        "sku": "VN0A49L8CAR100M",
        "upc": "679894058925",
        "quantity": 7,
        "cartonNumber": "1"
      },
      {
        "deliveryLineNumber": 413,
        "sku": "VN0A49L8CAR100S",
        "upc": "679894058901",
        "quantity": 7,
        "cartonNumber": "1"
      },
      {
        "deliveryLineNumber": 414,
        "sku": "VN0A49L8CAR10XL",
        "upc": "679894058963",
        "quantity": 3,
        "cartonNumber": "1"
      },
      {
        "deliveryLineNumber": 415,
        "sku": "VN0A49LABLK100L",
        "upc": "679894053180",
        "quantity": 6,
        "cartonNumber": "1"
      },
      {
        "deliveryLineNumber": 416,
        "sku": "VN0A49LABLK100M",
        "upc": "679894053166",
        "quantity": 10,
        "cartonNumber": "1"
      },
      {
        "deliveryLineNumber": 417,
        "sku": "VN0A4BF5BLK10XS",
        "upc": "847223016179",
        "quantity": 3,
        "cartonNumber": "1"
      },
      {
        "deliveryLineNumber": 418,
        "sku": "VN0A4BF5BLK100S",
        "upc": "847223016278",
        "quantity": 8,
        "cartonNumber": "1"
      },
      {
        "deliveryLineNumber": 419,
        "sku": "VN0A4BF5BLK100M",
        "upc": "847223016377",
        "quantity": 4,
        "cartonNumber": "1"
      },
      {
        "deliveryLineNumber": 420,
        "sku": "VN0A4BF5BLK100L",
        "upc": "847223016476",
        "quantity": 3,
        "cartonNumber": "1"
      },
      {
        "deliveryLineNumber": 421,
        "sku": "VN0A4BELBLK10XS",
        "upc": "847223045209",
        "quantity": 4,
        "cartonNumber": "1"
      },
      {
        "deliveryLineNumber": 422,
        "sku": "VN0A4BELBLK100S",
        "upc": "847223045308",
        "quantity": 5,
        "cartonNumber": "1"
      },
      {
        "deliveryLineNumber": 423,
        "sku": "VN0A4BELBLK100M",
        "upc": "847223045407",
        "quantity": 3,
        "cartonNumber": "1"
      },
      {
        "deliveryLineNumber": 424,
        "sku": "VN0A49LABLK100S",
        "upc": "679894053142",
        "quantity": 8,
        "cartonNumber": "1"
      },
      {
        "deliveryLineNumber": 425,
        "sku": "VN0A49OZATH100L",
        "upc": "772204198486",
        "quantity": 7,
        "cartonNumber": "1"
      },
      {
        "deliveryLineNumber": 426,
        "sku": "VN0A49OZATH100M",
        "upc": "772204198462",
        "quantity": 14,
        "cartonNumber": "1"
      },
      {
        "deliveryLineNumber": 427,
        "sku": "VN0A4A1FZVY10OS",
        "upc": "772259112918",
        "quantity": 12,
        "cartonNumber": "1"
      },
      {
        "deliveryLineNumber": 428,
        "sku": "VN0A49OZATH10XL",
        "upc": "772204198394",
        "quantity": 5,
        "cartonNumber": "1"
      },
      {
        "deliveryLineNumber": 429,
        "sku": "VN0A49OZATH100S",
        "upc": "772204198448",
        "quantity": 12,
        "cartonNumber": "1"
      }
    ]
  }
