M,OMI-OM00024320,OM00024320,OMI-OM00024320,MAG0000009624,MAG0000009,QSSG,COMPLETE,NOSPLIT,0,0,JJSP,QSSGSPC,OMI
D,1,OMI-OM00024320,IAN113501902,,1,,JJSP,QSSGSPC,OMI,EA,,OMI-OM00024320,OM00024320,,,,,,,,,,,
M,OMI-OM00024329,OM00024329,OMI-OM00024329,MAG0000009588,MAG0000009,QSSG,COMPLETE,NOSPLIT,0,0,JJSP,QSSGSPC,OMI
D,1,OMI-OM00024329,DAV113501970,,1,,JJSP,QSSGSPC,OMI,EA,,OMI-OM00024329,OM00024329,,,,,,,,,,,
M,OMI-OM00024352,OM00024352,OMI-OM00024352,MAG0000009592,MAG0000009,QSSG,COMPLETE,NOSPLIT,0,0,JJSP,QSSGSPC,OMI
D,1,OMI-OM00024352,MIM113501970,,1,,JJSP,QSSGSPC,OMI,EA,,OMI-OM00024352,OM00024352,,,,,,,,,,,
M,OMI-OM00024355,OM00024355,OMI-OM00024355,MAG0000009607,MAG0000009,QSSG,COMPLETE,NOSPLIT,0,0,JJSP,QSSGSPC,OMI
D,1,OMI-OM00024355,WDC113584901,,1,,JJSP,QSSGSPC,OMI,EA,,OMI-OM00024355,OM00024355,,,,,,,,,,,
M,OMI-OM00024575,OM00024575,OMI-OM00024575,MAG0000009625,MAG0000009,QSSG,COMPLETE,NOSPLIT,0,0,JJSP,QSSGSPC,OMI
D,1,OMI-OM00024575,TSB113730902,,1,,JJSP,QSSGSPC,OMI,EA,,OMI-OM00024575,OM00024575,,,,,,,,,,,
M,OMI-OM00024630,OM00024630,OMI-OM00024630,MAG0000009589,,QSSG,COMPLETE,NOSPLIT,0,0,JJSP,QSSGSPC,OMI
D,1,OMI-OM00024630,PHP113830970,,1,,JJSP,QSSGSPC,OMI,EA,,OMI-OM00024630,OM00024630,,,,,,,,,,,
M,OMI-OM00024631,OM00024631,OMI-OM00024631,MAG0000009590,MAG0000009,QSSG,COMPLETE,NOSPLIT,0,0,JJSP,QSSGSPC,OMI
D,1,OMI-OM00024631,PHP113830970,,1,,JJSP,QSSGSPC,OMI,EA,,OMI-OM00024631,OM00024631,,,,,,,,,,,
M,OMI-OM00024632,OM00024632,OMI-OM00024632,MAG0000009591,MAG0000009,QSSG,COMPLETE,NOSPLIT,0,0,JJSP,QSSGSPC,OMI
D,1,OMI-OM00024632,PHP113830970,,1,,JJSP,QSSGSPC,OMI,EA,,OMI-OM00024632,OM00024632,,,,,,,,,,,
M,OMI-OM00024633,OM00024633,OMI-OM00024633,MAG0000009608,MAG0000009,QSSG,COMPLETE,NOSPLIT,0,0,JJSP,QSSGSPC,OMI
D,1,OMI-OM00024633,SAM113897970,,2,,JJSP,QSSGSPC,OMI,EA,,OMI-OM00024633,OM00024633,,,,,,,,,,,
M,OMI-OM00024634,OM00024634,OMI-OM00024634,MAG0000009609,MAG0000009,QSSG,COMPLETE,NOSPLIT,0,0,JJSP,QSSGSPC,OMI
D,1,OMI-OM00024634,SAM113897970,,1,,JJSP,QSSGSPC,OMI,EA,,OMI-OM00024634,OM00024634,,,,,,,,,,,
M,OMI-OM00024635,OM00024635,OMI-OM00024635,MAG0000009610,MAG0000009,QSSG,COMPLETE,NOSPLIT,0,0,JJSP,QSSGSPC,OMI
D,1,OMI-OM00024635,SAM113897970,,1,,JJSP,QSSGSPC,OMI,EA,,OMI-OM00024635,OM00024635,,,,,,,,,,,
M,OMI-OM00024636,OM00024636,OMI-OM00024636,MAG0000009611,MAG0000009,QSSG,COMPLETE,NOSPLIT,0,0,JJSP,QSSGSPC,OMI
D,1,OMI-OM00024636,SAM113897970,,1,,JJSP,QSSGSPC,OMI,EA,,OMI-OM00024636,OM00024636,,,,,,,,,,,
M,OMI-OM00024637,OM00024637,OMI-OM00024637,MAG0000009612,MAG0000009,QSSG,COMPLETE,NOSPLIT,0,0,JJSP,QSSGSPC,OMI
D,1,OMI-OM00024637,SAM113897970,,1,,JJSP,QSSGSPC,OMI,EA,,OMI-OM00024637,OM00024637,,,,,,,,,,,
M,OMI-OM00024641,OM00024641,OMI-OM00024641,MAG0000009613,MAG0000009,QSSG,COMPLETE,NOSPLIT,0,0,JJSP,QSSGSPC,OMI
D,1,OMI-OM00024641,ELE113504970,,1,,JJSP,QSSGSPC,OMI,EA,,OMI-OM00024641,OM00024641,,,,,,,,,,,
M,OMI-OM00024642,OM00024642,OMI-OM00024642,MAG0000009593,MAG0000009,QSSG,COMPLETE,NOSPLIT,0,0,JJSP,QSSGSPC,OMI
D,1,OMI-OM00024642,ADB113502970,,1,,JJSP,QSSGSPC,OMI,EA,,OMI-OM00024642,OM00024642,,,,,,,,,,,
M,OMI-OM00024643,OM00024643,OMI-OM00024643,MAG0000009594,MAG0000009,QSSG,COMPLETE,NOSPLIT,0,0,JJSP,QSSGSPC,OMI
D,1,OMI-OM00024643,ADB113502970,,1,,JJSP,QSSGSPC,OMI,EA,,OMI-OM00024643,OM00024643,,,,,,,,,,,
M,OMI-OM00024644,OM00024644,OMI-OM00024644,MAG0000009614,MAG0000009,QSSG,COMPLETE,NOSPLIT,0,0,JJSP,QSSGSPC,OMI
D,1,OMI-OM00024644,ELE113504970,,1,,JJSP,QSSGSPC,OMI,EA,,OMI-OM00024644,OM00024644,,,,,,,,,,,
M,OMI-OM00024645,OM00024645,OMI-OM00024645,MAG0000009595,MAG0000009,QSSG,COMPLETE,NOSPLIT,0,0,JJSP,QSSGSPC,OMI
D,1,OMI-OM00024645,ADB113502970,,1,,JJSP,QSSGSPC,OMI,EA,,OMI-OM00024645,OM00024645,,,,,,,,,,,
M,OMI-OM00024646,OM00024646,OMI-OM00024646,MAG0000009596,MAG0000009,QSSG,COMPLETE,NOSPLIT,0,0,JJSP,QSSGSPC,OMI
D,1,OMI-OM00024646,ADB113502970,,1,,JJSP,QSSGSPC,OMI,EA,,OMI-OM00024646,OM00024646,,,,,,,,,,,
M,OMI-OM00024647,OM00024647,OMI-OM00024647,MAG0000009615,MAG0000009,QSSG,COMPLETE,NOSPLIT,0,0,JJSP,QSSGSPC,OMI
D,1,OMI-OM00024647,ELE113504970,,1,,JJSP,QSSGSPC,OMI,EA,,OMI-OM00024647,OM00024647,,,,,,,,,,,
M,OMI-OM00024648,OM00024648,OMI-OM00024648,MAG0000009597,MAG0000009,QSSG,COMPLETE,NOSPLIT,0,0,JJSP,QSSGSPC,OMI
D,1,OMI-OM00024648,ADB113502970,,1,,JJSP,QSSGSPC,OMI,EA,,OMI-OM00024648,OM00024648,,,,,,,,,,,
M,OMI-OM00024649,OM00024649,OMI-OM00024649,MAG0000009598,MAG0000009,QSSG,COMPLETE,NOSPLIT,0,0,JJSP,QSSGSPC,OMI
D,1,OMI-OM00024649,ADB113502970,,1,,JJSP,QSSGSPC,OMI,EA,,OMI-OM00024649,OM00024649,,,,,,,,,,,
M,OMI-OM00024650,OM00024650,OMI-OM00024650,MAG0000009599,MAG0000009,QSSG,COMPLETE,NOSPLIT,0,0,JJSP,QSSGSPC,OMI
D,1,OMI-OM00024650,ADB113502970,,1,,JJSP,QSSGSPC,OMI,EA,,OMI-OM00024650,OM00024650,,,,,,,,,,,
M,OMI-OM00024651,OM00024651,OMI-OM00024651,MAG0000009600,MAG0000009,QSSG,COMPLETE,NOSPLIT,0,0,JJSP,QSSGSPC,OMI
D,1,OMI-OM00024651,ADB113502970,,1,,JJSP,QSSGSPC,OMI,EA,,OMI-OM00024651,OM00024651,,,,,,,,,,,
M,OMI-OM00024652,OM00024652,OMI-OM00024652,MAG0000009601,MAG0000009,QSSG,COMPLETE,NOSPLIT,0,0,JJSP,QSSGSPC,OMI
D,1,OMI-OM00024652,ADB113502970,,1,,JJSP,QSSGSPC,OMI,EA,,OMI-OM00024652,OM00024652,,,,,,,,,,,
M,OMI-OM00024653,OM00024653,OMI-OM00024653,MAG0000009602,MAG0000009,QSSG,COMPLETE,NOSPLIT,0,0,JJSP,QSSGSPC,OMI
D,1,OMI-OM00024653,ADB113502970,,1,,JJSP,QSSGSPC,OMI,EA,,OMI-OM00024653,OM00024653,,,,,,,,,,,
M,OMI-OM00024654,OM00024654,OMI-OM00024654,MAG0000009603,MAG0000009,QSSG,COMPLETE,NOSPLIT,0,0,JJSP,QSSGSPC,OMI
D,1,OMI-OM00024654,ADB113502970,,1,,JJSP,QSSGSPC,OMI,EA,,OMI-OM00024654,OM00024654,,,,,,,,,,,
M,OMI-OM00024655,OM00024655,OMI-OM00024655,MAG0000009604,MAG0000009,QSSG,COMPLETE,NOSPLIT,0,0,JJSP,QSSGSPC,OMI
D,1,OMI-OM00024655,ADB113502970,,1,,JJSP,QSSGSPC,OMI,EA,,OMI-OM00024655,OM00024655,,,,,,,,,,,
M,OMI-OM00024656,OM00024656,OMI-OM00024656,MAG0000009605,MAG0000009,QSSG,COMPLETE,NOSPLIT,0,0,JJSP,QSSGSPC,OMI
D,1,OMI-OM00024656,ADB113502970,,1,,JJSP,QSSGSPC,OMI,EA,,OMI-OM00024656,OM00024656,,,,,,,,,,,
M,OMI-OM00024657,OM00024657,OMI-OM00024657,MAG0000009606,MAG0000009,QSSG,COMPLETE,NOSPLIT,0,0,JJSP,QSSGSPC,OMI
D,1,OMI-OM00024657,ADB113502970,,1,,JJSP,QSSGSPC,OMI,EA,,OMI-OM00024657,OM00024657,,,,,,,,,,,
M,OMI-OM00024658,OM00024658,OMI-OM00024658,MAG0000009616,MAG0000009,QSSG,COMPLETE,NOSPLIT,0,0,JJSP,QSSGSPC,OMI
D,1,OMI-OM00024658,ELE113504970,,1,,JJSP,QSSGSPC,OMI,EA,,OMI-OM00024658,OM00024658,,,,,,,,,,,
M,OMI-OM00024661,OM00024661,OMI-OM00024661,MAG0000009617,MAG0000009,QSSG,COMPLETE,NOSPLIT,0,0,JJSP,QSSGSPC,OMI
D,1,OMI-OM00024661,RAZ113526970,,1,,JJSP,QSSGSPC,OMI,EA,,OMI-OM00024661,OM00024661,,,,,,,,,,,
M,OMI-OM00024673,OM00024673,OMI-OM00024673,MAG0000009618,MAG0000009,QSSG,COMPLETE,NOSPLIT,0,0,JJSP,QSSGSPC,OMI
D,1,OMI-OM00024673,ELE113504970,,1,,JJSP,QSSGSPC,OMI,EA,,OMI-OM00024673,OM00024673,,,,,,,,,,,
M,OMI-OM00024674,OM00024674,OMI-OM00024674,MAG0000009619,MAG0000009,QSSG,COMPLETE,NOSPLIT,0,0,JJSP,QSSGSPC,OMI
D,1,OMI-OM00024674,ELE113504970,,1,,JJSP,QSSGSPC,OMI,EA,,OMI-OM00024674,OM00024674,,,,,,,,,,,
M,OMI-OM00024675,OM00024675,OMI-OM00024675,MAG0000009620,MAG0000009,QSSG,COMPLETE,NOSPLIT,0,0,JJSP,QSSGSPC,OMI
D,1,OMI-OM00024675,ELE113504970,,1,,JJSP,QSSGSPC,OMI,EA,,OMI-OM00024675,OM00024675,,,,,,,,,,,
M,OMI-OM00024676,OM00024676,OMI-OM00024676,MAG0000009621,MAG0000009,QSSG,COMPLETE,NOSPLIT,0,0,JJSP,QSSGSPC,OMI
D,1,OMI-OM00024676,ELE113504970,,1,,JJSP,QSSGSPC,OMI,EA,,OMI-OM00024676,OM00024676,,,,,,,,,,,
M,OMI-OM00024677,OM00024677,OMI-OM00024677,MAG0000009622,MAG0000009,QSSG,COMPLETE,NOSPLIT,0,0,JJSP,QSSGSPC,OMI
D,1,OMI-OM00024677,ELE113504970,,1,,JJSP,QSSGSPC,OMI,EA,,OMI-OM00024677,OM00024677,,,,,,,,,,,
M,OMI-OM00024678,OM00024678,OMI-OM00024678,MAG0000009626,MAG0000009,QSSG,COMPLETE,NOSPLIT,0,0,JJSP,QSSGSPC,OMI
D,1,OMI-OM00024678,ELE113504970,,1,,JJSP,QSSGSPC,OMI,EA,,OMI-OM00024678,OM00024678,,,,,,,,,,,
M,OMI-OM00024679,OM00024679,OMI-OM00024679,MAG0000009623,MAG0000009,QSSG,COMPLETE,NOSPLIT,0,0,JJSP,QSSGSPC,OMI
D,1,OMI-OM00024679,UOB113503970,,1,,JJSP,QSSGSPC,OMI,EA,,OMI-OM00024679,OM00024679,,,,,,,,,,,
M,OMI-OM00024680,OM00024680,OMI-OM00024680,MAG0000009627,MAG0000009,QSSG,COMPLETE,NOSPLIT,0,0,JJSP,QSSGSPC,OMI
D,1,OMI-OM00024680,ELE113504970,,1,,JJSP,QSSGSPC,OMI,EA,,OMI-OM00024680,OM00024680,,,,,,,,,,,
M,OMI-OM00024681,OM00024681,OMI-OM00024681,MAG0000009628,MAG0000009,QSSG,COMPLETE,NOSPLIT,0,0,JJSP,QSSGSPC,OMI
D,1,OMI-OM00024681,ELE113504970,,1,,JJSP,QSSGSPC,OMI,EA,,OMI-OM00024681,OM00024681,,,,,,,,,,,
M,OMI-OM00024682,OM00024682,OMI-OM00024682,MAG0000009629,MAG0000009,QSSG,COMPLETE,NOSPLIT,0,0,JJSP,QSSGSPC,OMI
D,1,OMI-OM00024682,ELE113504970,,1,,JJSP,QSSGSPC,OMI,EA,,OMI-OM00024682,OM00024682,,,,,,,,,,,
M,OMI-OM00024683,OM00024683,OMI-OM00024683,MAG0000009630,MAG0000009,QSSG,COMPLETE,NOSPLIT,0,0,JJSP,QSSGSPC,OMI
D,1,OMI-OM00024683,ELE113504970,,1,,JJSP,QSSGSPC,OMI,EA,,OMI-OM00024683,OM00024683,,,,,,,,,,,
M,OMI-OM00024684,OM00024684,OMI-OM00024684,MAG0000009631,,QSSG,COMPLETE,NOSPLIT,0,0,JJSP,QSSGSPC,OMI
D,1,OMI-OM00024684,ELE113504970,,1,,JJSP,QSSGSPC,OMI,EA,,OMI-OM00024684,OM00024684,,,,,,,,,,,
M,OMI-OM00024685,OM00024685,OMI-OM00024685,MAG0000009632,MAG0000009,QSSG,COMPLETE,NOSPLIT,0,0,JJSP,QSSGSPC,OMI
D,1,OMI-OM00024685,ELE113504970,,1,,JJSP,QSSGSPC,OMI,EA,,OMI-OM00024685,OM00024685,,,,,,,,,,,
M,OMI-OM00024687,OM00024687,OMI-OM00024687,MAG0000009633,MAG0000009,QSSG,COMPLETE,NOSPLIT,0,0,JJSP,QSSGSPC,OMI
D,1,OMI-OM00024687,ELE113504970,,1,,JJSP,QSSGSPC,OMI,EA,,OMI-OM00024687,OM00024687,,,,,,,,,,,
M,OMI-OM00024689,OM00024689,OMI-OM00024689,MAG0000009634,MAG0000009,QSSG,COMPLETE,NOSPLIT,0,0,JJSP,QSSGSPC,OMI
D,1,OMI-OM00024689,SAM113894970,,1,,JJSP,QSSGSPC,OMI,EA,,OMI-OM00024689,OM00024689,,,,,,,,,,,