<?xml version="1.0" encoding="UTF-8"?>
<Request>
    <TransId>0000005580</TransId>
    <AccountId>11388</AccountId>
    <ReceiveInfo>
        <PlantId>1162</PlantId>
        <ExternDocId>0081931380</ExternDocId>
        <EcomReceiveId>0081931380 </EcomReceiveId>
        <EcomOrderId >0081931380</EcomOrderId >
        <CompletedDate>20181221163854</CompletedDate>
        <CarrierName>FEDEX</CarrierName>
        <TrackingNo />
        <FinalFlag>1</FinalFlag>
        <TotalLines>3</TotalLines>
        <CurrReq>3</CurrReq>
        <TotalLeft>0</TotalLeft>
        <ReceiveDetailInfo>
            <ItemInfo>
                <ReceiveItemLine>58</ReceiveItemLine>
                <ItemId>VN00018T6BT102000M</ItemId>
                <ItemQty>1</ItemQty>
                <ReceivedQty>1</ReceivedQty>
                <ItemStatus>UR</ItemStatus>
                <UserDefines />
            </ItemInfo>
            <ItemInfo>
                <ReceiveItemLine>59</ReceiveItemLine>
                <ItemId>VN00018T6BT101500M</ItemId>
                <ItemQty>1</ItemQty>
                <ReceivedQty>1</ReceivedQty>
                <ItemStatus>BK</ItemStatus>
                <UserDefines />
            </ItemInfo>
            <ItemInfo>
                <ReceiveItemLine>60</ReceiveItemLine>
                <ItemId>VN00018T6BT101000M</ItemId>
                <ItemQty>1</ItemQty>
                <ReceivedQty>0</ReceivedQty>
                <ItemStatus>UR</ItemStatus>
                <UserDefines />
            </ItemInfo>
        </ReceiveDetailInfo>
    </ReceiveInfo>
</Request>