<?xml version="1.0" encoding="UTF-8"?>
<orders xmlns="http://www.demandware.com/xml/impex/order/2006-10-31">
	<order order-no="2001501">
		<order-date>2016-02-05T02:44:14.000Z</order-date>
		<created-by>storefront</created-by>
		<original-order-no>2001501</original-order-no>
		<currency>MYR</currency>
		<customer-locale>en_MY</customer-locale>
		<taxation>gross</taxation>
		<invoice-no>00003501</invoice-no>
		<customer>
			<customer-no>01862027</customer-no>
			<customer-name>Julian Song</customer-name>
			<customer-email>julian.song@clarins.com</customer-email>
			<billing-address>
				<title>Mr</title>
				<first-name>JUlian</first-name>
				<last-name>Song</last-name>
				<company-name>Clarins</company-name>
				<address1>Unit 18-01 Level 18, AMODA</address1>
				<address2>22 Jalan Imbi</address2>
				<city>Kuala Lumpur</city>
				<postal-code>55100</postal-code>
				<country-code>MY</country-code>
				<phone>97527397</phone>
				<custom-attributes>
					<custom-attribute attribute-id="mobile">97527397</custom-attribute>
					<custom-attribute attribute-id="province">Kuala Lumpur</custom-attribute>
					<custom-attribute attribute-id="shippingConfirmationEmail">julian.song@clarins.com</custom-attribute>
				</custom-attributes>
			</billing-address>
		</customer>
		<status>
			<order-status>NEW</order-status>
			<shipping-status>NOT_SHIPPED</shipping-status>
			<confirmation-status>CONFIRMED</confirmation-status>
			<payment-status>NOT_PAID</payment-status>
		</status>
		<current-order-no>2001501</current-order-no>
		<product-lineitems>
			<product-lineitem>
				<net-price>91.98</net-price>
				<tax>5.52</tax>
				<gross-price>97.50</gross-price>
				<base-price>97.50</base-price>
				<lineitem-text>Gentle Foaming Cleanser with Shea Butter</lineitem-text>
				<tax-basis>97.50</tax-basis>
				<position>1</position>
				<product-id>0124119</product-id>
				<product-name>Gentle Foaming Cleanser with Shea Butter</product-name>
				<quantity unit="">1.0</quantity>
				<tax-rate>0.06</tax-rate>
				<shipment-id>00004001</shipment-id>
				<gift>false</gift>
				<custom-attributes>
					<custom-attribute attribute-id="EAN">3380811241197</custom-attribute>
					<custom-attribute attribute-id="adjustedBasePrice">91.98</custom-attribute>
					<custom-attribute attribute-id="externalTaxPrice">0.0</custom-attribute>
					<custom-attribute attribute-id="lineId">1</custom-attribute>
				</custom-attributes>
			</product-lineitem>
			<product-lineitem>
				<net-price>91.98</net-price>
				<tax>5.52</tax>
				<gross-price>97.50</gross-price>
				<base-price>97.50</base-price>
				<lineitem-text>Gentle Foaming Cleanser with Cottonseed</lineitem-text>
				<tax-basis>97.50</tax-basis>
				<position>2</position>
				<product-id>0124010</product-id>
				<product-name>Gentle Foaming Cleanser with Cottonseed</product-name>
				<quantity unit="">1.0</quantity>
				<tax-rate>0.06</tax-rate>
				<shipment-id>00004001</shipment-id>
				<gift>false</gift>
				<custom-attributes>
					<custom-attribute attribute-id="EAN">3380811240107</custom-attribute>
					<custom-attribute attribute-id="adjustedBasePrice">91.98</custom-attribute>
					<custom-attribute attribute-id="externalTaxPrice">0.0</custom-attribute>
					<custom-attribute attribute-id="lineId">2</custom-attribute>
				</custom-attributes>
			</product-lineitem>
			<product-lineitem>
				<net-price>91.98</net-price>
				<tax>5.52</tax>
				<gross-price>97.50</gross-price>
				<base-price>97.50</base-price>
				<lineitem-text>Gentle Foaming Cleanser with Tamarind</lineitem-text>
				<tax-basis>97.50</tax-basis>
				<position>3</position>
				<product-id>0124219</product-id>
				<product-name>Gentle Foaming Cleanser with Tamarind</product-name>
				<quantity unit="">1.0</quantity>
				<tax-rate>0.06</tax-rate>
				<shipment-id>00004001</shipment-id>
				<gift>false</gift>
				<custom-attributes>
					<custom-attribute attribute-id="EAN">3380811242194</custom-attribute>
					<custom-attribute attribute-id="adjustedBasePrice">91.98</custom-attribute>
					<custom-attribute attribute-id="externalTaxPrice">0.0</custom-attribute>
					<custom-attribute attribute-id="lineId">3</custom-attribute>
				</custom-attributes>
			</product-lineitem>
			<product-lineitem>
				<net-price>106.98</net-price>
				<tax>6.42</tax>
				<gross-price>113.40</gross-price>
				<base-price>113.40</base-price>
				<lineitem-text>One-Step Gentle Exfoliating Cleanser</lineitem-text>
				<tax-basis>113.40</tax-basis>
				<position>4</position>
				<product-id>0040410</product-id>
				<product-name>One-Step Gentle Exfoliating Cleanser</product-name>
				<quantity unit="">1.0</quantity>
				<tax-rate>0.06</tax-rate>
				<shipment-id>00004001</shipment-id>
				<gift>false</gift>
				<custom-attributes>
					<custom-attribute attribute-id="EAN">3380810404104</custom-attribute>
					<custom-attribute attribute-id="adjustedBasePrice">106.98</custom-attribute>
					<custom-attribute attribute-id="externalTaxPrice">0.0</custom-attribute>
					<custom-attribute attribute-id="lineId">4</custom-attribute>
				</custom-attributes>
			</product-lineitem>
			<product-lineitem>
				<net-price>98.02</net-price>
				<tax>5.88</tax>
				<gross-price>103.90</gross-price>
				<base-price>103.90</base-price>
				<lineitem-text>Instant Eye Make-Up Remover</lineitem-text>
				<tax-basis>103.90</tax-basis>
				<position>5</position>
				<product-id>0118310</product-id>
				<product-name>Instant Eye Make-Up Remover</product-name>
				<quantity unit="">1.0</quantity>
				<tax-rate>0.06</tax-rate>
				<shipment-id>00004001</shipment-id>
				<gift>false</gift>
				<custom-attributes>
					<custom-attribute attribute-id="EAN">3380811183107</custom-attribute>
					<custom-attribute attribute-id="adjustedBasePrice">98.02</custom-attribute>
					<custom-attribute attribute-id="externalTaxPrice">0.0</custom-attribute>
					<custom-attribute attribute-id="lineId">5</custom-attribute>
				</custom-attributes>
			</product-lineitem>
			<product-lineitem>
				<net-price>90.00</net-price>
				<tax>5.40</tax>
				<gross-price>95.40</gross-price>
				<base-price>95.40</base-price>
				<lineitem-text>Toning Lotion With Camomile</lineitem-text>
				<tax-basis>95.40</tax-basis>
				<position>6</position>
				<product-id>0005118</product-id>
				<product-name>Toning Lotion With Camomile</product-name>
				<quantity unit="">1.0</quantity>
				<tax-rate>0.06</tax-rate>
				<shipment-id>00004001</shipment-id>
				<gift>false</gift>
				<custom-attributes>
					<custom-attribute attribute-id="EAN">3380810051186</custom-attribute>
					<custom-attribute attribute-id="adjustedBasePrice">90.0</custom-attribute>
					<custom-attribute attribute-id="externalTaxPrice">0.0</custom-attribute>
					<custom-attribute attribute-id="lineId">6</custom-attribute>
				</custom-attributes>
			</product-lineitem>
			<product-lineitem>
				<net-price>100.00</net-price>
				<tax>6.00</tax>
				<gross-price>106.00</gross-price>
				<base-price>106.00</base-price>
				<lineitem-text>Extra-Comfort Toning Lotion</lineitem-text>
				<tax-basis>106.00</tax-basis>
				<position>7</position>
				<product-id>0005818</product-id>
				<product-name>Extra-Comfort Toning Lotion</product-name>
				<quantity unit="">1.0</quantity>
				<tax-rate>0.06</tax-rate>
				<shipment-id>00004001</shipment-id>
				<gift>false</gift>
				<custom-attributes>
					<custom-attribute attribute-id="EAN">3380810058185</custom-attribute>
					<custom-attribute attribute-id="adjustedBasePrice">100.0</custom-attribute>
					<custom-attribute attribute-id="externalTaxPrice">0.0</custom-attribute>
					<custom-attribute attribute-id="lineId">7</custom-attribute>
				</custom-attributes>
			</product-lineitem>
			<product-lineitem>
				<net-price>90.00</net-price>
				<tax>5.40</tax>
				<gross-price>95.40</gross-price>
				<base-price>95.40</base-price>
				<lineitem-text>Toning Lotion With Iris</lineitem-text>
				<tax-basis>95.40</tax-basis>
				<position>8</position>
				<product-id>0005218</product-id>
				<product-name>Toning Lotion With Iris</product-name>
				<quantity unit="">1.0</quantity>
				<tax-rate>0.06</tax-rate>
				<shipment-id>00004001</shipment-id>
				<gift>false</gift>
				<custom-attributes>
					<custom-attribute attribute-id="EAN">3380810052183</custom-attribute>
					<custom-attribute attribute-id="adjustedBasePrice">90.0</custom-attribute>
					<custom-attribute attribute-id="externalTaxPrice">0.0</custom-attribute>
					<custom-attribute attribute-id="lineId">8</custom-attribute>
				</custom-attributes>
			</product-lineitem>
			<product-lineitem>
				<net-price>95.00</net-price>
				<tax>5.70</tax>
				<gross-price>100.70</gross-price>
				<base-price>100.70</base-price>
				<lineitem-text>Hand and Nail Treatment Cream</lineitem-text>
				<tax-basis>100.70</tax-basis>
				<position>9</position>
				<product-id>80004953</product-id>
				<product-name>Hand and Nail Treatment Cream</product-name>
				<quantity unit="">1.0</quantity>
				<tax-rate>0.06</tax-rate>
				<shipment-id>00004001</shipment-id>
				<gift>false</gift>
				<custom-attributes>
					<custom-attribute attribute-id="EAN">3380810022889</custom-attribute>
					<custom-attribute attribute-id="adjustedBasePrice">95.0</custom-attribute>
					<custom-attribute attribute-id="externalTaxPrice">0.0</custom-attribute>
					<custom-attribute attribute-id="lineId">9</custom-attribute>
				</custom-attributes>
			</product-lineitem>
			<product-lineitem>
				<net-price>0.00</net-price>
				<tax>0.00</tax>
				<gross-price>0.00</gross-price>
				<base-price>0.00</base-price>
				<lineitem-text>Gentle Foaming Cleanser with Cottonseed (Normal/ Combination Skin) 5 ml</lineitem-text>
				<tax-basis>0.00</tax-basis>
				<position>10</position>
				<product-id>80015074</product-id>
				<product-name>Gentle Foaming Cleanser with Cottonseed (Normal/ Combination Skin) 5 ml</product-name>
				<quantity unit="">1.0</quantity>
				<tax-rate>0.06</tax-rate>
				<shipment-id>00004001</shipment-id>
				<gift>false</gift>
				<custom-attributes>
					<custom-attribute attribute-id="EAN">3380811240701</custom-attribute>
					<custom-attribute attribute-id="adjustedBasePrice">0.0</custom-attribute>
					<custom-attribute attribute-id="externalTaxPrice">0.0</custom-attribute>
					<custom-attribute attribute-id="lineId">10</custom-attribute>
				</custom-attributes>
			</product-lineitem>
			<product-lineitem>
				<net-price>0.00</net-price>
				<tax>0.00</tax>
				<gross-price>0.00</gross-price>
				<base-price>0.00</base-price>
				<lineitem-text>Santal Face Treatment Oil (Dry Skin) 2 ml</lineitem-text>
				<tax-basis>0.00</tax-basis>
				<position>11</position>
				<product-id>80015050</product-id>
				<product-name>Santal Face Treatment Oil (Dry Skin) 2 ml</product-name>
				<quantity unit="">1.0</quantity>
				<tax-rate>0.06</tax-rate>
				<shipment-id>00004001</shipment-id>
				<gift>false</gift>
				<custom-attributes>
					<custom-attribute attribute-id="EAN">3380810111705</custom-attribute>
					<custom-attribute attribute-id="adjustedBasePrice">0.0</custom-attribute>
					<custom-attribute attribute-id="externalTaxPrice">0.0</custom-attribute>
					<custom-attribute attribute-id="lineId">11</custom-attribute>
				</custom-attributes>
			</product-lineitem>
			<product-lineitem>
				<net-price>0.00</net-price>
				<tax>0.00</tax>
				<gross-price>0.00</gross-price>
				<base-price>0.00</base-price>
				<lineitem-text>Gentle Foaming Cleanser with Shea Butter 5ml</lineitem-text>
				<tax-basis>0.00</tax-basis>
				<position>12</position>
				<product-id>80015643</product-id>
				<product-name>Gentle Foaming Cleanser with Shea Butter 5ml</product-name>
				<quantity unit="">1.0</quantity>
				<tax-rate>0.06</tax-rate>
				<shipment-id>00004001</shipment-id>
				<gift>false</gift>
				<custom-attributes>
					<custom-attribute attribute-id="EAN">3380811241708</custom-attribute>
					<custom-attribute attribute-id="adjustedBasePrice">0.0</custom-attribute>
					<custom-attribute attribute-id="externalTaxPrice">0.0</custom-attribute>
					<custom-attribute attribute-id="lineId">12</custom-attribute>
				</custom-attributes>
			</product-lineitem>
			<product-lineitem>
				<net-price>0.00</net-price>
				<tax>0.00</tax>
				<gross-price>0.00</gross-price>
				<base-price>0.00</base-price>
				<lineitem-text>Product Line Item</lineitem-text>
				<tax-basis>0.00</tax-basis>
				<position>13</position>
				<product-id>GIFTWRAPCL</product-id>
				<quantity unit="">1.0</quantity>
				<tax-rate>0.06</tax-rate>
				<shipment-id>00004001</shipment-id>
				<gift>false</gift>
				<custom-attributes>
					<custom-attribute attribute-id="EAN">GiftwrapCL</custom-attribute>
					<custom-attribute attribute-id="adjustedBasePrice">0.0</custom-attribute>
					<custom-attribute attribute-id="externalTaxPrice">0.0</custom-attribute>
					<custom-attribute attribute-id="lineId">13</custom-attribute>
				</custom-attributes>
			</product-lineitem>
		</product-lineitems>
		<shipping-lineitems>
			<shipping-lineitem>
				<net-price>0.00</net-price>
				<tax>0.00</tax>
				<gross-price>0.00</gross-price>
				<base-price>0.00</base-price>
				<lineitem-text>Shipping</lineitem-text>
				<tax-basis>0.00</tax-basis>
				<item-id>STANDARD_SHIPPING</item-id>
				<shipment-id>00004001</shipment-id>
				<tax-rate>0.06</tax-rate>
				<custom-attributes>
					<custom-attribute attribute-id="adjustedBasePrice">0.0</custom-attribute>
					<custom-attribute attribute-id="externalTaxPrice">0.0</custom-attribute>
					<custom-attribute attribute-id="externalTaxRate">0.06</custom-attribute>
				</custom-attributes>
			</shipping-lineitem>
		</shipping-lineitems>
		<shipments>
			<shipment shipment-id="00004001">
				<status>
					<shipping-status>NOT_SHIPPED</shipping-status>
				</status>
				<shipping-method>90000009</shipping-method>
				<shipping-address>
					<title>Mr</title>
					<first-name>JUlian</first-name>
					<last-name>Song</last-name>
					<company-name>Clarins</company-name>
					<address1>Unit 18-01 Level 18, AMODA</address1>
					<address2>22 Jalan Imbi</address2>
					<city>Kuala Lumpur</city>
					<postal-code>55100</postal-code>
					<country-code>MY</country-code>
					<custom-attributes>
						<custom-attribute attribute-id="mobile">97527397</custom-attribute>
						<custom-attribute attribute-id="province">Kuala Lumpur</custom-attribute>
						<custom-attribute attribute-id="shippingConfirmationEmail">julian.song@clarins.com</custom-attribute>
					</custom-attributes>
				</shipping-address>
				<gift>true</gift>
				<gift-message>THE QUICK BROWN FOX JUMPS OVER THE LAZY DOG. the quick brown fox jumps over the lazy dog. 01234567890!</gift-message>
				<totals>
					<merchandize-total>
						<net-price>855.94</net-price>
						<tax>51.36</tax>
						<gross-price>907.30</gross-price>
					</merchandize-total>
					<adjusted-merchandize-total>
						<net-price>855.94</net-price>
						<tax>51.36</tax>
						<gross-price>907.30</gross-price>
					</adjusted-merchandize-total>
					<shipping-total>
						<net-price>0.00</net-price>
						<tax>0.00</tax>
						<gross-price>0.00</gross-price>
					</shipping-total>
					<adjusted-shipping-total>
						<net-price>0.00</net-price>
						<tax>0.00</tax>
						<gross-price>0.00</gross-price>
					</adjusted-shipping-total>
					<shipment-total>
						<net-price>855.94</net-price>
						<tax>51.36</tax>
						<gross-price>907.30</gross-price>
					</shipment-total>
				</totals>
				<custom-attributes>
					<custom-attribute attribute-id="CarrierID">90000009</custom-attribute>
					<custom-attribute attribute-id="addGiftMsg">true</custom-attribute>
					<custom-attribute attribute-id="addGiftWrap">true</custom-attribute>
					<custom-attribute attribute-id="giftFrom">JULIANASAMY S/O SONGANATHAN</custom-attribute>
					<custom-attribute attribute-id="giftTo">GENEVIEVE HENG HENG HENG</custom-attribute>
				</custom-attributes>
			</shipment>
		</shipments>
		<totals>
			<merchandize-total>
				<net-price>855.94</net-price>
				<tax>51.36</tax>
				<gross-price>907.30</gross-price>
			</merchandize-total>
			<adjusted-merchandize-total>
				<net-price>855.94</net-price>
				<tax>51.36</tax>
				<gross-price>907.30</gross-price>
			</adjusted-merchandize-total>
			<shipping-total>
				<net-price>0.00</net-price>
				<tax>0.00</tax>
				<gross-price>0.00</gross-price>
			</shipping-total>
			<adjusted-shipping-total>
				<net-price>0.00</net-price>
				<tax>0.00</tax>
				<gross-price>0.00</gross-price>
			</adjusted-shipping-total>
			<order-total>
				<net-price>855.94</net-price>
				<tax>51.36</tax>
				<gross-price>907.30</gross-price>
			</order-total>
		</totals>
		<payments>
			<payment>
				<custom-method>
					<method-name>ADYEN_EXTERNAL</method-name>
				</custom-method>
				<amount>907.30</amount>
				<processor-id>adyen</processor-id>
				<transaction-id>1414546402190905</transaction-id>
				<custom-attributes>
					<custom-attribute attribute-id="adyen_authResult">AUTHORISED</custom-attribute>
					<custom-attribute attribute-id="adyen_customerIP">119.59.72.43</custom-attribute>
					<custom-attribute attribute-id="adyen_merchantAccount">ClarinsMY</custom-attribute>
					<custom-attribute attribute-id="adyen_merchantSig">4pdFk4IUec5d5HDSlvJWfaHPMSI=</custom-attribute>
					<custom-attribute attribute-id="adyen_paymentMethod">visa</custom-attribute>
					<custom-attribute attribute-id="adyen_requestSignature">itZJ8kvVkh0XVFF6KCHS7qQSrWk=</custom-attribute>
					<custom-attribute attribute-id="adyen_sessionValidity">2019-04-06T18:10:29+02:00</custom-attribute>
					<custom-attribute attribute-id="adyen_shopperLocale">en_MY</custom-attribute>
					<custom-attribute attribute-id="adyen_skinCode">lufIWsW7</custom-attribute>
				</custom-attributes>
			</payment>
			<payment>
				<custom-method>
					<method-name>EXTERNAL_CREDIT_CARD_CS</method-name>
					<custom-attributes>
						<custom-attribute attribute-id="xcc_card_holder">KO FUNG</custom-attribute>
						<custom-attribute attribute-id="xcc_card_number">************2109</custom-attribute>
						<custom-attribute attribute-id="xcc_card_type">Visa</custom-attribute>
						<custom-attribute attribute-id="xcc_expiration_month">7</custom-attribute>
						<custom-attribute attribute-id="xcc_expiration_year">2017</custom-attribute>
					</custom-attributes>
				</custom-method>
				<amount>1170.00</amount>
				<processor-id>cybersource.general</processor-id>
				<transaction-id>4546436967316915801346</transaction-id>
				<custom-attributes>
					<custom-attribute attribute-id="requestId">4546436967316915801346</custom-attribute>
					<custom-attribute attribute-id="requestToken">Ahj/7wSR7Oz5m3BKAZoElFmjVo2aM2zls3ZsWzli1cMGLNo2T0K+OfHoBT0K+OfHpWCPJCF5OGTSTLdIDvkSINZHs7PmbcEoBmgQ3g2Y</custom-attribute>
				</custom-attributes>
			</payment>			
		</payments>
		<remoteHost>119.59.72.43</remoteHost>
		<custom-attributes>
			<custom-attribute attribute-id="bdcrmLastStatus">3</custom-attribute>
			<custom-attribute attribute-id="bdcrmSyncPending">true</custom-attribute>
			<custom-attribute attribute-id="hasAtLeastOneGCPaymentInstrument">false</custom-attribute>
		</custom-attributes>
	</order>

</orders>
