<?xml version="1.0" encoding="utf-8"?>
<CustomerServiceUpdate>
  <CustomerService>
    <Header>
      <VendorNumber>DEFAULT</VendorNumber>
      <OrderNumber>500025261</OrderNumber>
      <HostOrderNumber>500025261</HostOrderNumber>
      <OrderType>DropShip</OrderType>
      <Company>NULL</Company>
      <Division>NULL</Division>
      <EntryOperator>SG-00100451</EntryOperator>
    </Header>
    <CancelInfo>
      <CancelAllProducts>Yes</CancelAllProducts>
      <ReasonCode>CBC</ReasonCode>
      <CancelDate>20150622</CancelDate>
      <CancelTime>121157</CancelTime>
      <ShipMethCode>STANDARD</ShipMethCode>
    </CancelInfo>
    <CancelProduct>
      <LineNumber>1</LineNumber>
      <SKU>4055013555548</SKU>
      <VendorSKU>B88095740</VendorSKU>
      <ExternalID>0</ExternalID>
      <UPCCode>04055013555548</UPCCode>
      <CancelledQuantity>1.000000</CancelledQuantity>
    </CancelProduct>
    <CancelProduct>
      <LineNumber>2</LineNumber>
      <SKU>4054713671909</SKU>
      <VendorSKU>B04890420</VendorSKU>
      <ExternalID>0</ExternalID>
      <UPCCode>04054713671909</UPCCode>
      <CancelledQuantity>1.000000</CancelledQuantity>
    </CancelProduct>
    <CancelProduct>
      <LineNumber>3</LineNumber>
      <SKU>4055008467917</SKU>
      <VendorSKU>B88790720</VendorSKU>
      <ExternalID>0</ExternalID>
      <UPCCode>04055008467917</UPCCode>
      <CancelledQuantity>1.000000</CancelledQuantity>
    </CancelProduct>
    <CancelProduct>
      <LineNumber>4</LineNumber>
      <SKU>4055008415932</SKU>
      <VendorSKU>B87970720</VendorSKU>
      <ExternalID>0</ExternalID>
      <UPCCode>04055008415932</UPCCode>
      <CancelledQuantity>1.000000</CancelledQuantity>
    </CancelProduct>
  </CustomerService>
</CustomerServiceUpdate>