<?xml version="1.0" encoding="UTF-8"?>
<cXML xml:lang="en-US" payloadID="CK-00114583" timestamp="2017-04-27T08:20:34+00:00" version="1.2.024">
	<Header>
		<From>
			<Credential domain="SupplizerNetworkId">
				<Identity>02</Identity>
			</Credential>
		</From>
		<To>
			<Credential domain="SupplizerNetworkId">
				<Identity>01</Identity>
			</Credential>
		</To>
		<Sender>
			<Credential domain="SupplizerNetworkId">
				<Identity>03</Identity>
				<SharedSecret>prettyboyfloyd</SharedSecret>
			</Credential>
			<UserAgent>Supplizer 1.0</UserAgent>
		</Sender>
	</Header>
	<Request deploymentMode="Production">
		<ShipNoticeRequest>
			<ShipNoticeHeader shipmentID="CK-00114583" noticeDate="2017-04-27T08:20:34+00:00" shipmentDate="2017-04-27T08:20:34+00:00" deliveryDate="2017-04-27T08:20:34+00:00" operation="new" shipmentType="actual">
				<ServiceLevel xml:lang="en-US">standard</ServiceLevel>
			</ShipNoticeHeader>
			<ShipControl>
				<CarrierIdentifier domain="SCAC">SING</CarrierIdentifier>
				<CarrierIdentifier domain="companyName">FEDEX</CarrierIdentifier>
				<ShipmentIdentifier>720520107140</ShipmentIdentifier>
				<Extrinsic name="trackUrl">https://www.fedex.com/insight/findit/nrp.jsp?tracknumbers=720520107140</Extrinsic>
			</ShipControl>
			<ShipNoticePortion>
				<OrderReference orderID="CK-00114583">
					<DocumentReference payloadID="CK-00114583"/>
				</OrderReference>
				<ShipNoticeItem quantity="1" lineNumber="036182293268" lineId="1"/>
				<ShipNoticeItem quantity="1" lineNumber="036182438294" lineId="2"/>
			</ShipNoticePortion>
		</ShipNoticeRequest>
	</Request>
</cXML>