[{
        "id": "66",
        "environment_id": "1004",
        "origin_system_id": "1012",
        "entity_task_import_id": "1",
        "order_number": "VANSSG000000942",
        "order_number_alternate": null,
        "currency_code": "SGD",
        "address_shipping_id": "905463",
        "address_billing_id": "905464",
        "grand_total": "0.000",
        "shipping_method": "",
        "carrier_name": "",
        "sys_status_code": "FIN",
        "sys_created_by": "0",
        "sys_created_on": "2020-07-03 09:09:31",
        "sys_modified_by": null,
        "sys_modified_on": null
    }]