<?xml version="1.0" encoding="UTF-8"?>
<Request>
    <TransId>0081931380</TransId>
    <AccountId>11388</AccountId>
    <ReceiveInfo>
        <PlantId>1162</PlantId>
        <ExternDocId>0081931380</ExternDocId>
        <EcomReceiveId>0081931380</EcomReceiveId>
        <EcomOrderId>0081931380</EcomOrderId>
        <StoreName>11 ABC Street, US</StoreName>
        <DocType>A</DocType>
        <CarrierName>YMTHK</CarrierName>
        <TrackingNo />
        <BuyerInfo>
            <BuyerId />
            <BuyerName />
            <Zip />
            <BuyerId />
            <Mobile />
            <Tel />
            <State />
            <City />
            <Province />
            <Address />
        </BuyerInfo>
        <Comments>
            <Comment1 />
            <Comment2 />
        </Comments>
        <FinalFlag />
        <TotalLines />
        <CurrReq />
        <TotalLeft />
        <ReceiveDetailInfo>
            <ItemInfo>
                <ReceiveItemLine>1</ReceiveItemLine>
                <ItemId>TB0J09669011ODD0OS</ItemId>
                <ItemQty>11</ItemQty>
                <UnitPrice />
                <Comments>
                    <Comment1 />
                    <Comment2 />
                </Comments>
            </ItemInfo>
            <ItemInfo>
                <ReceiveItemLine>2</ReceiveItemLine>
                <ItemId>TB0M3488001100M0OS</ItemId>
                <ItemQty>1</ItemQty>
                <UnitPrice />
                <Comments>
                    <Comment1 />
                    <Comment2 />
                </Comments>
            </ItemInfo>
            <ItemInfo>
                <ReceiveItemLine>3</ReceiveItemLine>
                <ItemId>TB0M3488968100L0OS</ItemId>
                <ItemQty>3</ItemQty>
                <UnitPrice />
                <Comments>
                    <Comment1 />
                    <Comment2 />
                </Comments>
            </ItemInfo>
            <ItemInfo>
                <ReceiveItemLine>4</ReceiveItemLine>
                <ItemId>TB0PC3100001ODD00Z</ItemId>
                <ItemQty>3</ItemQty>
                <UnitPrice />
                <Comments>
                    <Comment1 />
                    <Comment2 />
                </Comments>
            </ItemInfo>
        </ReceiveDetailInfo>
    </ReceiveInfo>
</Request>