<?xml version="1.0" encoding="UTF-8"?>
<order id="8" customerOrderNumber="ES100000632" date="2016-05-12 13:24:54">
	<customer>
		<emailAddress>yashk@cybage.com</emailAddress>
		<addresses>
			<address type="BILLING">
				<firstName>asf</firstName>
				<lastName>asdf</lastName>
				<address1>asd</address1>
				<address2>asd</address2>
				<city>asd</city>
				<state/>
				<postalCode>412354</postalCode>
				<country>SG</country>
				<phone>
					<type>UNKNOWN</type>
					<number>84562123</number>
				</phone>
			</address>
			<address type="SHIPPING">
				<firstName>asf</firstName>
				<lastName>asdf</lastName>
				<address1>asd</address1>
				<address2>asd</address2>
				<city>asd</city>
				<state/>
				<postalCode>412354</postalCode>
				<country>SG</country>
				<phone>
					<type>UNKNOWN</type>
					<number>84562123</number>
				</phone>
			</address>
		</addresses>
		<subscriptions>
			<list id="Master" name="Master">
				<status>SUBSCRIBED</status>
			</list>
		</subscriptions>
	</customer>
	<lines>
		<line id="23"><!-- HL: Split into 23-{numberOfSplit} e.g. 23-1, 23-2. Translates as `bundleLineId` -->
			<quantity>3.0000</quantity><!-- HL: Translate into extValue `bundleQty` -->
			<product id="8459" catalog="CN" type="bundle"><!-- HL: type="bundle" is the identifier -->
				<bundleItems>
					<bundleItem id="8180"><!-- HL: Promote to element <line> -->
						<quantity>6.0000</quantity>
						<product id="8180" catalog="CN" type="virtual"><!-- HL: Remove attribute `type` -->
							<virtualItems/><!-- HL: Remove this element -->
						</product>
						<sku>9525B003</sku><!-- HL: This need to go inside <product> -->
						<description>PCS|13AAA|10x30 IS II|N.A.||</description><!-- HL: This need to go inside <product> -->
						<price currency="SGD">1365.27</price><!-- HL: This need to go inside <product> -->
					</bundleItem>
					<bundleItem id="8188">
						<quantity>3.0000</quantity>
						<product id="8188" catalog="CN" type="virtual">
							<virtualItems/>
						</product>
						<sku>1021C001</sku>
						<description>PCS|13AAA|EOS 5DS Miniature Flash Drive|N.A.||</description>
						<price currency="SGD">224.73</price>
					</bundleItem>
				</bundleItems>
			</product>
			<sku>MG5770-0585c004</sku><!-- HL: Translate into extValue `bundleSku` -->
			<description>Bundle product+coupon</description><!-- HL: Translate into extValue `bundleDescription` -->
			<price currency="SGD">1590</price><!-- HL: Translate into extValue `bundlePrice` -->
		</line>
		<line id="26">
			<quantity>2.0000</quantity>
			<product id="8264" catalog="CN" type="virtual">
				<virtualItems>
					<virtualItem id="19">
						<quantity>2</quantity>
						<product id="9022B014AA" catalog="CN" type="simple"/>
						<sku>9022B014AA</sku>
						<description>PCS|12AAA|Canson A3+ Archival  Photo Sto|N.A.||</description>
						<price currency="SGD">166.9</price>
					</virtualItem>
				</virtualItems>
				<sku>9022B014</sku>
				<description>PCS|12AAA|Canson A3+ Archival  Photo Sto|N.A.||</description>
				<price currency="SGD">166.9</price>
			</product>
		</line>
	</lines>
	<discount type="COUPON">
		<code/>
		<amount currency="SGD">0.0000</amount>
	</discount>
	<lineTotal currency="SGD">1756.9000</lineTotal>
	<shipping currency="SGD">0.0000</shipping>
	<total currency="SGD">1756.9000</total>
	<payment creditMemo="online">cybersource</payment>
	<store id="5" code="canon_sg" platform="MAGENTO">
		<name>canon sg</name>
		<url>http://canonsguat.specom.io/</url>
	</store>
</order>