<?xml version="1.0" encoding="UTF-8"?>
<orderupdate>
    <order-no>CKKD800161956</order-no>
    <order-date>2020-11-19</order-date>
    <status>
        <shipping>
            <carrier-name>FIE</carrier-name>
            <shipped-status>SHIPPED</shipped-status>
            <order-trackingno>235583856793</order-trackingno>
            <order-trackingurl>http://www.fedex.com/Tracking?action=track&amp;tracknumbers=235583856793</order-trackingurl>
            <item sku="011334666565">
                <shipped-qty>1.00</shipped-qty>
            </item>
            <item sku="011334668507">
                <shipped-qty>1.00</shipped-qty>
            </item>
        </shipping>
    </status>
</orderupdate>