<?xml version="1.0" encoding="utf-8"?>
<export_return_receipt>
	<return_receipt_master>
		<WarehouseID>QSTHBN</WarehouseID>
		<ReceiptID/>
		<ShipmentNumber/>
		<ReceiptDate>12/22/2016</ReceiptDate>
		<PONumber>RTH1TU-00056667</PONumber><!-- `wms-return-id` -->
		<DisplayPONumber>TU-00056667</DisplayPONumber><!-- `supplizer-id` This might need modification to -->
		<ClientCode>UQT</ClientCode>
		<Status>CLOSED</Status>
		<VendorCode/>
		<SCACCode/>
		<UserID>THBNPLJ</UserID>
		<Disposition>9</Disposition>
		<return_receipt_details>
			<return_receipt_detail>
				<LineNumber/>
				<ScheduleNumber>0</ScheduleNumber>
				<ItemNumber>UQT-2000092076394</ItemNumber>
				<DisplayItemNumber>2000092076394</DisplayItemNumber>
				<LotNumber/>
				<HUID/>
				<QtyReceived>1</QtyReceived>
				<QtyDamaged>0</QtyDamaged>
				<Attribute1/>
				<Attribute2/>
				<Attribute3/>
				<Attribute4/>
				<Attribute5/>
				<Attribute6/>
				<Attribute7/>
				<Attribute8/>
				<Attribute9/>
				<Attribute10>  /  /</Attribute10>
				<Attribute11/>
				<Disposition>9</Disposition>
			</return_receipt_detail>
		</return_receipt_details>
	</return_receipt_master>
</export_return_receipt>
