<?xml version="1.0" encoding="UTF-8"?>
<!DOCTYPE cXML SYSTEM "http://xml.cXML.org/schemas/cXML/1.2.023/cXML.dtd">
<cXML payloadID="MU-00120011" timestamp="2017-06-12T11:05:41+08:00" xml:lang="en-US">
	<Header>
		<From>
			<Credential domain="SupplizerNetworkId">
				<Identity>01</Identity>
			</Credential>
		</From>
		<To>
			<Credential domain="UQO">
				<Identity>02</Identity>
			</Credential>
		</To>
		<Sender>
			<Credential domain="SupplizerNetworkId">
				<Identity>01</Identity>
				<SharedSecret>prettyboyfloyd</SharedSecret>
			</Credential>
			<UserAgent>Supplizer 1.0</UserAgent>
		</Sender>
	</Header>
	<Request deploymentMode="test">
		<OrderRequest>
			<OrderRequestHeader orderID="MU-00120011" orderDate="2017-06-12T11:05:35+08:00" type="new">
				<Total>
					<Money currency="USD">0</Money>
				</Total>
				<ShipTo>
					<Address>
						<Name xml:lang="en-US">John Doe</Name>
						<PostalAddress name="endUser">
							<DeliverTo>John Doe</DeliverTo>
							<DeliverTo>#07-31][eCommerce</DeliverTo>
							<Street>10 Eunos Rd. 8[[clickncollect]]</Street><!-- delivery mode as part of address -->
							<City>Kelantan</City>
							<State/>
							<PostalCode>16310</PostalCode>
							<Country isoCountryCode="MY">Malaysia</Country>
						</PostalAddress>
					</Address>
				</ShipTo>
				<CustomerBillTo>
					<Address>
						<Name xml:lang="en-US">John Doe</Name>
						<PostalAddress name="customerBilling">
							<Street>10 Eunos Rd. 8</Street>
							<StreetAdditional>#07-31][eCommerce</StreetAdditional>
							<City>Kelantan</City>
							<State/>
							<PostalCode>16310</PostalCode>
							<Country isoCountryCode="MY">Malaysia</Country>
						</PostalAddress>
					</Address>
					<Email/>
					<Phone name="Cell">
						<TelephoneNumber>88889999</TelephoneNumber>
					</Phone>
				</CustomerBillTo>
				<BillTo>
					<Address>
						<Name xml:lang="en-US">SingPost eCommerce Pvt Ltd</Name>
						<PostalAddress name="Headerquarters">
							<Street>10 Eunos Road 8</Street>
							<City>Singapore</City>
							<State/>
							<PostalCode>408600</PostalCode>
							<Country isoCountryCode="SG"/>
						</PostalAddress>
						<Phone name="Office">
							<TelephoneNumber>
								<CountryCode isoCountryCode="SG">65</CountryCode>
								<AreaOrCityCode/>
								<Number/>
							</TelephoneNumber>
						</Phone>
					</Address>
				</BillTo>
				<Shipping>
					<Money currency="MYR">0</Money>
					<Description xml:lang="en-US">SING CG</Description>
				</Shipping>
				<Contact role="endUser">
					<Name xml:lang="en-US">John Doe</Name>
					<Email>johndoe@example.com</Email>
					<Phone name="Cell">
						<TelephoneNumber>
							<CountryCode isoCountryCode="MY">60</CountryCode>
							<AreaOrCityCode>601</AreaOrCityCode>
							<Number>88889999</Number>
						</TelephoneNumber>
					</Phone>
				</Contact>
				<CustomerOrder>
					<LineTotal>
						<Money currency="MYR">239.65</Money>
					</LineTotal>
					<Promotion type="COUPON" code="">
						<Discount type="" rate="">
							<Money currency="MYR">0.00</Money>
						</Discount>
					</Promotion>
					<ShippingCharge carrier="">
						<Money currency="MYR">0.00</Money>
					</ShippingCharge>
					<OrderTotal>
						<Money currency="MYR">239.65</Money>
					</OrderTotal>
				</CustomerOrder>
				<Extrinsic name="CustomerOrderNumber">200168733</Extrinsic>
				<Extrinsic name="VendorId">15</Extrinsic>
				<Extrinsic name="VendorName">Uniqlo-MY</Extrinsic>
			</OrderRequestHeader>
			<ItemOut quantity="1" lineNumber="2000098361753">
				<ItemID>
					<SupplierPartID>2000098361753</SupplierPartID>
				</ItemID>
				<ItemDetail>
					<UnitPrice>
						<Money currency="MYR">0.00</Money>
					</UnitPrice>
					<Description xml:lang="en-US">MEN Linen Cotton Checked Short|GRAY|M|</Description>
					<UnitOfMeasure>EA</UnitOfMeasure>
					<Classification domain="UNSPSC">000000</Classification>
					<Extrinsic name="DropShipFee">0.00</Extrinsic>
					<Extrinsic name="retail">59.90</Extrinsic>
					<Extrinsic name="retailCurrencyCode">MYR</Extrinsic>
				</ItemDetail>
			</ItemOut>
			<ItemOut quantity="1" lineNumber="2000091860222">
				<ItemID>
					<SupplierPartID>2000091860222</SupplierPartID>
				</ItemID>
				<ItemDetail>
					<UnitPrice>
						<Money currency="MYR">0.00</Money>
					</UnitPrice>
					<Description xml:lang="en-US">WOMEN Boy Shorts (Botanical)|NATURAL|M|</Description>
					<UnitOfMeasure>EA</UnitOfMeasure>
					<Classification domain="UNSPSC">000000</Classification>
					<Extrinsic name="DropShipFee">0.00</Extrinsic>
					<Extrinsic name="retail">19.95</Extrinsic>
					<Extrinsic name="retailCurrencyCode">MYR</Extrinsic>
				</ItemDetail>
			</ItemOut>
			<ItemOut quantity="1" lineNumber="2000092166378">
				<ItemID>
					<SupplierPartID>2000092166378</SupplierPartID>
				</ItemID>
				<ItemDetail>
					<UnitPrice>
						<Money currency="MYR">0.00</Money>
					</UnitPrice>
					<Description xml:lang="en-US">MEN Dry Pique Short Sleeve Pol|BLACK|M|</Description>
					<UnitOfMeasure>EA</UnitOfMeasure>
					<Classification domain="UNSPSC">000000</Classification>
					<Extrinsic name="DropShipFee">0.00</Extrinsic>
					<Extrinsic name="retail">79.90</Extrinsic>
					<Extrinsic name="retailCurrencyCode">MYR</Extrinsic>
				</ItemDetail>
			</ItemOut>
			<ItemOut quantity="1" lineNumber="2000093852331">
				<ItemID>
					<SupplierPartID>2000093852331</SupplierPartID>
				</ItemID>
				<ItemDetail>
					<UnitPrice>
						<Money currency="MYR">0.00</Money>
					</UnitPrice>
					<Description xml:lang="en-US">MEN Dry Pique Striped Short Sl|Blue|M|</Description>
					<UnitOfMeasure>EA</UnitOfMeasure>
					<Classification domain="UNSPSC">000000</Classification>
					<Extrinsic name="DropShipFee">0.00</Extrinsic>
					<Extrinsic name="retail">79.90</Extrinsic>
					<Extrinsic name="retailCurrencyCode">MYR</Extrinsic>
				</ItemDetail>
			</ItemOut>
		</OrderRequest>
	</Request>
</cXML>