<?xml version="1.0" encoding="utf-8"?>
<ivc_export>
	<ivc_master>
		<OrderNumber>UAS-UA00026087</OrderNumber>
		<DisplayOrderNumber>UA00026087</DisplayOrderNumber>
		<ClientCode>UAS</ClientCode>
		<WarehouseID>QSSGDF</WarehouseID>
		<LoadID>UAS-UA00026087</LoadID>
		<CustomerPONumber>UA067198</CustomerPONumber>
		<StoreOrderNumber/>
		<ShipToCustCode/>
		<PartialShipmentFlag>N</PartialShipmentFlag>
		<CancelOrderFlag>N</CancelOrderFlag>
		<Status />
		<SplitStatus />
		<UserID />
		<Process>SHIPCONFIRM</Process>
		<ShipDate>Mar  3 2016 10:36AM</ShipDate>
		<ProNumber>PC000002125SG</ProNumber>
		<SealNumber />
		<ivc_ship_details>
			<ivc_ship_detail>
				<ShipRefNumber />
				<TrackingNumber>PC000002125SG</TrackingNumber>
				<ManifestNumber />
				<ConsignmentNumber />
				<Account />
				<CarrierCode />
				<CarrierSCAC />
				<TotalPrice />
				<InsurancePrice />
			</ivc_ship_detail>
		</ivc_ship_details>
		<ivc_master_comments>
			<ivc_master_comment>
				<HeaderFooter>H</HeaderFooter>
				<CommentType>Address</CommentType>
				<CommentSequence>9002</CommentSequence>
				<DateEntered>Mar  3 2016  9:01AM</DateEntered>
				<CommentText>Jundalyn Dones</CommentText>
			</ivc_master_comment>
			<ivc_master_comment>
				<HeaderFooter>H</HeaderFooter>
				<CommentType>Address</CommentType>
				<CommentSequence>9009</CommentSequence>
				<DateEntered>Mar  3 2016  9:01AM</DateEntered>
				<CommentText>Dasmarinas</CommentText>
			</ivc_master_comment>
			<ivc_master_comment>
				<HeaderFooter>H</HeaderFooter>
				<CommentType>Address</CommentType>
				<CommentSequence>9015</CommentSequence>
				<DateEntered>Mar  3 2016  9:01AM</DateEntered>
				<CommentText>Blk 1 Lt 4 University Executive Villas</CommentText>
			</ivc_master_comment>
			<ivc_master_comment>
				<HeaderFooter>H</HeaderFooter>
				<CommentType>Address</CommentType>
				<CommentSequence>9016</CommentSequence>
				<DateEntered>Mar  3 2016  9:01AM</DateEntered>
				<CommentText>Burol Main</CommentText>
			</ivc_master_comment>
			<ivc_master_comment>
				<HeaderFooter>H</HeaderFooter>
				<CommentType>F</CommentType>
				<CommentSequence>1</CommentSequence>
				<DateEntered>Mar  3 2016  9:01AM</DateEntered>
				<CommentText>240.00</CommentText>
			</ivc_master_comment>
			<ivc_master_comment>
				<HeaderFooter>H</HeaderFooter>
				<CommentType>Address</CommentType>
				<CommentSequence>9005</CommentSequence>
				<DateEntered>Mar  3 2016  9:01AM</DateEntered>
				<CommentText>Blk 1 Lt 4 University Executive Villas</CommentText>
			</ivc_master_comment>
			<ivc_master_comment>
				<HeaderFooter>H</HeaderFooter>
				<CommentType>Address</CommentType>
				<CommentSequence>9006</CommentSequence>
				<DateEntered>Mar  3 2016  9:01AM</DateEntered>
				<CommentText>Burol Main</CommentText>
			</ivc_master_comment>
			<ivc_master_comment>
				<HeaderFooter>H</HeaderFooter>
				<CommentType>Address</CommentType>
				<CommentSequence>9029</CommentSequence>
				<DateEntered>Mar  3 2016  9:01AM</DateEntered>
				<CommentText>Dasmarinas</CommentText>
			</ivc_master_comment>
			<ivc_master_comment>
				<HeaderFooter>H</HeaderFooter>
				<CommentType>R</CommentType>
				<CommentSequence>2</CommentSequence>
				<DateEntered>Mar  3 2016  9:01AM</DateEntered>
				<CommentText>PHP</CommentText>
			</ivc_master_comment>
		</ivc_master_comments>
		<ivc_details>
			<ivc_detail>
				<LineNumber>1</LineNumber>
				<ItemNumber>UAS-887907610569</ItemNumber>
				<DisplayItemNumber>887907610569</DisplayItemNumber>
				<LotNumber/>
				<TotalQuantity>1</TotalQuantity>
				<QuantityPicked>1</QuantityPicked>
				<QuantityShipped>1</QuantityShipped>
				<HUID/>
				<Tracking/>
				<UOM>EA</UOM>
				<Attribute1/>
				<Attribute2/>
				<Attribute3/>
				<Attribute4/>
				<Attribute5/>
				<Attribute6/>
				<Attribute7/>
				<Attribute8/>
				<Attribute9/>
				<Attribute10/>
				<Attribute11/>
				<ivc_serial_details>
					<SerialNumber />
				</ivc_serial_details>
				<ivc_detail_comments>
					<ivc_detail_comment>
						<CommentType>R Discounted Price Curr</CommentType>
						<CommentSequence>2</CommentSequence>
						<DateEntered>Mar  3 2016  9:01AM</DateEntered>
						<CommentText>PHP</CommentText>
					</ivc_detail_comment>
					<ivc_detail_comment>
						<CommentType>P Discounted Price</CommentType>
						<CommentSequence>1</CommentSequence>
						<DateEntered>Mar  3 2016  9:01AM</DateEntered>
						<CommentText>2195.00</CommentText>
					</ivc_detail_comment>
				</ivc_detail_comments>
			</ivc_detail>
		</ivc_details>
	</ivc_master>
</ivc_export>