<?xml version="1.0" encoding="UTF-8" ?>
<Request>
    <TransId>0000908404</TransId>
    <AccountId>11388</AccountId>
    <ShipInfo>
        <PlantId>1162</PlantId>
        <ExternDocId>0088277903</ExternDocId>
        <EcomOrderId>0088277903</EcomOrderId>
        <CarrierName>ZZ</CarrierName>
        <TrackingNo/>
        <Weight>57</Weight>
        <Cube>0</Cube>
        <CompletedDate>20200715171101</CompletedDate>
        <FinalFlag>1</FinalFlag>
        <TotalLines>19</TotalLines>
        <CurrReq>19</CurrReq>
        <TotalLeft>0</TotalLeft>
        <ContainerInfo>
            <TypeInfo>
                <Type>TORY BURCH CARTON 3</Type>
                <Qty>4</Qty>
            </TypeInfo>
        </ContainerInfo>
        <InvoiceInfo>
            <InvoiceItem>
                <SNo/>
                <InvoiceNo/>
                <Amount>0</Amount>
                <Type/>
                <Title/>
                <Content/>
                <InvoiceDate/>
            </InvoiceItem>
        </InvoiceInfo>
        <ShipDetailInfo>
            <ItemInfo>
                <CartonNo>1</CartonNo>
                <OrderItemLine>16939</OrderItemLine>
                <ItemId>VN0A3DZ3VTF108500M</ItemId>
                <ItemQty>5</ItemQty>
                <UserDefines/>
            </ItemInfo>
            <ItemInfo>
                <CartonNo>1</CartonNo>
                <OrderItemLine>16940</OrderItemLine>
                <ItemId>VN0A3DZ3VTF107500M</ItemId>
                <ItemQty>1</ItemQty>
                <UserDefines/>
            </ItemInfo>
            <ItemInfo>
                <CartonNo>1</CartonNo>
                <OrderItemLine>16941</OrderItemLine>
                <ItemId>VN0A3DZ3VTF106000M</ItemId>
                <ItemQty>1</ItemQty>
                <UserDefines/>
            </ItemInfo>
            <ItemInfo>
                <CartonNo>1</CartonNo>
                <OrderItemLine>16942</OrderItemLine>
                <ItemId>VN0A3DZ3VTF105500M</ItemId>
                <ItemQty>2</ItemQty>
                <UserDefines/>
            </ItemInfo>
            <ItemInfo>
                <CartonNo>1</CartonNo>
                <OrderItemLine>16943</OrderItemLine>
                <ItemId>VN0A3DZ3VTF105000M</ItemId>
                <ItemQty>1</ItemQty>
                <UserDefines/>
            </ItemInfo>
            <ItemInfo>
                <CartonNo>1</CartonNo>
                <OrderItemLine>16944</OrderItemLine>
                <ItemId>VN0A3DZ3VTF104500M</ItemId>
                <ItemQty>2</ItemQty>
                <UserDefines/>
            </ItemInfo>
            <ItemInfo>
                <CartonNo>2</CartonNo>
                <OrderItemLine>16938</OrderItemLine>
                <ItemId>VN0A3DZ3VTF109000M</ItemId>
                <ItemQty>3</ItemQty>
                <UserDefines/>
            </ItemInfo>
            <ItemInfo>
                <CartonNo>2</CartonNo>
                <OrderItemLine>16944</OrderItemLine>
                <ItemId>VN0A3DZ3VTF104500M</ItemId>
                <ItemQty>1</ItemQty>
                <UserDefines/>
            </ItemInfo>
            <ItemInfo>
                <CartonNo>2</CartonNo>
                <OrderItemLine>16942</OrderItemLine>
                <ItemId>VN0A3DZ3VTF105500M</ItemId>
                <ItemQty>4</ItemQty>
                <UserDefines/>
            </ItemInfo>
            <ItemInfo>
                <CartonNo>2</CartonNo>
                <OrderItemLine>16943</OrderItemLine>
                <ItemId>VN0A3DZ3VTF105000M</ItemId>
                <ItemQty>5</ItemQty>
                <UserDefines/>
            </ItemInfo>
            <ItemInfo>
                <CartonNo>2</CartonNo>
                <OrderItemLine>16940</OrderItemLine>
                <ItemId>VN0A3DZ3VTF107500M</ItemId>
                <ItemQty>1</ItemQty>
                <UserDefines/>
            </ItemInfo>
            <ItemInfo>
                <CartonNo>2</CartonNo>
                <OrderItemLine>16941</OrderItemLine>
                <ItemId>VN0A3DZ3VTF106000M</ItemId>
                <ItemQty>1</ItemQty>
                <UserDefines/>
            </ItemInfo>
            <ItemInfo>
                <CartonNo>3</CartonNo>
                <OrderItemLine>16934</OrderItemLine>
                <ItemId>VN0004LG27K108000M</ItemId>
                <ItemQty>5</ItemQty>
                <UserDefines/>
            </ItemInfo>
            <ItemInfo>
                <CartonNo>3</CartonNo>
                <OrderItemLine>16935</OrderItemLine>
                <ItemId>VN0004LG27K107000M</ItemId>
                <ItemQty>8</ItemQty>
                <UserDefines/>
            </ItemInfo>
            <ItemInfo>
                <CartonNo>3</CartonNo>
                <OrderItemLine>16936</OrderItemLine>
                <ItemId>VN0004LG27K106000M</ItemId>
                <ItemQty>1</ItemQty>
                <UserDefines/>
            </ItemInfo>
            <ItemInfo>
                <CartonNo>3</CartonNo>
                <OrderItemLine>16933</OrderItemLine>
                <ItemId>VN0004LG27K109000M</ItemId>
                <ItemQty>2</ItemQty>
                <UserDefines/>
            </ItemInfo>
            <ItemInfo>
                <CartonNo>4</CartonNo>
                <OrderItemLine>16934</OrderItemLine>
                <ItemId>VN0004LG27K108000M</ItemId>
                <ItemQty>2</ItemQty>
                <UserDefines/>
            </ItemInfo>
            <ItemInfo>
                <CartonNo>4</CartonNo>
                <OrderItemLine>16936</OrderItemLine>
                <ItemId>VN0004LG27K106000M</ItemId>
                <ItemQty>6</ItemQty>
                <UserDefines/>
            </ItemInfo>
            <ItemInfo>
                <CartonNo>4</CartonNo>
                <OrderItemLine>16937</OrderItemLine>
                <ItemId>VN0004LG27K105000M</ItemId>
                <ItemQty>6</ItemQty>
                <UserDefines/>
            </ItemInfo>
        </ShipDetailInfo>
        <CartonInfo>
            <Carton>
                <CartonNo>1</CartonNo>
                <TrackingNo/>
                <Weight>0</Weight>
                <Cube>0</Cube>
                <CartonType/>
            </Carton>
            <Carton>
                <CartonNo>2</CartonNo>
                <TrackingNo/>
                <Weight>0</Weight>
                <Cube>0</Cube>
                <CartonType/>
            </Carton>
            <Carton>
                <CartonNo>3</CartonNo>
                <TrackingNo/>
                <Weight>0</Weight>
                <Cube>0</Cube>
                <CartonType/>
            </Carton>
            <Carton>
                <CartonNo>4</CartonNo>
                <TrackingNo/>
                <Weight>0</Weight>
                <Cube>0</Cube>
                <CartonType/>
            </Carton>
        </CartonInfo>
    </ShipInfo>
</Request>