<?xml version="1.0" encoding="UTF-8"?>
<orders xmlns="http://www.demandware.com/xml/impex/order/2006-10-31">
     
    <order order-no="00000306">
        <order-date>2015-12-03T05:20:38.793Z</order-date>
        <created-by>storefront</created-by>
        <original-order-no>00000306</original-order-no>
        <currency>CNY</currency>
        <customer-locale>zh_CN</customer-locale>
        <taxation>gross</taxation>
        <invoice-no>00001506</invoice-no>
        <customer>
            <customer-no>00000001</customer-no>
            <customer-name>Ryan Cao</customer-name>
            <customer-email>rcao@demandware.com</customer-email>
            <billing-address>
                <first-name>Ryan</first-name>
                <last-name>Cao</last-name>
                <address1>Somewhere I belong</address1>
                <city>Shanghai</city>
                <postal-code>SW42 4RG</postal-code>
                <country-code>cn</country-code>
                <phone>01222555555</phone>
            </billing-address>
        </customer>
        <status>
            <order-status>NEW</order-status>
            <shipping-status>NOT_SHIPPED</shipping-status>
            <confirmation-status>CONFIRMED</confirmation-status>
            <payment-status>NOT_PAID</payment-status>
        </status>
        <current-order-no>00000306</current-order-no>
        <product-lineitems>
            <product-lineitem>
                <net-price>1828.57</net-price>
                <tax>91.43</tax>
                <gross-price>1920.00</gross-price>
                <base-price>1920.00</base-price>
                <lineitem-text>海军蓝单褶毛料套装</lineitem-text>
                <tax-basis>1920.00</tax-basis>
                <position>1</position>
                <product-id>750518548272</product-id>
                <product-name>海军蓝单褶毛料套装</product-name>
                <quantity unit="">1.0</quantity>
                <tax-rate>0.05</tax-rate>
                <shipment-id>00001506</shipment-id>
                <gift>false</gift>
                <price-adjustments>
                    <price-adjustment>
                        <net-price>-4.76</net-price>
                        <tax>-0.24</tax>
                        <gross-price>-5.00</gross-price>
                        <base-price>-5.00</base-price>
                        <lineitem-text>20151203_all_products_5CNY_discount</lineitem-text>
                        <tax-basis>-5.00</tax-basis>
                        <promotion-id>20151203_all_products_5CNY_discount</promotion-id>
                        <campaign-id>20151203</campaign-id>
                    </price-adjustment>
                    <price-adjustment>
                        <net-price>-182.38</net-price>
                        <tax>-9.12</tax>
                        <gross-price>-191.50</gross-price>
                        <base-price>-191.50</base-price>
                        <lineitem-text>20151203_all_products_10%off</lineitem-text>
                        <tax-basis>-191.50</tax-basis>
                        <promotion-id>20151203_all_products_10%off</promotion-id>
                        <campaign-id>20151203</campaign-id>
                    </price-adjustment>
                </price-adjustments>
            </product-lineitem>
            <product-lineitem>
                <net-price>987.62</net-price>
                <tax>49.38</tax>
                <gross-price>1037.00</gross-price>
                <base-price>1037.00</base-price>+1920
                <lineitem-text>男士真皮行李钓鱼包</lineitem-text>
                <tax-basis>1037.00</tax-basis>
                <position>2</position>
                <product-id>842204063326</product-id>
                <product-name>男士真皮行李钓鱼包</product-name>
                <quantity unit="">1.0</quantity>
                <tax-rate>0.05</tax-rate>
                <shipment-id>00001506</shipment-id>
                <gift>false</gift>
                <price-adjustments>
                    <price-adjustment>
                        <net-price>-4.76</net-price>
                        <tax>-0.24</tax>
                        <gross-price>-5.00</gross-price>
                        <base-price>-5.00</base-price>
                        <lineitem-text>20151203_all_products_5CNY_discount</lineitem-text>
                        <tax-basis>-5.00</tax-basis>
                        <promotion-id>20151203_all_products_5CNY_discount</promotion-id>
                        <campaign-id>20151203</campaign-id>
                    </price-adjustment>
                    <price-adjustment>
                        <net-price>-98.29</net-price>
                        <tax>-4.91</tax>
                        <gross-price>-103.20</gross-price>
                        <base-price>-103.20</base-price>
                        <lineitem-text>20151203_all_products_10%off</lineitem-text>
                        <tax-basis>-103.20</tax-basis>
                        <promotion-id>20151203_all_products_10%off</promotion-id>
                        <campaign-id>20151203</campaign-id>
                    </price-adjustment>
                </price-adjustments>
            </product-lineitem>
        </product-lineitems>
        <shipping-lineitems>
            <shipping-lineitem>
                <net-price>95.24</net-price>
                <tax>4.76</tax>
                <gross-price>100.00</gross-price>
                <base-price>100.00</base-price>
                <lineitem-text>Shipping</lineitem-text>
                <tax-basis>100.00</tax-basis>
                <price-adjustments>
                    <price-adjustment>
                        <net-price>-4.76</net-price>
                        <tax>-0.24</tax>
                        <gross-price>-5.00</gross-price>
                        <base-price>-5.00</base-price>
                        <lineitem-text>20151203_shipping_5cny_off</lineitem-text>
                        <tax-basis>-5.00</tax-basis>
                        <promotion-id>20151203_shipping_5cny_off</promotion-id>
                        <campaign-id>20151203</campaign-id>
                    </price-adjustment>
                    <price-adjustment>
                        <net-price>-9.05</net-price>
                        <tax>-0.45</tax>
                        <gross-price>-9.50</gross-price>
                        <base-price>-9.50</base-price>
                        <lineitem-text>20151203_shipping_10%off</lineitem-text>
                        <tax-basis>-9.50</tax-basis>
                        <promotion-id>20151203_shipping_10%off</promotion-id>
                        <campaign-id>20151203</campaign-id>
                    </price-adjustment>
                </price-adjustments>
                <item-id>STANDARD_SHIPPING</item-id>
                <shipment-id>00001506</shipment-id>
                <tax-rate>0.05</tax-rate>
            </shipping-lineitem>
        </shipping-lineitems>
        <shipments>
            <shipment shipment-id="00001506">
                <status>
                    <shipping-status>NOT_SHIPPED</shipping-status>
                </status>
                <shipping-method>CNY002</shipping-method>
                <shipping-address>
                    <first-name>Ryan</first-name>
                    <last-name>Cao</last-name>
                    <address1>Somewhere I belong</address1>
                    <city>Shanghai</city>
                    <postal-code>SW42 4RG</postal-code>
                    <state-code>Shanghai</state-code>
                    <country-code>cn</country-code>
                    <phone>01222555555</phone>
                </shipping-address>
                <gift>false</gift>
                <totals>
                    <merchandize-total>
                        <net-price>2816.19</net-price>
                        <tax>140.81</tax>
                        <gross-price>2957.00</gross-price>
                    </merchandize-total>
                    <adjusted-merchandize-total>
                        <net-price>2526.00</net-price>
                        <tax>126.30</tax>
                        <gross-price>2652.30</gross-price>
                    </adjusted-merchandize-total>
                    <shipping-total>
                        <net-price>95.24</net-price>
                        <tax>4.76</tax>
                        <gross-price>100.00</gross-price>
                    </shipping-total>
                    <adjusted-shipping-total>
                        <net-price>81.43</net-price>
                        <tax>4.07</tax>
                        <gross-price>85.50</gross-price>
                    </adjusted-shipping-total>
                    <shipment-total>
                        <net-price>2607.43</net-price>
                        <tax>130.37</tax>
                        <gross-price>2737.80</gross-price>
                    </shipment-total>
                </totals>
                <custom-attributes>
                    <custom-attribute attribute-id="deliveryTimePreference">morning</custom-attribute>
                </custom-attributes>
            </shipment>
        </shipments>
        <totals>
            <merchandize-total>
                <net-price>2816.19</net-price>
                <tax>140.81</tax>
                <gross-price>2957.00</gross-price>
                <price-adjustments>
                    <price-adjustment>
                        <net-price>-47.62</net-price>
                        <tax>-2.38</tax>
                        <gross-price>-50.00</gross-price>
                        <base-price>-50.00</base-price>
                        <lineitem-text>20151203_order_total_50cny_off</lineitem-text>
                        <tax-basis>-50.00</tax-basis>
                        <promotion-id>20151203_order_total_50cny_off</promotion-id>
                        <campaign-id>20151203</campaign-id>
                    </price-adjustment>
                    <price-adjustment>
                        <net-price>-247.84</net-price>
                        <tax>-12.39</tax>
                        <gross-price>-260.23</gross-price>
                        <base-price>-260.23</base-price>
                        <lineitem-text>20151203_order_total_10%off</lineitem-text>
                        <tax-basis>-260.23</tax-basis>
                        <promotion-id>20151203_order_total_10%off</promotion-id>
                        <campaign-id>20151203</campaign-id>
                    </price-adjustment>
                </price-adjustments>
            </merchandize-total>
            <adjusted-merchandize-total>
                <net-price>2230.54</net-price>
                <tax>111.53</tax>
                <gross-price>2342.07</gross-price>
            </adjusted-merchandize-total>
            <shipping-total>
                <net-price>95.24</net-price>
                <tax>4.76</tax>
                <gross-price>100.00</gross-price>
            </shipping-total>
            <adjusted-shipping-total>
                <net-price>81.43</net-price>
                <tax>4.07</tax>
                <gross-price>85.50</gross-price>
            </adjusted-shipping-total>
            <order-total>
                <net-price>2311.97</net-price>
                <tax>115.60</tax>
                <gross-price>2427.57</gross-price>
            </order-total>
        </totals>
        <payments>
            <payment>
                <credit-card>
                    <card-type>VISA</card-type>
                    <card-number>XXXX-XXXX-XXXX-1111</card-number>
                    <card-holder>Ryan Cao</card-holder>
                    <expiration-month>1</expiration-month>
                    <expiration-year>2017</expiration-year>
                </credit-card>
                <amount>2427.57</amount>
                <processor-id>BASIC_CREDIT</processor-id>
                <transaction-id>00000306</transaction-id>
            </payment>
        </payments>
        <remoteHost>116.12.250.1</remoteHost>
    </order>

</orders>
