<?xml version="1.0" encoding="utf-8"?>
<ShipmentUpdate>
	<OrderShipment>
		<VendorInfo>
			<VendorNumber>TH116</VendorNumber>
			<VendorName>TH-shop rama9</VendorName>
			<Address1>Huaikwang, Huaikwang</Address1>
			<Street>Room No.G08-G09 9/9 Rama 9 Rd.,</Street>
			<City>Bangkok</City>
			<State>TH</State>
			<PostalCode>10310</PostalCode>
			<CountryCode>TH</CountryCode>
			<Country>Thailand</Country>
		</VendorInfo>
		<OrderNumber>1000014811</OrderNumber>
		<HostOrderNumber>1000014811</HostOrderNumber>
		<OrderType>DropShip</OrderType>
		<Company>NULL</Company>
		<Division>NULL</Division>
		<ShipAllProducts>Yes</ShipAllProducts>
		<EntryOperator>TH-00101920</EntryOperator>
		<GroupNumber>1</GroupNumber>
		<ShipmentInfo>
			<TrackingNumber>QP150062104TH</TrackingNumber>
			<Freight>0</Freight>
			<Weight>2.000000</Weight>
			<ShipmentDate>20150831</ShipmentDate>
			<ShipmentTime>140125</ShipmentTime>
			<ShipmentMethod>STANDARD</ShipmentMethod>
			<DestinationPostalCode>10110</DestinationPostalCode>
			<ConsignmentCode>QP150062104TH</ConsignmentCode>
			<CarrierCode>SingPost</CarrierCode>
			<CarrierName>SingPost</CarrierName>
			<CarrierServiceCode>SingPost</CarrierServiceCode>
			<CarrierServiceName>SingPost</CarrierServiceName>
		</ShipmentInfo>
		<InvoiceInfo>
			<InvoiceTotal>0.000000</InvoiceTotal>
			<ProductTotal>0.000000</ProductTotal>
			<TermsDays>0</TermsDays>
			<TermsPercent>0</TermsPercent>
			<FreightAmount>0</FreightAmount>
			<HandlingFee>0</HandlingFee>
			<TaxAmount>0</TaxAmount>
			<DutyAmount>0</DutyAmount>
			<OtherCost>0</OtherCost>
		</InvoiceInfo>
		<ProductInfo>
			<LineNumber>1</LineNumber>
			<SKU>4055011044334</SKU>
			<VendorSKU>S21198920</VendorSKU>
			<ExternalID>0</ExternalID>
			<UPCCode>04055011044334</UPCCode>
			<OrderedQuantity>1.000000</OrderedQuantity>
			<ShippedQuantity>1.000000</ShippedQuantity>
			<Factor>0</Factor>
			<InvoicedQuantity>0</InvoicedQuantity>
			<ExtendedCost>0.000000</ExtendedCost>
			<UnitCost>0.000000</UnitCost>
			<StandardFreight>0</StandardFreight>
		</ProductInfo>
		<ProductInfo>
			<LineNumber>1</LineNumber> 
			<SKU>4055011044334</SKU> 
			<VendorSKU>S21198920</VendorSKU> 
			<ExternalID>0</ExternalID> 
			<UPCCode>04055011044334</UPCCode> 
			<OrderedQuantity>1.000000</OrderedQuantity> 
			<ShippedQuantity>1.000000</ShippedQuantity> 
			<Factor>0</Factor> 
			<InvoicedQuantity>0</InvoicedQuantity> 
			<ExtendedCost>0.000000</ExtendedCost> 
			<UnitCost>0.000000</UnitCost> 
			<StandardFreight>0</StandardFreight> 
		</ProductInfo>
		<UniqueReference>1000014811-1</UniqueReference>
		<!-- Transit|Assignment|Shipment -->
		<ShipmentType>Transit</ShipmentType>
	</OrderShipment>
</ShipmentUpdate>