<?xml version="1.0" encoding="utf-8"?>
<oo_outbound_order>
	<oo_master>
		<WarehouseID>QSMYSA</WarehouseID>
		<DisplayOrderNumber>MU00102306</DisplayOrderNumber>
		<ClientCode>UQM</ClientCode>
		<oo_info>
			<TransactionCode>New</TransactionCode>
			<OrderType>Sales Orders</OrderType>
			<CustomerPO>200143030</CustomerPO>
			<EntryDate>2017-02-15 02:49:14</EntryDate>
			<ShipToName>John Doe</ShipToName>
			<ShipToAddress1>10 Eunos Rd. 8</ShipToAddress1>
			<ShipToAddress2>#07-31</ShipToAddress2>
			<ShipToAddress3/>
			<ShipToCity>Ipoh</ShipToCity>
			<ShipToState/>
			<ShipToZip>31350</ShipToZip>
			<ShipToCountryCode>MY</ShipToCountryCode>
			<ShipToCountryName>Malaysia</ShipToCountryName>
			<ShipToPhone>88889999</ShipToPhone>
			<BillToName>John Doe</BillToName>
			<BillToAddress1>10 Eunos Rd. 8</BillToAddress1>
			<BillToAddress2>#07-31</BillToAddress2>
			<BillToAddress3/>
			<BillToCity>Ipoh</BillToCity>
			<BillToState/>
			<BillToZip>31350</BillToZip>
			<BillToCountryCode>MY</BillToCountryCode>
			<BillToCountryName>Malaysia</BillToCountryName>
			<BillToPhone>88889999</BillToPhone>
			<CarrierCode>EZY2SHIP</CarrierCode>
			<CarrierMode>WWXEXA</CarrierMode>
			<ServiceLevel>WWXEXA</ServiceLevel>
			<FreightCost>189.70</FreightCost>
		</oo_info>
		<oo_master_comments>
			<oo_master_comment>
				<TransactionCode>New</TransactionCode>
				<HeaderFooter>Header</HeaderFooter>
				<CommentType>F Shipping Fee</CommentType>
				<CommentSequence>1</CommentSequence>
				<CommentText>0.00</CommentText>
			</oo_master_comment>
			<oo_master_comment>
				<TransactionCode>New</TransactionCode>
				<HeaderFooter>Header</HeaderFooter>
				<CommentType>R Shipping Fee Curr</CommentType>
				<CommentSequence>2</CommentSequence>
				<CommentText>MYR</CommentText>
			</oo_master_comment>
		</oo_master_comments>
		<oo_details>
			<oo_line>
				<LineNumber>1</LineNumber>
				<oo_line_info>
					<TransactionCode>New</TransactionCode>
					<DisplayItemNumber>2000091195898</DisplayItemNumber>
					<ItemDescription>WOMEN Peanuts Short Sleeve Gra|NAVY|L|</ItemDescription>
					<OrderQty>1</OrderQty>
					<GenericAttrib1>MYR</GenericAttrib1>
					<GenericAttrib2>29.90</GenericAttrib2>
				</oo_line_info>
				<oo_line_comments>
					<oo_line_comment>
						<TransactionCode>New</TransactionCode>
						<CommentType>P Discounted Price</CommentType>
						<CommentSequence>1</CommentSequence>
						<CommentText>29.90</CommentText>
					</oo_line_comment>
					<oo_line_comment>
						<TransactionCode>New</TransactionCode>
						<CommentType>R Discounted Price Curr</CommentType>
						<CommentSequence>2</CommentSequence>
						<CommentText>MYR</CommentText>
					</oo_line_comment>
				</oo_line_comments>
			</oo_line>
			<oo_line>
				<LineNumber>2</LineNumber>
				<oo_line_info>
					<TransactionCode>New</TransactionCode>
					<DisplayItemNumber>2000093773117</DisplayItemNumber>
					<ItemDescription>WOMEN Sanrio Short Sleeve Grap|WHITE|L|</ItemDescription>
					<OrderQty>1</OrderQty>
					<GenericAttrib1>MYR</GenericAttrib1>
					<GenericAttrib2>29.90</GenericAttrib2>
				</oo_line_info>
				<oo_line_comments>
					<oo_line_comment>
						<TransactionCode>New</TransactionCode>
						<CommentType>P Discounted Price</CommentType>
						<CommentSequence>1</CommentSequence>
						<CommentText>29.90</CommentText>
					</oo_line_comment>
					<oo_line_comment>
						<TransactionCode>New</TransactionCode>
						<CommentType>R Discounted Price Curr</CommentType>
						<CommentSequence>2</CommentSequence>
						<CommentText>MYR</CommentText>
					</oo_line_comment>
				</oo_line_comments>
			</oo_line>
			<oo_line>
				<LineNumber>3</LineNumber>
				<oo_line_info>
					<TransactionCode>New</TransactionCode>
					<DisplayItemNumber>2000089346332</DisplayItemNumber>
					<ItemDescription>WOMEN Pile Lined Fleece Long S|NAVY|L|</ItemDescription>
					<OrderQty>1</OrderQty>
					<GenericAttrib1>MYR</GenericAttrib1>
					<GenericAttrib2>129.90</GenericAttrib2>
				</oo_line_info>
				<oo_line_comments>
					<oo_line_comment>
						<TransactionCode>New</TransactionCode>
						<CommentType>P Discounted Price</CommentType>
						<CommentSequence>1</CommentSequence>
						<CommentText>129.90</CommentText>
					</oo_line_comment>
					<oo_line_comment>
						<TransactionCode>New</TransactionCode>
						<CommentType>R Discounted Price Curr</CommentType>
						<CommentSequence>2</CommentSequence>
						<CommentText>MYR</CommentText>
					</oo_line_comment>
				</oo_line_comments>
			</oo_line>
		</oo_details>
	</oo_master>
</oo_outbound_order>                                                              