{
	"transactionId":"4904142795356576603078",
	"captureToken":"Ahj\/7wSTCdqnMR1b8tvGZSzRywaMWjJu5as2rZq3bNmDNg3cKI0SVvWuAlEaJK3rXBIPgCDdXDJpJlukB5af0GkmE7VOYjq35beMAAAA5A2E",
	"merchantReferenceCode":"4125106",
	"amount":"164.000",
	"currency":"AUD",
	"attributeList":
	{
		"shipmentMethod":"90000009",
		"customPaymentMethod":"EXTERNAL_CREDIT_CARD_CS",
		"orderDiscountCode":"2017feb-SupraMascara|FIRM17",
		"paymentCardType":"MasterCard",
		"paymentCardNumber":"XXXX-XXXX-XXXX-2315",
		"paymentCybsCaptureAmount":"164.000",
		"paymentCybsTxnId":"4904142795356576603078",
		"paymentCybsRequestId":"4904142795356576603078",
		"paymentCybsCaptureId":"Ahj\/7wSTCdqnMR1b8tvGZSzRywaMWjJu5as2rZq3bNmDNg3cKI0SVvWuAlEaJK3rXBIPgCDdXDJpJlukB5af0GkmE7VOYjq35beMAAAA5A2E",
		"paymentCybsRequestToken":"Ahj\/7wSTCdqnMR1b8tvGZSzRywaMWjJu5as2rZq3bNmDNg3cKI0SVvWuAlEaJK3rXBIPgCDdXDJpJlukB5af0GkmE7VOYjq35beMAAAA5A2E",
		"orderDate":"2017-03-25 03:57:57"
	}
}