<?xml version="1.0" encoding="UTF-8" ?><Request>
    <TransId>0000006663</TransId>
    <AccountId>11388</AccountId>
    <ReceiveInfo>
        <PlantId>1162</PlantId>
        <ExternDocId>751898</ExternDocId>
        <EcomReceiveId>RVMY000000140</EcomReceiveId>
        <EcomOrderId>VANSMY1000000734</EcomOrderId>
        <CompletedDate>20200730113543</CompletedDate>
        <CarrierName>FEDEX</CarrierName>
        <TrackingNo>23</TrackingNo>
        <FinalFlag>1</FinalFlag>
        <TotalLines>1</TotalLines>
        <CurrReq>1</CurrReq>
        <TotalLeft>0</TotalLeft>
        <ReceiveDetailInfo>
            <ItemInfo>
                <ReceiveItemLine>2279</ReceiveItemLine>
                <ItemId>VN000D3HY28110000M</ItemId>
                <ItemQty>1</ItemQty>
                <ReceivedQty>1</ReceivedQty>
                <ItemStatus>UR</ItemStatus>
                <UserDefines></UserDefines>
            </ItemInfo>
        </ReceiveDetailInfo>
    </ReceiveInfo>
</Request>