<?xml version="1.0" encoding="utf-8"?>
<orders xmlns="http://www.demandware.com/xml/impex/order/2006-10-31">
	<order order-no="4146037">
		<order-date>2017-06-13T06:19:03.000Z</order-date>
		<created-by>storefront</created-by>
		<original-order-no>4146037</original-order-no>
		<currency>AUD</currency>
		<customer-locale>en_AU</customer-locale>
		<taxation>gross</taxation>
		<invoice-no>00486527</invoice-no>
		<customer>
			<customer-no>CLRAU_0422512</customer-no>
			<customer-name>John Doe</customer-name>
			<customer-email>johndoe@example.com</customer-email>
			<billing-address>
				<first-name>John</first-name>
				<last-name>Doe</last-name>
				<address1>88 Main Road</address1>
				<city>Grahamvale</city>
				<postal-code>3631</postal-code>
				<state-code>VIC</state-code>
				<country-code>AU</country-code>
				<phone>88889999</phone>
				<custom-attributes>
					<custom-attribute attribute-id="shippingConfirmationEmail">johndoe@example.com</custom-attribute>
				</custom-attributes>
			</billing-address>
		</customer>
		<status>
			<order-status>NEW</order-status>
			<shipping-status>NOT_SHIPPED</shipping-status>
			<confirmation-status>CONFIRMED</confirmation-status>
			<payment-status>PAID</payment-status>
		</status>
		<current-order-no>4146037</current-order-no>
		<product-lineitems>
			<product-lineitem>
				<net-price>29.09</net-price>
				<tax>2.91</tax>
				<gross-price>32.00</gross-price>
				<base-price>32.00</base-price>
				<lineitem-text>Daily Energizing Collection</lineitem-text>
				<tax-basis>32.00</tax-basis>
				<position>1</position>
				<product-id>80022832</product-id>
				<product-name>Daily Energizing Collection</product-name>
				<quantity unit="">1.0</quantity>
				<tax-rate>0.1</tax-rate>
				<shipment-id>00450580</shipment-id>
				<gift>false</gift>
				<custom-attributes>
					<custom-attribute attribute-id="EAN">3380810133349</custom-attribute>
					<custom-attribute attribute-id="adjustedBasePrice">29.09</custom-attribute>
					<custom-attribute attribute-id="adjusted_gross_price">32.0</custom-attribute>
					<custom-attribute attribute-id="externalTaxPrice">0.0</custom-attribute>
					<custom-attribute attribute-id="lineId">1</custom-attribute>
				</custom-attributes>
			</product-lineitem>
			<product-lineitem>
				<net-price>125.45</net-price>
				<tax>12.55</tax>
				<gross-price>138.00</gross-price>
				<base-price>138.00</base-price>
				<lineitem-text>Day Cream - All Skin Types</lineitem-text>
				<tax-basis>138.00</tax-basis>
				<position>2</position>
				<product-id>0109410</product-id>
				<product-name>Day Cream - All Skin Types</product-name>
				<quantity unit="">1.0</quantity>
				<tax-rate>0.1</tax-rate>
				<shipment-id>00450580</shipment-id>
				<gift>false</gift>
				<custom-attributes>
					<custom-attribute attribute-id="EAN">3380811094106</custom-attribute>
					<custom-attribute attribute-id="adjustedBasePrice">125.45</custom-attribute>
					<custom-attribute attribute-id="adjusted_gross_price">138.0</custom-attribute>
					<custom-attribute attribute-id="externalTaxPrice">0.0</custom-attribute>
					<custom-attribute attribute-id="lineId">2</custom-attribute>
				</custom-attributes>
			</product-lineitem>
			<product-lineitem>
				<net-price>30.00</net-price>
				<tax>3.00</tax>
				<gross-price>33.00</gross-price>
				<base-price>33.00</base-price>
				<lineitem-text>Age-Control Hand Lotion SPF 15</lineitem-text>
				<tax-basis>33.00</tax-basis>
				<position>3</position>
				<product-id>0059320</product-id>
				<product-name>Age-Control Hand Lotion SPF 15</product-name>
				<quantity unit="">1.0</quantity>
				<tax-rate>0.1</tax-rate>
				<shipment-id>00450580</shipment-id>
				<gift>false</gift>
				<custom-attributes>
					<custom-attribute attribute-id="EAN">3380810593204</custom-attribute>
					<custom-attribute attribute-id="adjustedBasePrice">30.0</custom-attribute>
					<custom-attribute attribute-id="adjusted_gross_price">33.0</custom-attribute>
					<custom-attribute attribute-id="externalTaxPrice">0.0</custom-attribute>
					<custom-attribute attribute-id="lineId">3</custom-attribute>
				</custom-attributes>
			</product-lineitem>
			<product-lineitem>
				<net-price>0.00</net-price>
				<tax>0.00</tax>
				<gross-price>0.00</gross-price>
				<base-price>0.00</base-price>
				<lineitem-text>Hydra-Essentiel Cream Sample 5ml</lineitem-text>
				<tax-basis>0.00</tax-basis>
				<position>4</position>
				<product-id>80019287</product-id>
				<product-name>Hydra-Essentiel Cream Sample 5ml</product-name>
				<quantity unit="">1.0</quantity>
				<tax-rate>0.1</tax-rate>
				<shipment-id>00450580</shipment-id>
				<gift>false</gift>
				<custom-attributes>
					<custom-attribute attribute-id="EAN">3380810111385</custom-attribute>
					<custom-attribute attribute-id="adjustedBasePrice">0.0</custom-attribute>
					<custom-attribute attribute-id="adjusted_gross_price">0.0</custom-attribute>
					<custom-attribute attribute-id="externalTaxPrice">0.0</custom-attribute>
					<custom-attribute attribute-id="lineId">4</custom-attribute>
				</custom-attributes>
			</product-lineitem>
			<product-lineitem>
				<net-price>0.00</net-price>
				<tax>0.00</tax>
				<gross-price>0.00</gross-price>
				<base-price>0.00</base-price>
				<lineitem-text>Super Restorative Hand Cream 8ml</lineitem-text>
				<tax-basis>0.00</tax-basis>
				<position>5</position>
				<product-id>80009148</product-id>
				<product-name>Super Restorative Hand Cream 8ml</product-name>
				<quantity unit="">1.0</quantity>
				<tax-rate>0.1</tax-rate>
				<shipment-id>00450580</shipment-id>
				<gift>false</gift>
				<custom-attributes>
					<custom-attribute attribute-id="EAN">3380810044669</custom-attribute>
					<custom-attribute attribute-id="adjustedBasePrice">0.0</custom-attribute>
					<custom-attribute attribute-id="adjusted_gross_price">0.0</custom-attribute>
					<custom-attribute attribute-id="externalTaxPrice">0.0</custom-attribute>
					<custom-attribute attribute-id="lineId">5</custom-attribute>
				</custom-attributes>
			</product-lineitem>
			<product-lineitem>
				<net-price>0.00</net-price>
				<tax>0.00</tax>
				<gross-price>0.00</gross-price>
				<base-price>0.00</base-price>
				<lineitem-text>Multi-Active Day Cream Dry 5ml</lineitem-text>
				<tax-basis>0.00</tax-basis>
				<position>6</position>
				<product-id>80009080</product-id>
				<product-name>Multi-Active Day Cream Dry 5ml</product-name>
				<quantity unit="">1.0</quantity>
				<tax-rate>0.1</tax-rate>
				<shipment-id>00450580</shipment-id>
				<gift>false</gift>
				<custom-attributes>
					<custom-attribute attribute-id="EAN">3380810049640</custom-attribute>
					<custom-attribute attribute-id="adjustedBasePrice">0.0</custom-attribute>
					<custom-attribute attribute-id="adjusted_gross_price">0.0</custom-attribute>
					<custom-attribute attribute-id="externalTaxPrice">0.0</custom-attribute>
					<custom-attribute attribute-id="lineId">6</custom-attribute>
				</custom-attributes>
			</product-lineitem>
		</product-lineitems>
		<shipping-lineitems>
			<shipping-lineitem>
				<net-price>0.00</net-price>
				<tax>0.00</tax>
				<gross-price>0.00</gross-price>
				<base-price>0.00</base-price>
				<lineitem-text>Shipping</lineitem-text>
				<tax-basis>0.00</tax-basis>
				<item-id>STANDARD_SHIPPING</item-id>
				<shipment-id>00450580</shipment-id>
				<tax-rate>0.1</tax-rate>
				<custom-attributes>
					<custom-attribute attribute-id="adjustedBasePrice">0.0</custom-attribute>
					<custom-attribute attribute-id="adjusted_gross_price">0.0</custom-attribute>
					<custom-attribute attribute-id="externalTaxPrice">0.0</custom-attribute>
					<custom-attribute attribute-id="externalTaxRate">0.1</custom-attribute>
				</custom-attributes>
			</shipping-lineitem>
		</shipping-lineitems>
		<shipments>
			<shipment shipment-id="00450580">
				<status>
					<shipping-status>NOT_SHIPPED</shipping-status>
				</status>
				<shipping-method>90000009</shipping-method>
				<shipping-address>
					<first-name>John</first-name>
					<last-name>Doe</last-name>
					<address1>88 Main Road</address1>
					<city>Grahamvale</city>
					<postal-code>3631</postal-code>
					<state-code>Victoria</state-code>
					<country-code>AU</country-code>
					<phone>88889999</phone>
					<custom-attributes>
						<custom-attribute attribute-id="email">johndoe@example.com</custom-attribute>
						<custom-attribute attribute-id="shippingConfirmationEmail">johndoe@example.com</custom-attribute>
					</custom-attributes>
				</shipping-address>
				<gift>false</gift>
				<totals>
					<merchandize-total>
						<net-price>184.54</net-price>
						<tax>18.46</tax>
						<gross-price>203.00</gross-price>
					</merchandize-total>
					<adjusted-merchandize-total>
						<net-price>184.54</net-price>
						<tax>18.46</tax>
						<gross-price>203.00</gross-price>
					</adjusted-merchandize-total>
					<shipping-total>
						<net-price>0.00</net-price>
						<tax>0.00</tax>
						<gross-price>0.00</gross-price>
					</shipping-total>
					<adjusted-shipping-total>
						<net-price>0.00</net-price>
						<tax>0.00</tax>
						<gross-price>0.00</gross-price>
					</adjusted-shipping-total>
					<shipment-total>
						<net-price>184.54</net-price>
						<tax>18.46</tax>
						<gross-price>203.00</gross-price>
					</shipment-total>
				</totals>
				<custom-attributes>
					<custom-attribute attribute-id="CarrierID">90000009</custom-attribute>
					<custom-attribute attribute-id="addGiftMsg">false</custom-attribute>
					<custom-attribute attribute-id="addGiftWrap">false</custom-attribute>
					<custom-attribute attribute-id="v3_unattended_enabled">true</custom-attribute>
					<custom-attribute attribute-id="v3_unattended_message">front door</custom-attribute>
				</custom-attributes>
			</shipment>
		</shipments>
		<totals>
			<merchandize-total>
				<net-price>184.54</net-price>
				<tax>18.46</tax>
				<gross-price>203.00</gross-price>
			</merchandize-total>
			<adjusted-merchandize-total>
				<net-price>184.54</net-price>
				<tax>18.46</tax>
				<gross-price>203.00</gross-price>
			</adjusted-merchandize-total>
			<shipping-total>
				<net-price>0.00</net-price>
				<tax>0.00</tax>
				<gross-price>0.00</gross-price>
			</shipping-total>
			<adjusted-shipping-total>
				<net-price>0.00</net-price>
				<tax>0.00</tax>
				<gross-price>0.00</gross-price>
			</adjusted-shipping-total>
			<order-total>
				<net-price>184.54</net-price>
				<tax>18.46</tax>
				<gross-price>203.00</gross-price>
			</order-total>
		</totals>
		<payments>
			<payment>
				<custom-method>
					<method-name>PayPal</method-name>
				</custom-method>
				<amount>153.00</amount>
				<processor-id>CYBERSOURCE_PAYPAL</processor-id>
				<transaction-id>4146037</transaction-id>
				<custom-attributes>
					<custom-attribute attribute-id="v3_afs_decision">ACCEPT</custom-attribute>
					<custom-attribute attribute-id="v3_afs_reason_code">100</custom-attribute>
					<custom-attribute attribute-id="v3_afs_request_id">4973349423276908304016</custom-attribute>
					<custom-attribute attribute-id="v3_afs_request_token">AhjhrwSTDZsWhokp81aQUVgaPGtUEg+emN/cMmkmW6QHlp/JMNmxaGiSnzVpAAAA1R2T</custom-attribute>
					<custom-attribute attribute-id="v3_approval_status">100</custom-attribute>
					<custom-attribute attribute-id="v3_auth_amount">153.00</custom-attribute>
					<custom-attribute attribute-id="v3_paypal_auth_reason_code">100</custom-attribute>
					<custom-attribute attribute-id="v3_paypal_auth_transaction_id">1HP94705G20081004</custom-attribute>
					<custom-attribute attribute-id="v3_paypal_authorized_amount">153.00</custom-attribute>
					<custom-attribute attribute-id="v3_paypal_autorization_id">1HP94705G20081004</custom-attribute>
					<custom-attribute attribute-id="v3_paypal_avs_code">3</custom-attribute>
					<custom-attribute attribute-id="v3_paypal_billing_agreement_accepted_status">0</custom-attribute>
					<custom-attribute attribute-id="v3_paypal_capture_correlation_id">d854a2f1bc17d</custom-attribute>
					<custom-attribute attribute-id="v3_paypal_capture_fee_amount">5.58</custom-attribute>
					<custom-attribute attribute-id="v3_paypal_capture_reason_code">100</custom-attribute>
					<custom-attribute attribute-id="v3_paypal_capture_request_id">4973349433256780204061</custom-attribute>
					<custom-attribute attribute-id="v3_paypal_capture_request_token">AhjpLwSTDZsWj5zIq4gdUWAEyzLeorL/ujxEJB89Mb+4ZNJMt0gPLT+Ay3UK</custom-attribute>
					<custom-attribute attribute-id="v3_paypal_capture_transaction_id">35C33001K00670151</custom-attribute>
					<custom-attribute attribute-id="v3_paypal_correlation_id">b906dfec95cfb</custom-attribute>
					<custom-attribute attribute-id="v3_paypal_ec_set_request_id">4973349340586488404055</custom-attribute>
					<custom-attribute attribute-id="v3_paypal_ec_set_request_token">AhipLwSTDZsWO1RM2JhXUWAEyzLeosAJlmW8A39wyaSZbpAeWn8A0UJ0</custom-attribute>
					<custom-attribute attribute-id="v3_paypal_get_details_address_status">Confirmed</custom-attribute>
					<custom-attribute attribute-id="v3_paypal_get_details_correlation_id">e93045b55f043</custom-attribute>
					<custom-attribute attribute-id="v3_paypal_get_details_payer_status">verified</custom-attribute>
					<custom-attribute attribute-id="v3_paypal_get_details_tax_amount">18.46</custom-attribute>
					<custom-attribute attribute-id="v3_paypal_get_reason_code">100</custom-attribute>
					<custom-attribute attribute-id="v3_paypal_order_setup_correlation_id">6b76036ba6b95</custom-attribute>
					<custom-attribute attribute-id="v3_paypal_order_setup_payment_status">Pending</custom-attribute>
					<custom-attribute attribute-id="v3_paypal_order_setup_pending_reason">order</custom-attribute>
					<custom-attribute attribute-id="v3_paypal_order_setup_reason_code">100</custom-attribute>
					<custom-attribute attribute-id="v3_paypal_order_setup_request_id">4973349351436731204088</custom-attribute>
					<custom-attribute attribute-id="v3_paypal_order_setup_request_token">AhjpLwSTDZsWRTKRtsH4UWAEyzLeopnabTQ4JB89Mb+4ZNJMt0gPLT+ACnSN</custom-attribute>
					<custom-attribute attribute-id="v3_paypal_order_setup_transaction_id">O-28X212069S644945F</custom-attribute>
					<custom-attribute attribute-id="v3_paypal_order_setup_transaction_type">expresscheckout</custom-attribute>
					<custom-attribute attribute-id="v3_paypal_parent_transaction_id">1HP94705G20081004</custom-attribute>
					<custom-attribute attribute-id="v3_paypal_payer_country">AU</custom-attribute>
					<custom-attribute attribute-id="v3_paypal_payer_first_name">John</custom-attribute>
					<custom-attribute attribute-id="v3_paypal_payer_id">HPHM3NH6UY4LY</custom-attribute>
					<custom-attribute attribute-id="v3_paypal_payer_last_name">Doe</custom-attribute>
					<custom-attribute attribute-id="v3_paypal_payment_status">Completed</custom-attribute>
					<custom-attribute attribute-id="v3_paypal_protection_eligibility">Eligible</custom-attribute>
					<custom-attribute attribute-id="v3_paypal_protection_eligibility_type">ItemNotReceivedEligible,UnauthorizedPaymentEligible</custom-attribute>
					<custom-attribute attribute-id="v3_paypal_set_reason_code">100</custom-attribute>
					<custom-attribute attribute-id="v3_paypal_set_request_correlation_id">7055d1b573bc2</custom-attribute>
					<custom-attribute attribute-id="v3_paypal_token">EC-73585931EL5519440</custom-attribute>
					<custom-attribute attribute-id="v3_request_id">4973349372576499404051</custom-attribute>
					<custom-attribute attribute-id="v3_request_token">AhjpLwSTDZsWWGyOFo0TUWAEyzLeoo6tZsT8JB89Mb+4ZNJMt0gPLT+A03TK</custom-attribute>
				</custom-attributes>
			</payment>
			<payment><!-- There will be multiple <payment> element in the case of eGC -->
				<gift-certificate>
					<giftcertificate-id>************CJZI</giftcertificate-id>
				</gift-certificate>
				<amount>50.00</amount>
				<processor-id>BASIC_GIFT_CERTIFICATE</processor-id>
				<transaction-id>DEVCHINA00026927</transaction-id>
			</payment>
		</payments>
		<custom-attributes>
			<custom-attribute attribute-id="bdcrmLastStatus">3</custom-attribute>
			<custom-attribute attribute-id="bdcrmSyncPending">true</custom-attribute>
			<custom-attribute attribute-id="external_fraud_status">ACCEPT</custom-attribute>
			<custom-attribute attribute-id="loyalty_improvements_status">NOT_PROCESSED</custom-attribute>
			<custom-attribute attribute-id="userAgent">Mozilla/5.0 (compatible; MSIE 10.0; Windows NT 6.1; WOW64; Trident/7.0)</custom-attribute>
		</custom-attributes>
	</order>
</orders>