[{
        "id": "14192",
        "environment_id": "1005",
        "origin_system_id": "1003",
        "environment_pool_id": "4",
        "entity_task_import_id": "1",
        "order_number": "210118J5SN8B0U",
        "order_number_alternate": "210118J5SN8B0U",
        "currency_code": "SGD",
        "address_shipping_id": "933642",
        "address_billing_id": "933643",
        "grand_total": "104.400",
        "shipping_method": "",
        "carrier_name": "Ninja Van (Home Delivery)",
        "sys_status_code": "FIN",
        "sys_created_by": "0",
        "sys_created_on": "2021-01-18 13:07:32",
        "sys_modified_by": "0",
        "sys_modified_on": "2021-01-19 18:04:12"
    }]