 [
  {
    "salesDeliveryDateTime": "101200",
    "salesDeliveryDate": "20200330",
    "storeCode": "006093",
    "posDeviceNumber": "00",
    "salesDocumentNumber": "VANSMY1000000666",
    "vipConsumerCode": "",
    "cashierStaffCode": "ECOMM",
    "salesman": "",
    "itemNumber": "1",
    "varianceArticleNumber": "VN000ZBU6BT101500M",
    "barCode": "888654802184",
    "invitationType": "0",
    "soldQuantity": "1",
    "soldAmount": "159.0",
    "markdownAmount": "0.0",
    "discountedAmount": "0.0",
    "vipDiscount": "0",
    "vipCustomerBonus": "0",
    "salesPriceWithTax": "159.0",
    "originalPrice": "159.0",
    "originalSalesOrderNumber": "VANSMY1000000661",
    "promotionId": "",
    "ecomPromotionId": "",
    "returnReasonCode": "",
    "remark": "",
    "tender": "VI",
    "fullName": "TEST test",
    "telephone": "99999999"
  },
  {
    "salesDeliveryDateTime": "101200",
    "salesDeliveryDate": "20200330",
    "storeCode": "006093",
    "posDeviceNumber": "00",
    "salesDocumentNumber": "VANSMY1000000666",
    "vipConsumerCode": "",
    "cashierStaffCode": "ECOMM",
    "salesman": "",
    "itemNumber": "2",
    "varianceArticleNumber": "VN000ZBUEO1101500M",
    "barCode": "888654803020",
    "invitationType": "0",
    "soldQuantity": "1",
    "soldAmount": "179.0",
    "markdownAmount": "0.0",
    "discountedAmount": "0.0",
    "vipDiscount": "0",
    "vipCustomerBonus": "0",
    "salesPriceWithTax": "179.0",
    "originalPrice": "179.0",
    "originalSalesOrderNumber": "VANSMY1000000666",
    "promotionId": "",
    "ecomPromotionId": "",
    "returnReasonCode": "",
    "remark": "",
    "tender": "VI",
    "fullName": "TEST test",
    "telephone": "99999999"
  }
]