[
  {
    "transferOutNoteNumber": "0088277903",
    "transferOutDate": "2020-07-15",
    "replenishmentFlag": "0",
    "inventoryType": "0",
    "deliveryRemarks": "",
    "sendingStoreCode": "006091",
    "receivingStoreCode": "HV7002",
    "numberOfDeliveryItems": "19",
    "numberOfCartons": 1,
    "deliveryItems": [
      {
        "deliveryLineNumber": "16939",
        "cartonNumber": "1",
        "sku": "VN0A3DZ3VTF108500M",
        "upc": "192828030823",
        "quantity": "5"
      },
      {
        "deliveryLineNumber": "16940",
        "cartonNumber": "1",
        "sku": "VN0A3DZ3VTF107500M",
        "upc": "192828030670",
        "quantity": "1"
      },
      {
        "deliveryLineNumber": "16941",
        "cartonNumber": "1",
        "sku": "VN0A3DZ3VTF106000M",
        "upc": "192828030526",
        "quantity": "1"
      },
      {
        "deliveryLineNumber": "16942",
        "cartonNumber": "1",
        "sku": "VN0A3DZ3VTF105500M",
        "upc": "192828030496",
        "quantity": "2"
      },
      {
        "deliveryLineNumber": "16943",
        "cartonNumber": "1",
        "sku": "VN0A3DZ3VTF105000M",
        "upc": "192828030441",
        "quantity": "1"
      },
      {
        "deliveryLineNumber": "16944",
        "cartonNumber": "1",
        "sku": "VN0A3DZ3VTF104500M",
        "upc": "192828030380",
        "quantity": "2"
      },
      {
        "deliveryLineNumber": "16938",
        "cartonNumber": "2",
        "sku": "VN0A3DZ3VTF109000M",
        "upc": "192828030939",
        "quantity": "3"
      },
      {
        "deliveryLineNumber": "16944",
        "cartonNumber": "2",
        "sku": "VN0A3DZ3VTF104500M",
        "upc": "192828030380",
        "quantity": "1"
      },
      {
        "deliveryLineNumber": "16942",
        "cartonNumber": "2",
        "sku": "VN0A3DZ3VTF105500M",
        "upc": "192828030496",
        "quantity": "4"
      },
      {
        "deliveryLineNumber": "16943",
        "cartonNumber": "2",
        "sku": "VN0A3DZ3VTF105000M",
        "upc": "192828030441",
        "quantity": "5"
      },
      {
        "deliveryLineNumber": "16940",
        "cartonNumber": "2",
        "sku": "VN0A3DZ3VTF107500M",
        "upc": "192828030670",
        "quantity": "1"
      },
      {
        "deliveryLineNumber": "16941",
        "cartonNumber": "2",
        "sku": "VN0A3DZ3VTF106000M",
        "upc": "192828030526",
        "quantity": "1"
      },
      {
        "deliveryLineNumber": "16934",
        "cartonNumber": "3",
        "sku": "VN0004LG27K108000M",
        "upc": "808390954657",
        "quantity": "5"
      },
      {
        "deliveryLineNumber": "16935",
        "cartonNumber": "3",
        "sku": "VN0004LG27K107000M",
        "upc": "808390954527",
        "quantity": "8"
      },
      {
        "deliveryLineNumber": "16936",
        "cartonNumber": "3",
        "sku": "VN0004LG27K106000M",
        "upc": "808390954381",
        "quantity": "1"
      },
      {
        "deliveryLineNumber": "16933",
        "cartonNumber": "3",
        "sku": "VN0004LG27K109000M",
        "upc": "808390951427",
        "quantity": "2"
      },
      {
        "deliveryLineNumber": "16934",
        "cartonNumber": "4",
        "sku": "VN0004LG27K108000M",
        "upc": "808390954657",
        "quantity": "2"
      },
      {
        "deliveryLineNumber": "16936",
        "cartonNumber": "4",
        "sku": "VN0004LG27K106000M",
        "upc": "808390954381",
        "quantity": "6"
      },
      {
        "deliveryLineNumber": "16937",
        "cartonNumber": "4",
        "sku": "VN0004LG27K105000M",
        "upc": "808390954374",
        "quantity": "6"
      }
    ]
  }
]