[{
        "id": "275",
        "environment_id": "1004",
        "origin_system_id": "1011",
        "environment_pool_id": "1",
        "entity_task_import_id": "1",
        "order_number": "8888444444",
        "order_number_alternate": null,
        "currency_code": "HKD",
        "address_shipping_id": "906577",
        "address_billing_id": "906578",
        "grand_total": "0.000",
        "shipping_method": "EXPRESS",
        "carrier_name": "ZZ",
        "sys_status_code": "FIN",
        "sys_created_by": "0",
        "sys_created_on": "2020-08-11 10:58:27",
        "sys_modified_by": null,
        "sys_modified_on": null
    }]