<?xml version="1.0" encoding="utf-8"?>
<CustomerServiceUpdate>
  <CustomerService>
    <Header>
      <VendorNumber>PHWH</VendorNumber>
      <OrderNumber>aPH00053403-00</OrderNumber>
      <HostOrderNumber>aPH00053403</HostOrderNumber>
      <OrderType>DropShip</OrderType>
      <Company>NULL</Company>
      <Division>NULL</Division>
      <EntryOperator>APH-00118722</EntryOperator>
    </Header>
    <CancelInfo>
      <CancelAllProducts>Yes</CancelAllProducts>
      <ReasonCode>CNC</ReasonCode>
      <CancelDate>20161116</CancelDate>
      <CancelTime>100144</CancelTime>
      <ShipMethCode>STANDARD</ShipMethCode>
    </CancelInfo>
    <CancelProduct>
      <LineNumber>2</LineNumber>
      <SKU>4054072911777</SKU>
      <VendorSKU>B27140590</VendorSKU>
      <ExternalID>0</ExternalID>
      <UPCCode>04054072911777</UPCCode>
      <CancelledQuantity>1.000000</CancelledQuantity>
    </CancelProduct>
    <CancelProduct>
      <LineNumber>5</LineNumber>
      <SKU>4054072911630</SKU>
      <VendorSKU>B27140550</VendorSKU>
      <ExternalID>0</ExternalID>
      <UPCCode>04054072911630</UPCCode>
      <CancelledQuantity>1.000000</CancelledQuantity>
    </CancelProduct>
    <CancelProduct>
      <LineNumber>6</LineNumber>
      <SKU>4054072911708</SKU>
      <VendorSKU>B27140560</VendorSKU>
      <ExternalID>0</ExternalID>
      <UPCCode>04054072911708</UPCCode>
      <CancelledQuantity>1.000000</CancelledQuantity>
    </CancelProduct>
    <CancelProduct>
      <LineNumber>7</LineNumber>
      <SKU>4054072911760</SKU>
      <VendorSKU>B27140570</VendorSKU>
      <ExternalID>0</ExternalID>
      <UPCCode>04054072911760</UPCCode>
      <CancelledQuantity>1.000000</CancelledQuantity>
    </CancelProduct>
  </CustomerService>
</CustomerServiceUpdate>