[
  {
    "salesDeliveryDateTime": "000000",
    "salesDeliveryDate": "19700101",
    "storeCode": "006093",
    "posDeviceNumber": "00",
    "salesDocumentNumber": "",
    "vipConsumerCode": "",
    "cashierStaffCode": "ECOMM",
    "salesman": "",
    "itemNumber": 1,
    "varianceArticleNumber": "VN000D3HY28109500M",
    "barCode": "700053803923",
    "invitationType": "0",
    "soldQuantity": "-1",
    "soldAmount": "-259",
    "markdownAmount": 0,
    "discountedAmount": 0,
    "vipDiscount": "0",
    "vipCustomerBonus": "0",
    "salesPriceWithTax": 259,
    "originalPrice": 259,
    "originalSalesOrderNumber": "",
    "promotionId": "",
    "ecomPromotionId": "",
    "returnReasonCode": "",
    "remark": "",
    "tender": "VI",
    "fullName": "Chetan Mulay",
    "telephone": "22541234"
  }
]