<?xml version="1.0" encoding="UTF-8"?>
<orders xmlns="http://www.demandware.com/xml/impex/order/2006-10-31">
	<order order-no="DV008108">
		<order-date>2015-08-13T08:58:54.000Z</order-date>
		<created-by>storefront</created-by>
		<original-order-no>DV008108</original-order-no><!-- Required -->
		<currency>SGD</currency><!-- Required -->
		<customer-locale>en_SG</customer-locale>
		<taxation>gross</taxation>
		<invoice-no>00047001</invoice-no><!-- Required -->
		<customer>
			<customer-no>00090545</customer-no><!-- Required -->
			<customer-name>Test Test</customer-name><!-- Required -->
			<customer-email>K.lebid@astoundcommerce.com</customer-email><!-- Required -->
			<billing-address>
				<first-name>Test</first-name><!-- Required -->
				<last-name>Test</last-name><!-- Required -->
				<address1>Test address</address1><!-- Required -->
				<address2>Test</address2><!-- Required -->
				<city>Singapore</city><!-- Required -->
				<postal-code>917456</postal-code><!-- Required -->
				<country-code>SG</country-code><!-- Required -->
				<phone>4466742</phone><!-- Required -->
			</billing-address>
		</customer>
		<status>
			<order-status>OPEN</order-status>
			<shipping-status>NOT_SHIPPED</shipping-status>
			<confirmation-status>NOT_CONFIRMED</confirmation-status>
			<payment-status>PAID</payment-status>
		</status>
		<current-order-no>DV008108</current-order-no>
		<product-lineitems>
			<product-lineitem>
				<net-price>55.37</net-price><!-- Required -->
				<tax>3.88</tax><!-- Required -->
				<gross-price>59.25</gross-price><!-- Required -->
				<base-price>59.25</base-price><!-- Required -->
				<lineitem-text>Women’s UA Strappylux Adjustable Tank</lineitem-text><!-- Required -->
				<tax-basis>59.25</tax-basis><!-- Required -->
				<position>1</position><!-- Required -->
				<product-id>888284273590</product-id><!-- Required -->
				<product-name>Women’s UA Strappylux Adjustable Tank</product-name><!-- Required -->
				<quantity unit="1">1.0</quantity><!-- Required -->
				<tax-rate>0.07</tax-rate><!-- Required -->
				<shipment-id>00034007</shipment-id><!-- Required -->
				<gift>false</gift><!-- Required -->
				<custom-attributes>
					<custom-attribute attribute-id="proratedOrderLevelDiscount">0.0</custom-attribute>
					<custom-attribute attribute-id="sku">1243073-016-XS</custom-attribute><!-- Required -->
				</custom-attributes>
			</product-lineitem>
		</product-lineitems>
		<shipping-lineitems>
			<shipping-lineitem><!-- Required -->
				<net-price>3.64</net-price><!-- Required -->
				<tax>0.26</tax><!-- Required -->
				<gross-price>3.90</gross-price><!-- Required -->
				<base-price>3.90</base-price><!-- Required -->
				<lineitem-text>Shipping</lineitem-text><!-- Required -->
				<tax-basis>3.90</tax-basis><!-- Required -->
				<item-id>STANDARD_SHIPPING</item-id><!-- Required -->
				<shipment-id>00034007</shipment-id><!-- Required -->
				<tax-rate>0.07</tax-rate>
			</shipping-lineitem>
		</shipping-lineitems>
		<shipments>
			<shipment shipment-id="00034007"><!-- Required -->
				<status>
					<shipping-status>NOT_SHIPPED</shipping-status>
				</status>
				<shipping-method>SG-express-shipping</shipping-method><!-- Required -->
				<shipping-address>
					<first-name>Test</first-name><!-- Required -->
					<last-name>Test</last-name><!-- Required -->
					<address1>Test address</address1><!-- Required -->
					<address2>Test</address2><!-- Required -->
					<city>Singapore</city><!-- Required -->
					<postal-code>917456</postal-code><!-- Required -->
					<country-code>SG</country-code><!-- Required -->
					<phone>4466742</phone><!-- Required -->
					<custom-attributes>
						<custom-attribute attribute-id="validationStatus">Invalid</custom-attribute>
					</custom-attributes>
				</shipping-address>
				<gift>false</gift>
				<totals>
					<merchandize-total>
						<net-price>55.37</net-price>
						<tax>3.88</tax>
						<gross-price>59.25</gross-price>
					</merchandize-total>
					<adjusted-merchandize-total>
						<net-price>55.37</net-price>
						<tax>3.88</tax>
						<gross-price>59.25</gross-price>
					</adjusted-merchandize-total>
					<shipping-total>
						<net-price>3.64</net-price>
						<tax>0.26</tax>
						<gross-price>3.90</gross-price>
					</shipping-total>
					<adjusted-shipping-total>
						<net-price>3.64</net-price>
						<tax>0.26</tax>
						<gross-price>3.90</gross-price>
					</adjusted-shipping-total>
					<shipment-total>
						<net-price>59.01</net-price>
						<tax>4.14</tax>
						<gross-price>63.15</gross-price>
					</shipment-total>
				</totals>
			</shipment>
		</shipments>
		<totals>
			<merchandize-total>
				<net-price>55.37</net-price>
				<tax>3.88</tax>
				<gross-price>59.25</gross-price>
			</merchandize-total>
			<adjusted-merchandize-total>
				<net-price>55.37</net-price>
				<tax>3.88</tax>
				<gross-price>59.25</gross-price>
			</adjusted-merchandize-total>
			<shipping-total>
				<net-price>3.64</net-price>
				<tax>0.26</tax>
				<gross-price>3.90</gross-price>
			</shipping-total>
			<adjusted-shipping-total>
				<net-price>3.64</net-price>
				<tax>0.26</tax>
				<gross-price>3.90</gross-price>
			</adjusted-shipping-total>
			<order-total>
				<net-price>59.01</net-price>
				<tax>4.14</tax>
				<gross-price>63.15</gross-price>
			</order-total>
		</totals>
		<payments>
			<payment>
				<custom-method>
					<method-name>Adyen</method-name><!-- Required -->
				</custom-method>
				<amount>63.15</amount><!-- Required -->
				<processor-id>Adyen</processor-id>
			</payment>
		</payments>
		<notes>
			<note>
				<created-by>storefront</created-by>
				<creation-date>2015-08-13T08:59:40.000Z</creation-date><!-- Required -->
				<subject>Adyen Payment Completion</subject>
				<text>Auth Result:AUTHORISED</text><!-- Required -->
			</note>
			<note>
				<created-by>storefront</created-by>
				<creation-date>2015-08-13T08:59:40.000Z</creation-date>
				<subject>Adyen Payment Notification</subject>
				<text>AdyenNotification v 4d - Payment info (Called from : 82.199.90.163)
================================================================
reason : 90431:1111:6/2016
eventDate : 2015-08-13T08:59:40.10Z
merchantReference : DV008108
currency : SGD
pspReference : 8614394563807006
merchantAccountCode : SPEC_UA_SG
eventCode : AUTHORISATION
value : 6315
operations : CANCEL,CAPTURE,REFUND
success : true
paymentMethod : visa
live : false</text>
			</note>
			<note>
				<created-by>storefront</created-by>
				<creation-date>2015-08-13T09:03:31.000Z</creation-date>
				<subject>Adyen Payment Notification</subject>
				<text>AdyenNotification v 4d - Payment info (Called from : 91.212.42.11)
================================================================
reason : 90431:1111:6/2016
eventDate : 2015-08-13T08:59:43.00Z
merchantReference : DV008108
currency : SGD
pspReference : 8614394563807006
merchantAccountCode : SPEC_UA_SG
eventCode : AUTHORISATION
value : 6315
operations : CANCEL,CAPTURE,REFUND
success : true
paymentMethod : visa
live : false</text><!-- Required -->
			</note>
		</notes>
		<custom-attributes>
			<custom-attribute attribute-id="Adyen_eventCode">AUTHORISATION</custom-attribute><!-- Required -->
			<custom-attribute attribute-id="Adyen_paymentMethod">visa</custom-attribute><!-- Required -->
			<custom-attribute attribute-id="Adyen_pspReference">8614394563807006</custom-attribute><!-- Required -->
			<custom-attribute attribute-id="Adyen_value">6315</custom-attribute><!-- Required -->
			<custom-attribute attribute-id="customerCountry">SG</custom-attribute>
			<custom-attribute attribute-id="customerLocale">en_SG</custom-attribute>
		</custom-attributes>
	</order>

	<order order-no="DV008113">
		<order-date>2015-08-14T01:48:33.883Z</order-date>
		<created-by>storefront</created-by>
		<original-order-no>DV008113</original-order-no>
		<currency>SGD</currency>
		<customer-locale>en_SG</customer-locale>
		<taxation>gross</taxation>
		<invoice-no>00047003</invoice-no>
		<customer>
			<customer-no>00090560</customer-no>
			<customer-name>XML Test</customer-name>
			<customer-email>uaintlecomm@gmail.com</customer-email>
			<billing-address>
				<first-name>XML</first-name>
				<last-name>Test</last-name>
				<address1>Test Drive</address1>
				<city>Fun City</city>
				<postal-code>123456</postal-code>
				<country-code>SG</country-code>
				<phone>9999999999</phone>
			</billing-address>
		</customer>
		<status>
			<order-status>NEW</order-status>
			<shipping-status>NOT_SHIPPED</shipping-status>
			<confirmation-status>NOT_CONFIRMED</confirmation-status>
			<payment-status>PAID</payment-status>
		</status>
		<current-order-no>DV008113</current-order-no>
		<product-lineitems>
			<product-lineitem>
				<net-price>110.28</net-price>
				<tax>7.72</tax>
				<gross-price>118.00</gross-price>
				<base-price>59.00</base-price>
				<lineitem-text>Men's UA ArmourVent™ Babylon Shorts</lineitem-text>
				<tax-basis>118.00</tax-basis>
				<position>1</position>
				<product-id>888284993658</product-id>
				<product-name>Men's UA ArmourVent™ Babylon Shorts</product-name>
				<quantity unit="1">2.0</quantity>
				<tax-rate>0.07</tax-rate>
				<shipment-id>00034009</shipment-id>
				<gift>false</gift>
				<custom-attributes>
					<custom-attribute attribute-id="proratedOrderLevelDiscount">0.0</custom-attribute>
					<custom-attribute attribute-id="sku">1254405-065-LG</custom-attribute>
				</custom-attributes>
			</product-lineitem>
			<product-lineitem>
				<net-price>55.37</net-price>
				<tax>3.88</tax>
				<gross-price>59.25</gross-price>
				<base-price>59.25</base-price>
				<lineitem-text>Women's 33.5" UA Perfect Pant</lineitem-text>
				<tax-basis>59.25</tax-basis>
				<position>2</position>
				<product-id>887162025047</product-id>
				<product-name>Women's 33.5" UA Perfect Pant</product-name>
				<quantity unit="1">1.0</quantity>
				<tax-rate>0.07</tax-rate>
				<shipment-id>00034009</shipment-id>
				<gift>false</gift>
				<custom-attributes>
					<custom-attribute attribute-id="proratedOrderLevelDiscount">0.0</custom-attribute>
					<custom-attribute attribute-id="sku">1230000-011-MD</custom-attribute>
				</custom-attributes>
			</product-lineitem>
			<product-lineitem>
				<net-price>409.35</net-price>
				<tax>28.65</tax>
				<gross-price>438.00</gross-price>
				<base-price>219.00</base-price>
				<lineitem-text>Women's UA SpeedForm® Gemini</lineitem-text>
				<tax-basis>438.00</tax-basis>
				<position>3</position>
				<product-id>888376136413</product-id>
				<product-name>Women's UA SpeedForm® Gemini</product-name>
				<quantity unit="1">2.0</quantity>
				<tax-rate>0.07</tax-rate>
				<shipment-id>00034009</shipment-id>
				<gift>false</gift>
				<custom-attributes>
					<custom-attribute attribute-id="proratedOrderLevelDiscount">0.0</custom-attribute>
					<custom-attribute attribute-id="sku">1255827-029-10</custom-attribute>
				</custom-attributes>
			</product-lineitem>
		</product-lineitems>
		<shipping-lineitems>
			<shipping-lineitem>
				<net-price>0.00</net-price>
				<tax>0.00</tax>
				<gross-price>0.00</gross-price>
				<base-price>0.00</base-price>
				<lineitem-text>Shipping</lineitem-text>
				<tax-basis>0.00</tax-basis>
				<item-id>STANDARD_SHIPPING</item-id>
				<shipment-id>00034009</shipment-id>
				<tax-rate>0.07</tax-rate>
			</shipping-lineitem>
		</shipping-lineitems>
		<shipments>
			<shipment shipment-id="00034009">
				<status>
					<shipping-status>NOT_SHIPPED</shipping-status>
				</status>
				<shipping-method>SG-express-shipping</shipping-method>
				<shipping-address>
					<first-name>XML</first-name>
					<last-name>Test</last-name>
					<address1>Test Drive</address1>
					<city>Fun City</city>
					<postal-code>123456</postal-code>
					<country-code>SG</country-code>
					<phone>9999999999</phone>
					<custom-attributes>
						<custom-attribute attribute-id="validationStatus">Invalid</custom-attribute>
					</custom-attributes>
				</shipping-address>
				<gift>false</gift>
				<totals>
					<merchandize-total>
						<net-price>575.00</net-price>
						<tax>40.25</tax>
						<gross-price>615.25</gross-price>
					</merchandize-total>
					<adjusted-merchandize-total>
						<net-price>575.00</net-price>
						<tax>40.25</tax>
						<gross-price>615.25</gross-price>
					</adjusted-merchandize-total>
					<shipping-total>
						<net-price>0.00</net-price>
						<tax>0.00</tax>
						<gross-price>0.00</gross-price>
					</shipping-total>
					<adjusted-shipping-total>
						<net-price>0.00</net-price>
						<tax>0.00</tax>
						<gross-price>0.00</gross-price>
					</adjusted-shipping-total>
					<shipment-total>
						<net-price>575.00</net-price>
						<tax>40.25</tax>
						<gross-price>615.25</gross-price>
					</shipment-total>
				</totals>
			</shipment>
		</shipments>
		<totals>
			<merchandize-total>
				<net-price>575.00</net-price>
				<tax>40.25</tax>
				<gross-price>615.25</gross-price>
			</merchandize-total>
			<adjusted-merchandize-total>
				<net-price>575.00</net-price>
				<tax>40.25</tax>
				<gross-price>615.25</gross-price>
			</adjusted-merchandize-total>
			<shipping-total>
				<net-price>0.00</net-price>
				<tax>0.00</tax>
				<gross-price>0.00</gross-price>
			</shipping-total>
			<adjusted-shipping-total>
				<net-price>0.00</net-price>
				<tax>0.00</tax>
				<gross-price>0.00</gross-price>
			</adjusted-shipping-total>
			<order-total>
				<net-price>575.00</net-price>
				<tax>40.25</tax>
				<gross-price>615.25</gross-price>
			</order-total>
		</totals>
		<payments>
			<payment>
				<custom-method>
					<method-name>Adyen</method-name>
				</custom-method>
				<amount>615.25</amount>
				<processor-id>Adyen</processor-id>
			</payment>
		</payments>
		<notes>
			<note>
				<created-by>storefront</created-by>
				<creation-date>2015-08-14T01:48:58.261Z</creation-date>
				<subject>Adyen Payment Notification</subject>
				<text>AdyenNotification v 4d - Payment info (Called from : 91.212.42.11)
================================================================
reason : 70460:1111:6/2016
eventDate : 2015-08-14T01:48:57.68Z
merchantReference : DV008113
currency : SGD
pspReference : 8814395169374075
merchantAccountCode : SPEC_UA_SG
eventCode : AUTHORISATION
value : 61525
operations : CANCEL,CAPTURE,REFUND
success : true
paymentMethod : visa
live : false</text>
			</note>
			<note>
				<created-by>storefront</created-by>
				<creation-date>2015-08-14T01:48:59.316Z</creation-date>
				<subject>Adyen Payment Completion</subject>
				<text>Auth Result:AUTHORISED</text>
			</note>
			<note>
				<created-by>storefront</created-by>
				<creation-date>2015-08-14T01:51:33.609Z</creation-date>
				<subject>Adyen Payment Notification</subject>
				<text>AdyenNotification v 4d - Payment info (Called from : 91.212.42.11)
================================================================
reason : 70460:1111:6/2016
eventDate : 2015-08-14T01:51:14.12Z
merchantReference : DV008113
currency : SGD
pspReference : 8814395169374075
merchantAccountCode : SPEC_UA_SG
eventCode : AUTHORISATION
value : 61525
operations : CANCEL,CAPTURE,REFUND
success : true
paymentMethod : visa
live : false</text>
			</note>
		</notes>
		<custom-attributes>
			<custom-attribute attribute-id="Adyen_eventCode">AUTHORISATION</custom-attribute>
			<custom-attribute attribute-id="Adyen_paymentMethod">visa</custom-attribute>
			<custom-attribute attribute-id="Adyen_pspReference">8814395169374075</custom-attribute>
			<custom-attribute attribute-id="Adyen_value">61525</custom-attribute>
			<custom-attribute attribute-id="customerCountry">SG</custom-attribute>
			<custom-attribute attribute-id="customerLocale">en_SG</custom-attribute>
		</custom-attributes>
	</order>

	<order order-no="DV008115">
		<order-date>2015-08-14T02:01:01.053Z</order-date>
		<created-by>storefront</created-by>
		<original-order-no>DV008115</original-order-no>
		<currency>PHP</currency>
		<customer-locale>en_PH</customer-locale>
		<taxation>gross</taxation>
		<invoice-no>00047004</invoice-no>
		<customer>
			<customer-no>00090562</customer-no>
			<customer-name>XML Test</customer-name>
			<customer-email>uaintlecomm@gmail.com</customer-email>
			<billing-address>
				<first-name>XML</first-name>
				<last-name>Test</last-name>
				<address1>123 Drive</address1>
				<city>XYZ</city>
				<postal-code>4455</postal-code>
				<country-code>PH</country-code>
				<phone>1234234</phone>
			</billing-address>
		</customer>
		<status>
			<order-status>NEW</order-status>
			<shipping-status>NOT_SHIPPED</shipping-status>
			<confirmation-status>NOT_CONFIRMED</confirmation-status>
			<payment-status>PAID</payment-status>
		</status>
		<current-order-no>DV008115</current-order-no>
		<product-lineitems>
			<product-lineitem>
				<net-price>8558.04</net-price>
				<tax>1026.96</tax>
				<gross-price>9585.00</gross-price>
				<base-price>3195.00</base-price>
				<lineitem-text>Men's UA Reflex Warm-Up Jacket</lineitem-text>
				<tax-basis>9585.00</tax-basis>
				<position>1</position>
				<product-id>887162737292</product-id>
				<product-name>Men's UA Reflex Warm-Up Jacket</product-name>
				<quantity unit="1">3.0</quantity>
				<tax-rate>0.12</tax-rate>
				<shipment-id>00034010</shipment-id>
				<gift>false</gift>
				<custom-attributes>
					<custom-attribute attribute-id="proratedOrderLevelDiscount">0.0</custom-attribute>
					<custom-attribute attribute-id="sku">1239476-002-MD</custom-attribute>
				</custom-attributes>
			</product-lineitem>
			<product-lineitem>
				<net-price>5348.21</net-price>
				<tax>641.79</tax>
				<gross-price>5990.00</gross-price>
				<base-price>2995.00</base-price>
				<lineitem-text>Women's UA Studio City Hopper Capri</lineitem-text>
				<tax-basis>5990.00</tax-basis>
				<position>2</position>
				<product-id>888284898069</product-id>
				<product-name>Women's UA Studio City Hopper Capri</product-name>
				<quantity unit="1">2.0</quantity>
				<tax-rate>0.12</tax-rate>
				<shipment-id>00034010</shipment-id>
				<gift>false</gift>
				<custom-attributes>
					<custom-attribute attribute-id="proratedOrderLevelDiscount">0.0</custom-attribute>
					<custom-attribute attribute-id="sku">1254066-016-MD</custom-attribute>
				</custom-attributes>
			</product-lineitem>
		</product-lineitems>
		<shipping-lineitems>
			<shipping-lineitem>
				<net-price>0.00</net-price>
				<tax>0.00</tax>
				<gross-price>0.00</gross-price>
				<base-price>0.00</base-price>
				<lineitem-text>Shipping</lineitem-text>
				<tax-basis>0.00</tax-basis>
				<item-id>STANDARD_SHIPPING</item-id>
				<shipment-id>00034010</shipment-id>
				<tax-rate>0.12</tax-rate>
			</shipping-lineitem>
		</shipping-lineitems>
		<shipments>
			<shipment shipment-id="00034010">
				<status>
					<shipping-status>NOT_SHIPPED</shipping-status>
				</status>
				<shipping-method>PH-standard-shipping</shipping-method>
				<shipping-address>
					<first-name>XML</first-name>
					<last-name>Test</last-name>
					<address1>123 Drive</address1>
					<city>XYZ</city>
					<postal-code>4455</postal-code>
					<country-code>PH</country-code>
					<phone>1234234</phone>
					<custom-attributes>
						<custom-attribute attribute-id="validationStatus">Invalid</custom-attribute>
					</custom-attributes>
				</shipping-address>
				<gift>false</gift>
				<totals>
					<merchandize-total>
						<net-price>13906.25</net-price>
						<tax>1668.75</tax>
						<gross-price>15575.00</gross-price>
					</merchandize-total>
					<adjusted-merchandize-total>
						<net-price>13906.25</net-price>
						<tax>1668.75</tax>
						<gross-price>15575.00</gross-price>
					</adjusted-merchandize-total>
					<shipping-total>
						<net-price>0.00</net-price>
						<tax>0.00</tax>
						<gross-price>0.00</gross-price>
					</shipping-total>
					<adjusted-shipping-total>
						<net-price>0.00</net-price>
						<tax>0.00</tax>
						<gross-price>0.00</gross-price>
					</adjusted-shipping-total>
					<shipment-total>
						<net-price>13906.25</net-price>
						<tax>1668.75</tax>
						<gross-price>15575.00</gross-price>
					</shipment-total>
				</totals>
			</shipment>
		</shipments>
		<totals>
			<merchandize-total>
				<net-price>13906.25</net-price>
				<tax>1668.75</tax>
				<gross-price>15575.00</gross-price>
			</merchandize-total>
			<adjusted-merchandize-total>
				<net-price>13906.25</net-price>
				<tax>1668.75</tax>
				<gross-price>15575.00</gross-price>
			</adjusted-merchandize-total>
			<shipping-total>
				<net-price>0.00</net-price>
				<tax>0.00</tax>
				<gross-price>0.00</gross-price>
			</shipping-total>
			<adjusted-shipping-total>
				<net-price>0.00</net-price>
				<tax>0.00</tax>
				<gross-price>0.00</gross-price>
			</adjusted-shipping-total>
			<order-total>
				<net-price>13906.25</net-price>
				<tax>1668.75</tax>
				<gross-price>15575.00</gross-price>
			</order-total>
		</totals>
		<payments>
			<payment>
				<custom-method>
					<method-name>Adyen</method-name>
				</custom-method>
				<amount>15575.00</amount>
				<processor-id>Adyen</processor-id>
			</payment>
		</payments>
		<notes>
			<note>
				<created-by>storefront</created-by>
				<creation-date>2015-08-14T02:01:27.126Z</creation-date>
				<subject>Adyen Payment Notification</subject>
				<text>AdyenNotification v 4d - Payment info (Called from : 91.212.42.11)
================================================================
reason : 82768:1111:6/2016
eventDate : 2015-08-14T02:01:26.73Z
merchantReference : DV008115
currency : PHP
pspReference : 8814395176869489
merchantAccountCode : SPEC_UA_PH
eventCode : AUTHORISATION
value : 1557500
operations : CANCEL,CAPTURE,REFUND
success : true
paymentMethod : visa
live : false</text>
			</note>
			<note>
				<created-by>storefront</created-by>
				<creation-date>2015-08-14T02:01:28.227Z</creation-date>
				<subject>Adyen Payment Completion</subject>
				<text>Auth Result:AUTHORISED</text>
			</note>
			<note>
				<created-by>storefront</created-by>
				<creation-date>2015-08-14T02:01:41.245Z</creation-date>
				<subject>Adyen Payment Notification</subject>
				<text>AdyenNotification v 4d - Payment info (Called from : 91.212.42.11)
================================================================
reason : 82768:1111:6/2016
eventDate : 2015-08-14T02:01:30.02Z
merchantReference : DV008115
currency : PHP
pspReference : 8814395176869489
merchantAccountCode : SPEC_UA_PH
eventCode : AUTHORISATION
value : 1557500
operations : CANCEL,CAPTURE,REFUND
success : true
paymentMethod : visa
live : false</text>
			</note>
		</notes>
		<custom-attributes>
			<custom-attribute attribute-id="Adyen_eventCode">AUTHORISATION</custom-attribute>
			<custom-attribute attribute-id="Adyen_paymentMethod">visa</custom-attribute>
			<custom-attribute attribute-id="Adyen_pspReference">8814395176869489</custom-attribute>
			<custom-attribute attribute-id="Adyen_value">1557500</custom-attribute>
			<custom-attribute attribute-id="customerCountry">PH</custom-attribute>
			<custom-attribute attribute-id="customerLocale">en_PH</custom-attribute>
		</custom-attributes>
	</order>

	<order order-no="DV008109">
		<order-date>2015-08-13T09:26:20.000Z</order-date>
		<created-by>storefront</created-by>
		<original-order-no>DV008109</original-order-no>
		<currency>SGD</currency>
		<customer-locale>en_SG</customer-locale>
		<taxation>gross</taxation>
		<invoice-no>00047002</invoice-no>
		<customer>
			<customer-no>00075542</customer-no>
			<customer-name>First name Last name</customer-name>
			<customer-email>k.tkachova@astoundcommerce.com</customer-email>
			<billing-address>
				<first-name>Name</first-name>
				<last-name>Last name</last-name>
				<address1>Address1</address1>
				<address2>Address2</address2>
				<city>City sg</city>
				<postal-code>123457</postal-code>
				<country-code>SG</country-code>
				<phone>1112122222</phone>
			</billing-address>
		</customer>
		<status>
			<order-status>NEW</order-status>
			<shipping-status>NOT_SHIPPED</shipping-status>
			<confirmation-status>NOT_CONFIRMED</confirmation-status>
			<payment-status>PAID</payment-status>
		</status>
		<current-order-no>DV008109</current-order-no>
		<product-lineitems>
			<product-lineitem>
				<net-price>129.91</net-price>
				<tax>9.09</tax>
				<gross-price>139.00</gross-price>
				<base-price>139.00</base-price>
				<lineitem-text>Men's UA Micro G® Elevate Training Shoes</lineitem-text>
				<tax-basis>139.00</tax-basis>
				<position>1</position>
				<product-id>888376113933</product-id>
				<product-name>Men's UA Micro G® Elevate Training Shoes</product-name>
				<quantity unit="1">1.0</quantity>
				<tax-rate>0.07</tax-rate>
				<shipment-id>00034008</shipment-id>
				<gift>false</gift>
				<custom-attributes>
					<custom-attribute attribute-id="proratedOrderLevelDiscount">0.0</custom-attribute>
					<custom-attribute attribute-id="sku">1249553-810-8</custom-attribute>
				</custom-attributes>
			</product-lineitem>
		</product-lineitems>
		<shipping-lineitems>
			<shipping-lineitem>
				<net-price>0.00</net-price>
				<tax>0.00</tax>
				<gross-price>0.00</gross-price>
				<base-price>0.00</base-price>
				<lineitem-text>Shipping</lineitem-text>
				<tax-basis>0.00</tax-basis>
				<item-id>STANDARD_SHIPPING</item-id>
				<shipment-id>00034008</shipment-id>
				<tax-rate>0.07</tax-rate>
			</shipping-lineitem>
		</shipping-lineitems>
		<shipments>
			<shipment shipment-id="00034008">
				<status>
					<shipping-status>NOT_SHIPPED</shipping-status>
				</status>
				<shipping-method>SG-express-shipping</shipping-method>
				<shipping-address>
					<first-name>Name</first-name>
					<last-name>Last name</last-name>
					<address1>Address1</address1>
					<address2>Address2</address2>
					<city>City sg</city>
					<postal-code>123457</postal-code>
					<country-code>SG</country-code>
					<phone>1112122222</phone>
					<custom-attributes>
						<custom-attribute attribute-id="validationStatus">Invalid</custom-attribute>
					</custom-attributes>
				</shipping-address>
				<gift>false</gift>
				<totals>
					<merchandize-total>
						<net-price>129.91</net-price>
						<tax>9.09</tax>
						<gross-price>139.00</gross-price>
					</merchandize-total>
					<adjusted-merchandize-total>
						<net-price>129.91</net-price>
						<tax>9.09</tax>
						<gross-price>139.00</gross-price>
					</adjusted-merchandize-total>
					<shipping-total>
						<net-price>0.00</net-price>
						<tax>0.00</tax>
						<gross-price>0.00</gross-price>
					</shipping-total>
					<adjusted-shipping-total>
						<net-price>0.00</net-price>
						<tax>0.00</tax>
						<gross-price>0.00</gross-price>
					</adjusted-shipping-total>
					<shipment-total>
						<net-price>129.91</net-price>
						<tax>9.09</tax>
						<gross-price>139.00</gross-price>
					</shipment-total>
				</totals>
			</shipment>
		</shipments>
		<totals>
			<merchandize-total>
				<net-price>129.91</net-price>
				<tax>9.09</tax>
				<gross-price>139.00</gross-price>
			</merchandize-total>
			<adjusted-merchandize-total>
				<net-price>129.91</net-price>
				<tax>9.09</tax>
				<gross-price>139.00</gross-price>
			</adjusted-merchandize-total>
			<shipping-total>
				<net-price>0.00</net-price>
				<tax>0.00</tax>
				<gross-price>0.00</gross-price>
			</shipping-total>
			<adjusted-shipping-total>
				<net-price>0.00</net-price>
				<tax>0.00</tax>
				<gross-price>0.00</gross-price>
			</adjusted-shipping-total>
			<order-total>
				<net-price>129.91</net-price>
				<tax>9.09</tax>
				<gross-price>139.00</gross-price>
			</order-total>
		</totals>
		<payments>
			<payment>
				<custom-method>
					<method-name>Adyen</method-name>
				</custom-method>
				<amount>139.00</amount>
				<processor-id>Adyen</processor-id>
			</payment>
		</payments>
		<notes>
			<note>
				<created-by>storefront</created-by>
				<creation-date>2015-08-13T09:26:29.000Z</creation-date>
				<subject>Adyen Payment Completion</subject>
				<text>Auth Result:AUTHORISED</text>
			</note>
			<note>
				<created-by>storefront</created-by>
				<creation-date>2015-08-13T09:26:29.000Z</creation-date>
				<subject>Adyen Payment Notification</subject>
				<text>AdyenNotification v 4d - Payment info (Called from : 82.199.90.163)
================================================================
reason : 31649:1111:6/2016
eventDate : 2015-08-13T09:26:29.21Z
merchantReference : DV008109
currency : SGD
pspReference : 8614394579899906
merchantAccountCode : SPEC_UA_SG
eventCode : AUTHORISATION
value : 13900
operations : CANCEL,CAPTURE,REFUND
success : true
paymentMethod : visa
live : false</text>
			</note>
			<note>
				<created-by>storefront</created-by>
				<creation-date>2015-08-13T09:26:48.000Z</creation-date>
				<subject>Adyen Payment Notification</subject>
				<text>AdyenNotification v 4d - Payment info (Called from : 91.212.42.11)
================================================================
reason : 31649:1111:6/2016
eventDate : 2015-08-13T09:26:35.93Z
merchantReference : DV008109
currency : SGD
pspReference : 8614394579899906
merchantAccountCode : SPEC_UA_SG
eventCode : AUTHORISATION
value : 13900
operations : CANCEL,CAPTURE,REFUND
success : true
paymentMethod : visa
live : false</text>
			</note>
		</notes>
		<custom-attributes>
			<custom-attribute attribute-id="Adyen_eventCode">AUTHORISATION</custom-attribute>
			<custom-attribute attribute-id="Adyen_paymentMethod">visa</custom-attribute>
			<custom-attribute attribute-id="Adyen_pspReference">8614394579899906</custom-attribute>
			<custom-attribute attribute-id="Adyen_value">13900</custom-attribute>
			<custom-attribute attribute-id="customerCountry">SG</custom-attribute>
			<custom-attribute attribute-id="customerLocale">en_SG</custom-attribute>
		</custom-attributes>
	</order>

</orders>
