<?xml version="1.0" encoding="UTF-8"?>
<Request>
    <TransId>0000006661</TransId>
    <AccountId>11388</AccountId>
    <ReceiveInfo>
        <PlantId>1162</PlantId>
        <ExternDocId>794</ExternDocId>
        <EcomReceiveId>RVSG000000331</EcomReceiveId>
        <EcomOrderId>VANSSG1000001243</EcomOrderId>
        <CompletedDate>20200819113511</CompletedDate>
        <CarrierName>FEDEX</CarrierName>
        <TrackingNo>794</TrackingNo>
        <FinalFlag>1</FinalFlag>
        <TotalLines>2</TotalLines>
        <CurrReq>2</CurrReq>
        <TotalLeft>0</TotalLeft>
        <ReceiveDetailInfo>
            <ItemInfo>
                <ReceiveItemLine>2737</ReceiveItemLine>
                <ItemId>VN000D3HY28105500M</ItemId>
                <ItemQty>1</ItemQty>
                <ReceivedQty>1</ReceivedQty>
                <ItemStatus>UR</ItemStatus>
                <UserDefines />
            </ItemInfo>
             <ItemInfo>
                <ReceiveItemLine>2739</ReceiveItemLine>
                <ItemId>VN000D3HY28105000M</ItemId>
                <ItemQty>1</ItemQty>
                <ReceivedQty>1</ReceivedQty>
                <ItemStatus>UR</ItemStatus>
                <UserDefines />
            </ItemInfo>
        </ReceiveDetailInfo>
    </ReceiveInfo>
</Request>