{
   "estimated_shipping_fee":"1.49",
   "order_flag":"fulfilled_by_local_seller",
   "payment_method":"Cybersource (new)",
   "update_time":1613455100,
   "message_to_seller":"",
   "shipping_carrier":"Ninja Van (Home Delivery)",
   "currency":"SGD",
   "create_time":1613368701,
   "pay_time":null,
   "note":"",
   "credit_card_number":"",
   "days_to_ship":2,
   "is_split_up":false,
   "ship_by_date":0,
   "escrow_tax":"0.00",
   "tracking_no":"",
   "order_status":"CANCELLED",
   "note_update_time":0,
   "fm_tn":"",
   "dropshipper_phone":"",
   "cancel_reason":"Unpaid Order",
   "checkout_shipping_carrier":"",
   "recipient_address":{
      "town":"",
      "city":"",
      "name":"Min Min",
      "district":"",
      "country":"SG",
      "zipcode":"753354",
      "full_address":"BLOCK 354C, ADMIRALTY DRIVE, #04-232 , SG, 753354",
      "phone":"6592286003",
      "state":""
   },
   "cancel_by":"system",
   "escrow_amount":"117.72",
   "buyer_cancel_reason":"",
   "goods_to_declare":false,
   "lm_tn":"",
   "total_amount":"127.25",
   "service_code":"",
   "items":[
      {
         "group_id":0,
         "weight":0.25,
         "item_name":"[Bundle of 3] BRAND'S\u00ae Pre+Probiotics 30 Sachets",
         "is_wholesale":false,
         "promotion_type":"",
         "item_sku":"14006118",
         "variation_discounted_price":"127.25",
         "variation_id":0,
         "variation_name":"",
         "is_set_item":false,
         "is_add_on_deal":false,
         "item_id":3546128224,
         "promotion_id":0,
         "add_on_deal_id":0,
         "variation_quantity_purchased":1,
         "variation_sku":"",
         "variation_original_price":"149.70",
         "is_main_item":false,
         "order_item_id":3546128224
      }
   ],
   "actual_shipping_cost":"",
   "cod":false,
   "country":"SG",
   "ordersn":"2102151Y7JS0WF",
   "dropshipper":"",
   "is_actual_shipping_fee_confirmed":false,
   "buyer_username":"minsquarezz"
}