<?xml version="1.0" encoding="UTF-8" ?><Request>
    <TransId>0000005558</TransId>
    <AccountId>11388</AccountId>
    <SyncInfo>
        <PlantId>1162</PlantId>
        <ToPlantId></ToPlantId>
        <SyncDocId>0000065531</SyncDocId>
        <SyncType>ADJ</SyncType>
        <ReasonCode>Y9</ReasonCode>
        <CompletedDate>20181015163805</CompletedDate>
        <FinalFlag>1</FinalFlag>
        <TotalLines>1</TotalLines>
        <CurrReq>1</CurrReq>
        <TotalLeft>0</TotalLeft>
        <SyncDetailInfo>
            <ItemInfo>
                <SyncItemLine>00001</SyncItemLine>
                <ItemId>VFSPTEST1</ItemId>
                <ItemQty>-2</ItemQty>
                <ItemStatus>UR</ItemStatus>
            </ItemInfo>
            <ItemInfo>
                <SyncItemLine>000020</SyncItemLine>
                <ItemId>VFSPTEST5</ItemId>
                <ItemQty>5</ItemQty>
                <ItemStatus>UR</ItemStatus>
            </ItemInfo>
        </SyncDetailInfo>
    </SyncInfo>
</Request>