[
  {
    "deliveryNoteNumber": "0081931380",
    "deliveryDate": "2018-12-21",
    "replenishmentFlag": 0,
    "inventoryType": 0,
    "deliveryRemarks": "This is a replenishment",
    "sendingStoreCode": "STB009",
    "receivingStoreCode": "006091",
    "numberOfDeliveryItems": "3",
    "numberOfCartons": "3",
    "deliveryItems": [
      {
        "deliveryLineNumber": "58",
        "cartonNumber": "58",
        "sku": "VN00018T6BT102000M",
        "upc": "",
        "quantity": "1"
      },
      {
        "deliveryLineNumber": "59",
        "cartonNumber": "59",
        "sku": "VN00018T6BT101500M",
        "upc": "",
        "quantity": "1"
      },
      {
        "deliveryLineNumber": "60",
        "cartonNumber": "60",
        "sku": "VN00018T6BT101000M",
        "upc": "",
        "quantity": "0"
      }
    ]
  }
]