{
    "Uniqlo-SG": {
        "SG": {
            "clientCode": "UQS",
            "warehouseCode": "QSSGDF",
            "carrierCode": "EZY2SHIP2",
            "carrierMode": "IWCNDD",
            "serviceLevel": "IWCNDD",
            "exchangeRate": 1,
            "originContextId": 15201,
            "isIncludeShipmentFeeInFreightCost": 0,
            "isRemoveHyphen": true,
            "AddressWaterfall.Keywords": ["POPStation"],
            "AddressWaterfall.CharacterPerLine": 30
        },
        "clickncollect": {
            "clientCode": "UQS",
            "warehouseCode": "QSSGDF",
            "carrierCode": "CLICKNCOLLECT",
            "carrierMode": "STANDARD",
            "serviceLevel": "STANDARD",
            "exchangeRate": 1,
            "originContextId": 15201,
            "isIncludeShipmentFeeInFreightCost": 0
        },
        "collectco": {
            "clientCode": "UQS",
            "warehouseCode": "QSSGDF",
            "carrierCode": "COLLECTCO",
            "carrierMode": "STANDARD",
            "serviceLevel": "STANDARD",
            "exchangeRate": 1,
            "originContextId": 15201,
            "isIncludeShipmentFeeInFreightCost": 0
        },
        "giftService": {
            "giftSku": "8000000000023",
            "giftCardName": "Gift Card",
            "giftCardDescription": "Item is Gift Card",
            "oneSizeBoxMapping": {
                "S": "3",
                "M": "5",
                "L": "8"
            },
            "sizeIndentifier": {
                "shirt": "2",
                "Camisole": "1",
                "Sleeveless Top": "1",
                "Neck T": "1",
                "Tank Top": "1",
                "Pants": "3",
                "Trunks": "1",
                "WOMEN Bra Sleeveless Top": "1",
                "Briefs": "1",
                "Jeans": "2",
                "Chino Shorts": "2",
                "Jacket": "3",
                "2 Pack": "2",
                "3 Pack": "3",
                "Briefs": "1",
                "Shortall": "1",
                "Leggings": "1",
                "Sweater": "2",
                "Raglan": "1",
                "Cap": "1",
                "Shoes": "3",
                "Cardigan": "1",
                "Hoodie": "2",
                "Vest": "1",
                "Parka": "4",
                "Belt": "1",
                "Coat": "4",
                "Dress": "2",
                "Socks": "1",
                "Long Johns": "2",
                "Gloves": "1",
                "Top": "1",
                "Blouse": "1",
                "Bandana": "1",
                "Stole": "1",
                "Skirt": "1",
                "Pullover": "3",
                "Blouson": "1",
                "Hat": "1",
                "Blazer": "4",
                "Tunic": "1",
                "Bikini": "1",
                "Beanie": "1",
                "Beret": "1",
                "Bag": "4"                
            }
        }
    }
}
