{
    "clientCode": "HCZ",
    "warehouseCode": "QSHKKT",
    "carrier": "",
    "shippingMethod": "",
    "serviceLevel": "",
    "exchangeRate": 1,
    "originContextId": 15700,
    "isIncludeShipmentFeeInFreightCost": 0,
    "order_status_process": [
        "pending",
        "open",
        "Shipped",
        "Ready to Ship"
    ],
    "source.channel.mapping": {
        "Zalora Singapore": "ZALSG-",
        "Zalora Taiwan": "ZALTW-",
        "Zalora Hong Kong": "ZALHK-",
        "Lazada Malaysia": "LAZMY-",
        "Lazada Singapore": "LAZSG-",
        "LAZADA_SG": "LAZSG-",
        "Shopee Malaysia": "SHPMY-",
        "Shopee Singapore": "SHPSG-",
        "SHOPEE_SG": "SHPSG-",
        "Shopee Taiwan": "SHPTW-",
        "Reebonz Singapore": "RBZSG-",
        "Reebonz Malaysia": "RBZMY-",
        "Reebonz Taiwan": "RBZTW-",
        "Reebonz Hong Kong": "RBZHK-",
        "Reebonz Australia": "RBZAU-",
        "Reebonz South Korea": "RBZKR-",
        "Rakuten Taiwan": "RAKTW-",
        "Rakuten Japan": "RAKJP-",
        "Rakuten Hong Kong": "RAKHK-",
        "Qoo10 Singapore": "QOOSG-",
        "Qoo10 Malaysia": "QOOMY-",
        "Qoo10 Hong Kong": "QOOHK-",
        "Qoo10 Japan": "QOOJP-"
    }
}