{
    "Uniqlo-MY": {
        "MY": {
            "clientCode": "UQM",
            "warehouseCode": "QSMYSA",
            "carrierCode": "EZY2SHIP",
            "carrierMode": "WWXEXA",
            "serviceLevel": "WWXEXA",
            "exchangeRate": 1,
            "isIncludeShipmentFeeInFreightCost": false,
            "isRemoveHyphen": true
        },
        "collectco": {
            "clientCode": "clientCode-C0",
            "warehouseCode": "warehouseCode-CO",
            "carrierCode": "warehouseCode-C0",
            "carrierMode": "carrierMode-CO",
            "serviceLevel": "serviceLevel-CO"
        },
        "clickncollect": {
            "clientCode": "clientCode-CnC",
            "warehouseCode": "warehouseCode-CnC",
            "carrierCode": "warehouseCode-CnC",
            "carrierMode": "carrierMode-CnC",
            "serviceLevel": "serviceLevel-CnC"
        }
    }
}