{
	"Uniqlo-SG": {
		"SG": {
			"clientCode": "UQS",
			"warehouseCode": "QSSGDF",
			"carrier": "EZY2SHI",
			"shippingMethod": "IWCNDD",
			"serviceLevel": "IWCNDD",
			"exchangeRate": 1,
			"isIncludeShipmentFeeInFreightCost": 0,
			"isRemoveHyphen": 1
		}
	},
	"Uniqlo-MY": {
		"MY": {
			"clientCode": "UQM",
			"warehouseCode": "QSMYSA",
			"carrier": "EZY2SHIP",
			"shippingMethod": "WWXEXA",
			"serviceLevel": "WWXEXA",
			"exchangeRate": 1,
			"isIncludeShipmentFeeInFreightCost": 0
		}
	},
	"Uniqlo": {
		"AU": {
			"clientCode": "UQO",
			"warehouseCode": "QSAUSF",
			"carrier": "WWXEXA",
			"shippingMethod": "",
			"serviceLevel": "",
			"exchangeRate": 1,
			"originContextId": 15700,
			"isIncludeShipmentFeeInFreightCost": 0
		}
	}
}