{
    "source.s3.accessKey": "AKIAJ7RJM7SPVODLYXVQ",
    "source.s3.secretKey": "",
    "source.s3.bucket": "spcommerce-uat",
    "source.s3.region": "ap-southeast-1",
    "source.s3.version": "2006-03-01",
    "source.s3.path": "debug/test-data",
    "source.s3.filePattern": "*004025*",
    "source.s3.isDeleteAfterDownload": false,
    "source.s3.isBackupAfterDownload": true,
    "backup.s3.accessKey": "AKIAJ7RJM7SPVODLYXVQ",
    "backup.s3.secretKey": "",
    "backup.s3.bucket": "spcommerce-uat",
    "backup.s3.region": "ap-southeast-1",
    "backup.s3.version": "2006-03-01",
    "backup.s3.path": "debug/test-data/backup"
}